run_idx,video_id,label,input_start_frame,input_end_frame,target_frame,window_len,window_size,window_stride,frame_skip_step
0,MVN-J-Boning-64-001,4,0,174,175,59,60,30,3
1,MVN-J-Boning-64-001,0,177,295,296,60,60,30,2
1,MVN-J-Boning-64-001,0,237,355,356,60,60,30,2
1,MVN-J-Boning-64-001,0,357,407,408,26,60,30,2
2,MVN-J-Boning-64-001,4,409,586,587,60,60,30,3
2,MVN-J-Boning-64-001,4,589,589,590,1,60,30,3
3,MVN-J-Boning-64-001,2,591,709,710,60,60,30,2
3,MVN-J-Boning-64-001,2,651,769,770,60,60,30,2
3,MVN-J-Boning-64-001,2,711,829,830,60,60,30,2
3,MVN-J-Boning-64-001,2,771,889,890,60,60,30,2
3,MVN-J-Boning-64-001,2,891,895,896,3,60,30,2
4,MVN-J-Boning-64-001,3,897,1015,1016,60,60,30,2
4,MVN-J-Boning-64-001,3,1017,1041,1042,13,60,30,2
5,MVN-J-Boning-64-001,4,1042,1219,1220,60,60,30,3
5,MVN-J-Boning-64-001,4,1132,1309,1310,60,60,30,3
5,MVN-J-Boning-64-001,4,1222,1399,1400,60,60,30,3
5,MVN-J-Boning-64-001,4,1402,1462,1463,21,60,30,3
6,MVN-J-Boning-64-001,2,1463,1581,1582,60,60,30,2
6,MVN-J-Boning-64-001,2,1523,1641,1642,60,60,30,2
6,MVN-J-Boning-64-001,2,1583,1701,1702,60,60,30,2
6,MVN-J-Boning-64-001,2,1643,1761,1762,60,60,30,2
6,MVN-J-Boning-64-001,2,1703,1821,1822,60,60,30,2
6,MVN-J-Boning-64-001,2,1763,1881,1882,60,60,30,2
6,MVN-J-Boning-64-001,2,1823,1941,1942,60,60,30,2
6,MVN-J-Boning-64-001,2,1883,2001,2002,60,60,30,2
6,MVN-J-Boning-64-001,2,1943,2061,2062,60,60,30,2
6,MVN-J-Boning-64-001,2,2003,2121,2122,60,60,30,2
6,MVN-J-Boning-64-001,2,2123,2147,2148,13,60,30,2
7,MVN-J-Boning-64-001,3,2148,2214,2215,34,60,30,2
8,MVN-J-Boning-64-001,4,2216,2393,2394,60,60,30,3
8,MVN-J-Boning-64-001,4,2306,2483,2484,60,60,30,3
8,MVN-J-Boning-64-001,4,2486,2486,2487,1,60,30,3
9,MVN-J-Boning-64-001,0,2487,2605,2606,60,60,30,2
9,MVN-J-Boning-64-001,0,2607,2647,2648,21,60,30,2
10,MVN-J-Boning-64-001,3,2648,2712,2713,33,60,30,2
11,MVN-J-Boning-64-001,4,2714,2891,2892,60,60,30,3
11,MVN-J-Boning-64-001,4,2894,2954,2955,21,60,30,3
12,MVN-J-Boning-64-002,4,0,177,178,60,60,30,3
12,MVN-J-Boning-64-002,4,90,267,268,60,60,30,3
12,MVN-J-Boning-64-002,4,180,357,358,60,60,30,3
12,MVN-J-Boning-64-002,4,270,447,448,60,60,30,3
12,MVN-J-Boning-64-002,4,360,537,538,60,60,30,3
12,MVN-J-Boning-64-002,4,450,627,628,60,60,30,3
12,MVN-J-Boning-64-002,4,540,717,718,60,60,30,3
12,MVN-J-Boning-64-002,4,630,807,808,60,60,30,3
12,MVN-J-Boning-64-002,4,720,897,898,60,60,30,3
12,MVN-J-Boning-64-002,4,810,987,988,60,60,30,3
12,MVN-J-Boning-64-002,4,900,1077,1078,60,60,30,3
12,MVN-J-Boning-64-002,4,990,1167,1168,60,60,30,3
12,MVN-J-Boning-64-002,4,1080,1257,1258,60,60,30,3
12,MVN-J-Boning-64-002,4,1170,1347,1348,60,60,30,3
12,MVN-J-Boning-64-002,4,1260,1437,1438,60,60,30,3
12,MVN-J-Boning-64-002,4,1440,1452,1453,5,60,30,3
13,MVN-J-Boning-64-002,3,1453,1557,1558,53,60,30,2
14,MVN-J-Boning-64-002,4,1559,1580,1581,8,60,30,3
15,MVN-J-Boning-64-002,8,1582,1700,1701,60,60,20,2
15,MVN-J-Boning-64-002,8,1622,1740,1741,60,60,20,2
15,MVN-J-Boning-64-002,8,1662,1780,1781,60,60,20,2
15,MVN-J-Boning-64-002,8,1702,1820,1821,60,60,20,2
15,MVN-J-Boning-64-002,8,1742,1860,1861,60,60,20,2
15,MVN-J-Boning-64-002,8,1782,1900,1901,60,60,20,2
15,MVN-J-Boning-64-002,8,1822,1940,1941,60,60,20,2
15,MVN-J-Boning-64-002,8,1942,1944,1945,2,60,20,2
16,MVN-J-Boning-64-002,0,1945,2063,2064,60,60,30,2
16,MVN-J-Boning-64-002,0,2005,2123,2124,60,60,30,2
16,MVN-J-Boning-64-002,0,2065,2183,2184,60,60,30,2
16,MVN-J-Boning-64-002,0,2125,2243,2244,60,60,30,2
16,MVN-J-Boning-64-002,0,2185,2303,2304,60,60,30,2
16,MVN-J-Boning-64-002,0,2245,2363,2364,60,60,30,2
16,MVN-J-Boning-64-002,0,2365,2417,2418,27,60,30,2
17,MVN-J-Boning-64-002,1,2418,2536,2537,60,60,30,2
17,MVN-J-Boning-64-002,1,2478,2596,2597,60,60,30,2
17,MVN-J-Boning-64-002,1,2598,2634,2635,19,60,30,2
18,MVN-J-Boning-64-002,0,2636,2754,2755,60,60,30,2
18,MVN-J-Boning-64-002,0,2756,2804,2805,25,60,30,2
19,MVN-J-Boning-64-002,2,2805,2923,2924,60,60,30,2
19,MVN-J-Boning-64-002,2,2865,2983,2984,60,60,30,2
19,MVN-J-Boning-64-002,2,2925,3043,3044,60,60,30,2
19,MVN-J-Boning-64-002,2,2985,3103,3104,60,60,30,2
19,MVN-J-Boning-64-002,2,3045,3163,3164,60,60,30,2
19,MVN-J-Boning-64-002,2,3105,3223,3224,60,60,30,2
19,MVN-J-Boning-64-002,2,3165,3283,3284,60,60,30,2
19,MVN-J-Boning-64-002,2,3285,3293,3294,5,60,30,2
20,MVN-J-Boning-64-002,3,3295,3413,3414,60,60,30,2
20,MVN-J-Boning-64-002,3,3415,3437,3438,12,60,30,2
21,MVN-J-Boning-64-002,4,3438,3615,3616,60,60,30,3
21,MVN-J-Boning-64-002,4,3528,3705,3706,60,60,30,3
21,MVN-J-Boning-64-002,4,3618,3795,3796,60,60,30,3
21,MVN-J-Boning-64-002,4,3708,3885,3886,60,60,30,3
21,MVN-J-Boning-64-002,4,3798,3975,3976,60,60,30,3
21,MVN-J-Boning-64-002,4,3888,4065,4066,60,60,30,3
21,MVN-J-Boning-64-002,4,3978,4155,4156,60,60,30,3
21,MVN-J-Boning-64-002,4,4068,4245,4246,60,60,30,3
21,MVN-J-Boning-64-002,4,4158,4335,4336,60,60,30,3
21,MVN-J-Boning-64-002,4,4248,4425,4426,60,60,30,3
21,MVN-J-Boning-64-002,4,4338,4515,4516,60,60,30,3
21,MVN-J-Boning-64-002,4,4428,4605,4606,60,60,30,3
21,MVN-J-Boning-64-002,4,4518,4695,4696,60,60,30,3
21,MVN-J-Boning-64-002,4,4608,4785,4786,60,60,30,3
21,MVN-J-Boning-64-002,4,4698,4875,4876,60,60,30,3
21,MVN-J-Boning-64-002,4,4788,4965,4966,60,60,30,3
21,MVN-J-Boning-64-002,4,4878,5055,5056,60,60,30,3
21,MVN-J-Boning-64-002,4,4968,5145,5146,60,60,30,3
21,MVN-J-Boning-64-002,4,5058,5235,5236,60,60,30,3
21,MVN-J-Boning-64-002,4,5148,5325,5326,60,60,30,3
21,MVN-J-Boning-64-002,4,5328,5376,5377,17,60,30,3
22,MVN-J-Boning-64-002,3,5378,5400,5401,12,60,30,2
23,MVN-J-Boning-64-002,4,5402,5579,5580,60,60,30,3
23,MVN-J-Boning-64-002,4,5582,5615,5616,12,60,30,3
24,MVN-J-Boning-64-002,8,5616,5734,5735,60,60,20,2
24,MVN-J-Boning-64-002,8,5656,5774,5775,60,60,20,2
24,MVN-J-Boning-64-002,8,5696,5814,5815,60,60,20,2
24,MVN-J-Boning-64-002,8,5736,5854,5855,60,60,20,2
24,MVN-J-Boning-64-002,8,5856,5856,5857,1,60,20,2
25,MVN-J-Boning-64-002,2,5858,5976,5977,60,60,30,2
25,MVN-J-Boning-64-002,2,5918,6036,6037,60,60,30,2
25,MVN-J-Boning-64-002,2,5978,6096,6097,60,60,30,2
25,MVN-J-Boning-64-002,2,6038,6156,6157,60,60,30,2
25,MVN-J-Boning-64-002,2,6098,6216,6217,60,60,30,2
25,MVN-J-Boning-64-002,2,6158,6276,6277,60,60,30,2
25,MVN-J-Boning-64-002,2,6218,6336,6337,60,60,30,2
25,MVN-J-Boning-64-002,2,6278,6396,6397,60,60,30,2
25,MVN-J-Boning-64-002,2,6398,6408,6409,6,60,30,2
26,MVN-J-Boning-64-002,1,6409,6527,6528,60,60,30,2
26,MVN-J-Boning-64-002,1,6529,6529,6530,1,60,30,2
27,MVN-J-Boning-64-002,0,6531,6649,6650,60,60,30,2
27,MVN-J-Boning-64-002,0,6651,6695,6696,23,60,30,2
28,MVN-J-Boning-64-003,4,0,177,178,60,60,30,3
28,MVN-J-Boning-64-003,4,90,267,268,60,60,30,3
28,MVN-J-Boning-64-003,4,180,357,358,60,60,30,3
28,MVN-J-Boning-64-003,4,270,447,448,60,60,30,3
28,MVN-J-Boning-64-003,4,360,537,538,60,60,30,3
28,MVN-J-Boning-64-003,4,450,627,628,60,60,30,3
28,MVN-J-Boning-64-003,4,540,717,718,60,60,30,3
28,MVN-J-Boning-64-003,4,630,807,808,60,60,30,3
28,MVN-J-Boning-64-003,4,720,897,898,60,60,30,3
29,MVN-J-Boning-64-003,3,899,925,926,14,60,30,2
30,MVN-J-Boning-64-003,4,927,1014,1015,30,60,30,3
31,MVN-J-Boning-64-003,8,1015,1133,1134,60,60,20,2
31,MVN-J-Boning-64-003,8,1055,1173,1174,60,60,20,2
31,MVN-J-Boning-64-003,8,1175,1197,1198,12,60,20,2
32,MVN-J-Boning-64-003,0,1198,1316,1317,60,60,30,2
32,MVN-J-Boning-64-003,0,1258,1376,1377,60,60,30,2
32,MVN-J-Boning-64-003,0,1378,1408,1409,16,60,30,2
33,MVN-J-Boning-64-004,2,0,118,119,60,60,30,2
33,MVN-J-Boning-64-004,2,60,178,179,60,60,30,2
33,MVN-J-Boning-64-004,2,120,238,239,60,60,30,2
33,MVN-J-Boning-64-004,2,180,298,299,60,60,30,2
33,MVN-J-Boning-64-004,2,240,358,359,60,60,30,2
33,MVN-J-Boning-64-004,2,300,418,419,60,60,30,2
33,MVN-J-Boning-64-004,2,360,478,479,60,60,30,2
33,MVN-J-Boning-64-004,2,420,538,539,60,60,30,2
33,MVN-J-Boning-64-004,2,480,598,599,60,60,30,2
33,MVN-J-Boning-64-004,2,540,658,659,60,60,30,2
33,MVN-J-Boning-64-004,2,600,718,719,60,60,30,2
33,MVN-J-Boning-64-004,2,660,778,779,60,60,30,2
33,MVN-J-Boning-64-004,2,720,838,839,60,60,30,2
33,MVN-J-Boning-64-004,2,780,898,899,60,60,30,2
33,MVN-J-Boning-64-004,2,840,958,959,60,60,30,2
33,MVN-J-Boning-64-004,2,900,1018,1019,60,60,30,2
33,MVN-J-Boning-64-004,2,1020,1032,1033,7,60,30,2
34,MVN-J-Boning-64-004,0,1033,1071,1072,20,60,30,2
35,MVN-J-Boning-64-004,1,1072,1158,1159,44,60,30,2
36,MVN-J-Boning-64-004,0,1159,1277,1278,60,60,30,2
36,MVN-J-Boning-64-004,0,1219,1337,1338,60,60,30,2
36,MVN-J-Boning-64-004,0,1279,1397,1398,60,60,30,2
36,MVN-J-Boning-64-004,0,1339,1457,1458,60,60,30,2
36,MVN-J-Boning-64-004,0,1399,1517,1518,60,60,30,2
36,MVN-J-Boning-64-004,0,1459,1577,1578,60,60,30,2
36,MVN-J-Boning-64-004,0,1519,1637,1638,60,60,30,2
36,MVN-J-Boning-64-004,0,1579,1697,1698,60,60,30,2
36,MVN-J-Boning-64-004,0,1639,1757,1758,60,60,30,2
36,MVN-J-Boning-64-004,0,1699,1817,1818,60,60,30,2
36,MVN-J-Boning-64-004,0,1759,1877,1878,60,60,30,2
36,MVN-J-Boning-64-004,0,1819,1937,1938,60,60,30,2
36,MVN-J-Boning-64-004,0,1879,1997,1998,60,60,30,2
36,MVN-J-Boning-64-004,0,1939,2057,2058,60,60,30,2
36,MVN-J-Boning-64-004,0,1999,2117,2118,60,60,30,2
36,MVN-J-Boning-64-004,0,2059,2177,2178,60,60,30,2
36,MVN-J-Boning-64-004,0,2179,2181,2182,2,60,30,2
37,MVN-J-Boning-64-004,3,2182,2300,2301,60,60,30,2
37,MVN-J-Boning-64-004,3,2302,2350,2351,25,60,30,2
38,MVN-J-Boning-64-004,4,2352,2529,2530,60,60,30,3
38,MVN-J-Boning-64-004,4,2442,2619,2620,60,60,30,3
38,MVN-J-Boning-64-004,4,2532,2709,2710,60,60,30,3
38,MVN-J-Boning-64-004,4,2622,2799,2800,60,60,30,3
38,MVN-J-Boning-64-004,4,2712,2889,2890,60,60,30,3
38,MVN-J-Boning-64-004,4,2802,2979,2980,60,60,30,3
38,MVN-J-Boning-64-004,4,2892,3069,3070,60,60,30,3
38,MVN-J-Boning-64-004,4,2982,3159,3160,60,60,30,3
38,MVN-J-Boning-64-004,4,3072,3249,3250,60,60,30,3
38,MVN-J-Boning-64-004,4,3162,3339,3340,60,60,30,3
38,MVN-J-Boning-64-004,4,3252,3429,3430,60,60,30,3
38,MVN-J-Boning-64-004,4,3342,3519,3520,60,60,30,3
38,MVN-J-Boning-64-004,4,3432,3609,3610,60,60,30,3
38,MVN-J-Boning-64-004,4,3522,3699,3700,60,60,30,3
38,MVN-J-Boning-64-004,4,3612,3789,3790,60,60,30,3
38,MVN-J-Boning-64-004,4,3792,3825,3826,12,60,30,3
39,MVN-J-Boning-64-004,3,3828,3940,3941,57,60,30,2
40,MVN-J-Boning-64-004,4,3941,4118,4119,60,60,30,3
40,MVN-J-Boning-64-004,4,4031,4208,4209,60,60,30,3
40,MVN-J-Boning-64-004,4,4211,4211,4212,1,60,30,3
41,MVN-J-Boning-64-004,8,4214,4332,4333,60,60,20,2
41,MVN-J-Boning-64-004,8,4254,4372,4373,60,60,20,2
41,MVN-J-Boning-64-004,8,4294,4412,4413,60,60,20,2
41,MVN-J-Boning-64-004,8,4334,4452,4453,60,60,20,2
41,MVN-J-Boning-64-004,8,4374,4492,4493,60,60,20,2
41,MVN-J-Boning-64-004,8,4414,4532,4533,60,60,20,2
41,MVN-J-Boning-64-004,8,4454,4572,4573,60,60,20,2
41,MVN-J-Boning-64-004,8,4494,4612,4613,60,60,20,2
41,MVN-J-Boning-64-004,8,4534,4652,4653,60,60,20,2
41,MVN-J-Boning-64-004,8,4654,4674,4675,11,60,20,2
42,MVN-J-Boning-64-004,0,4676,4794,4795,60,60,30,2
42,MVN-J-Boning-64-004,0,4736,4854,4855,60,60,30,2
42,MVN-J-Boning-64-004,0,4796,4914,4915,60,60,30,2
42,MVN-J-Boning-64-004,0,4856,4974,4975,60,60,30,2
42,MVN-J-Boning-64-004,0,4976,5030,5031,28,60,30,2
43,MVN-J-Boning-64-005,4,0,177,178,60,60,30,3
43,MVN-J-Boning-64-005,4,90,267,268,60,60,30,3
43,MVN-J-Boning-64-005,4,180,357,358,60,60,30,3
43,MVN-J-Boning-64-005,4,270,447,448,60,60,30,3
43,MVN-J-Boning-64-005,4,360,537,538,60,60,30,3
43,MVN-J-Boning-64-005,4,450,627,628,60,60,30,3
43,MVN-J-Boning-64-005,4,540,717,718,60,60,30,3
43,MVN-J-Boning-64-005,4,630,807,808,60,60,30,3
43,MVN-J-Boning-64-005,4,720,897,898,60,60,30,3
43,MVN-J-Boning-64-005,4,810,987,988,60,60,30,3
43,MVN-J-Boning-64-005,4,900,1077,1078,60,60,30,3
43,MVN-J-Boning-64-005,4,990,1167,1168,60,60,30,3
43,MVN-J-Boning-64-005,4,1080,1257,1258,60,60,30,3
43,MVN-J-Boning-64-005,4,1170,1347,1348,60,60,30,3
43,MVN-J-Boning-64-005,4,1260,1437,1438,60,60,30,3
43,MVN-J-Boning-64-005,4,1350,1527,1528,60,60,30,3
43,MVN-J-Boning-64-005,4,1440,1617,1618,60,60,30,3
43,MVN-J-Boning-64-005,4,1530,1707,1708,60,60,30,3
43,MVN-J-Boning-64-005,4,1620,1797,1798,60,60,30,3
43,MVN-J-Boning-64-005,4,1800,1884,1885,29,60,30,3
44,MVN-J-Boning-64-005,3,1885,1933,1934,25,60,30,2
45,MVN-J-Boning-64-005,4,1934,2111,2112,60,60,30,3
45,MVN-J-Boning-64-005,4,2114,2126,2127,5,60,30,3
46,MVN-J-Boning-64-005,8,2129,2247,2248,60,60,20,2
46,MVN-J-Boning-64-005,8,2169,2287,2288,60,60,20,2
46,MVN-J-Boning-64-005,8,2209,2327,2328,60,60,20,2
46,MVN-J-Boning-64-005,8,2329,2333,2334,3,60,20,2
47,MVN-J-Boning-64-006,2,0,118,119,60,60,30,2
47,MVN-J-Boning-64-006,2,60,178,179,60,60,30,2
47,MVN-J-Boning-64-006,2,120,238,239,60,60,30,2
47,MVN-J-Boning-64-006,2,180,298,299,60,60,30,2
47,MVN-J-Boning-64-006,2,300,346,347,24,60,30,2
48,MVN-J-Boning-64-006,1,347,465,466,60,60,30,2
48,MVN-J-Boning-64-006,1,407,525,526,60,60,30,2
48,MVN-J-Boning-64-006,1,467,585,586,60,60,30,2
48,MVN-J-Boning-64-006,1,587,597,598,6,60,30,2
49,MVN-J-Boning-64-006,0,598,716,717,60,60,30,2
49,MVN-J-Boning-64-006,0,658,776,777,60,60,30,2
49,MVN-J-Boning-64-006,0,718,836,837,60,60,30,2
49,MVN-J-Boning-64-006,0,778,896,897,60,60,30,2
49,MVN-J-Boning-64-006,0,838,956,957,60,60,30,2
49,MVN-J-Boning-64-006,0,898,1016,1017,60,60,30,2
49,MVN-J-Boning-64-006,0,958,1076,1077,60,60,30,2
49,MVN-J-Boning-64-006,0,1018,1136,1137,60,60,30,2
49,MVN-J-Boning-64-006,0,1138,1166,1167,15,60,30,2
50,MVN-J-Boning-64-006,3,1167,1285,1286,60,60,30,2
50,MVN-J-Boning-64-006,3,1287,1327,1328,21,60,30,2
51,MVN-J-Boning-64-006,4,1329,1506,1507,60,60,30,3
51,MVN-J-Boning-64-006,4,1419,1596,1597,60,60,30,3
51,MVN-J-Boning-64-006,4,1509,1686,1687,60,60,30,3
51,MVN-J-Boning-64-006,4,1599,1776,1777,60,60,30,3
51,MVN-J-Boning-64-006,4,1689,1866,1867,60,60,30,3
51,MVN-J-Boning-64-006,4,1779,1956,1957,60,60,30,3
51,MVN-J-Boning-64-006,4,1869,2046,2047,60,60,30,3
51,MVN-J-Boning-64-006,4,1959,2136,2137,60,60,30,3
51,MVN-J-Boning-64-006,4,2049,2226,2227,60,60,30,3
51,MVN-J-Boning-64-006,4,2139,2316,2317,60,60,30,3
51,MVN-J-Boning-64-006,4,2229,2406,2407,60,60,30,3
51,MVN-J-Boning-64-006,4,2319,2496,2497,60,60,30,3
51,MVN-J-Boning-64-006,4,2409,2586,2587,60,60,30,3
51,MVN-J-Boning-64-006,4,2499,2676,2677,60,60,30,3
51,MVN-J-Boning-64-006,4,2589,2766,2767,60,60,30,3
51,MVN-J-Boning-64-006,4,2769,2799,2800,11,60,30,3
52,MVN-J-Boning-64-006,3,2802,2876,2877,38,60,30,2
53,MVN-J-Boning-64-006,4,2877,3054,3055,60,60,30,3
53,MVN-J-Boning-64-006,4,3057,3105,3106,17,60,30,3
54,MVN-J-Boning-64-006,8,3107,3225,3226,60,60,20,2
54,MVN-J-Boning-64-006,8,3147,3265,3266,60,60,20,2
54,MVN-J-Boning-64-006,8,3187,3305,3306,60,60,20,2
54,MVN-J-Boning-64-006,8,3227,3345,3346,60,60,20,2
54,MVN-J-Boning-64-006,8,3267,3385,3386,60,60,20,2
54,MVN-J-Boning-64-006,8,3387,3391,3392,3,60,20,2
55,MVN-J-Boning-64-006,0,3392,3510,3511,60,60,30,2
55,MVN-J-Boning-64-006,0,3452,3570,3571,60,60,30,2
55,MVN-J-Boning-64-006,0,3512,3630,3631,60,60,30,2
55,MVN-J-Boning-64-006,0,3572,3690,3691,60,60,30,2
55,MVN-J-Boning-64-006,0,3632,3750,3751,60,60,30,2
55,MVN-J-Boning-64-006,0,3752,3792,3793,21,60,30,2
56,MVN-J-Boning-79-001,0,0,50,51,26,60,30,2
57,MVN-J-Boning-79-001,3,51,159,160,55,60,30,2
58,MVN-J-Boning-79-001,4,160,337,338,60,60,30,3
58,MVN-J-Boning-79-001,4,250,427,428,60,60,30,3
58,MVN-J-Boning-79-001,4,340,517,518,60,60,30,3
58,MVN-J-Boning-79-001,4,430,607,608,60,60,30,3
58,MVN-J-Boning-79-001,4,520,697,698,60,60,30,3
58,MVN-J-Boning-79-001,4,610,787,788,60,60,30,3
58,MVN-J-Boning-79-001,4,700,877,878,60,60,30,3
58,MVN-J-Boning-79-001,4,790,967,968,60,60,30,3
58,MVN-J-Boning-79-001,4,880,1057,1058,60,60,30,3
58,MVN-J-Boning-79-001,4,970,1147,1148,60,60,30,3
58,MVN-J-Boning-79-001,4,1060,1237,1238,60,60,30,3
58,MVN-J-Boning-79-001,4,1150,1327,1328,60,60,30,3
58,MVN-J-Boning-79-001,4,1240,1417,1418,60,60,30,3
58,MVN-J-Boning-79-001,4,1330,1507,1508,60,60,30,3
58,MVN-J-Boning-79-001,4,1420,1597,1598,60,60,30,3
58,MVN-J-Boning-79-001,4,1510,1687,1688,60,60,30,3
58,MVN-J-Boning-79-001,4,1600,1777,1778,60,60,30,3
58,MVN-J-Boning-79-001,4,1780,1801,1802,8,60,30,3
59,MVN-J-Boning-79-001,8,1803,1921,1922,60,60,20,2
59,MVN-J-Boning-79-001,8,1843,1961,1962,60,60,20,2
59,MVN-J-Boning-79-001,8,1883,2001,2002,60,60,20,2
59,MVN-J-Boning-79-001,8,1923,2041,2042,60,60,20,2
59,MVN-J-Boning-79-001,8,2043,2059,2060,9,60,20,2
60,MVN-J-Boning-79-001,0,2061,2179,2180,60,60,30,2
60,MVN-J-Boning-79-001,0,2181,2233,2234,27,60,30,2
61,MVN-J-Boning-79-001,2,2234,2352,2353,60,60,30,2
61,MVN-J-Boning-79-001,2,2294,2412,2413,60,60,30,2
61,MVN-J-Boning-79-001,2,2354,2472,2473,60,60,30,2
61,MVN-J-Boning-79-001,2,2414,2532,2533,60,60,30,2
61,MVN-J-Boning-79-001,2,2474,2592,2593,60,60,30,2
61,MVN-J-Boning-79-001,2,2534,2652,2653,60,60,30,2
61,MVN-J-Boning-79-001,2,2594,2712,2713,60,60,30,2
61,MVN-J-Boning-79-001,2,2654,2772,2773,60,60,30,2
61,MVN-J-Boning-79-001,2,2714,2832,2833,60,60,30,2
61,MVN-J-Boning-79-001,2,2774,2892,2893,60,60,30,2
61,MVN-J-Boning-79-001,2,2834,2952,2953,60,60,30,2
61,MVN-J-Boning-79-001,2,2894,3012,3013,60,60,30,2
61,MVN-J-Boning-79-001,2,2954,3072,3073,60,60,30,2
61,MVN-J-Boning-79-001,2,3014,3132,3133,60,60,30,2
61,MVN-J-Boning-79-001,2,3074,3192,3193,60,60,30,2
61,MVN-J-Boning-79-001,2,3134,3252,3253,60,60,30,2
61,MVN-J-Boning-79-001,2,3194,3312,3313,60,60,30,2
61,MVN-J-Boning-79-001,2,3254,3372,3373,60,60,30,2
61,MVN-J-Boning-79-001,2,3314,3432,3433,60,60,30,2
61,MVN-J-Boning-79-001,2,3434,3488,3489,28,60,30,2
62,MVN-J-Boning-79-001,0,3489,3607,3608,60,60,30,2
62,MVN-J-Boning-79-001,0,3609,3625,3626,9,60,30,2
63,MVN-J-Boning-79-001,3,3627,3745,3746,60,60,30,2
63,MVN-J-Boning-79-001,3,3687,3805,3806,60,60,30,2
63,MVN-J-Boning-79-001,3,3807,3837,3838,16,60,30,2
64,MVN-J-Boning-79-001,4,3839,4016,4017,60,60,30,3
64,MVN-J-Boning-79-001,4,3929,4106,4107,60,60,30,3
64,MVN-J-Boning-79-001,4,4019,4196,4197,60,60,30,3
64,MVN-J-Boning-79-001,4,4109,4286,4287,60,60,30,3
64,MVN-J-Boning-79-001,4,4199,4376,4377,60,60,30,3
64,MVN-J-Boning-79-001,4,4289,4466,4467,60,60,30,3
64,MVN-J-Boning-79-001,4,4379,4556,4557,60,60,30,3
64,MVN-J-Boning-79-001,4,4469,4646,4647,60,60,30,3
64,MVN-J-Boning-79-001,4,4559,4736,4737,60,60,30,3
64,MVN-J-Boning-79-001,4,4649,4826,4827,60,60,30,3
64,MVN-J-Boning-79-001,4,4739,4916,4917,60,60,30,3
64,MVN-J-Boning-79-001,4,4829,5006,5007,60,60,30,3
64,MVN-J-Boning-79-001,4,4919,5096,5097,60,60,30,3
64,MVN-J-Boning-79-001,4,5009,5186,5187,60,60,30,3
64,MVN-J-Boning-79-001,4,5099,5276,5277,60,60,30,3
64,MVN-J-Boning-79-001,4,5189,5366,5367,60,60,30,3
64,MVN-J-Boning-79-001,4,5279,5456,5457,60,60,30,3
64,MVN-J-Boning-79-001,4,5369,5546,5547,60,60,30,3
64,MVN-J-Boning-79-001,4,5459,5636,5637,60,60,30,3
64,MVN-J-Boning-79-001,4,5549,5726,5727,60,60,30,3
64,MVN-J-Boning-79-001,4,5639,5816,5817,60,60,30,3
64,MVN-J-Boning-79-001,4,5819,5888,5889,24,60,30,3
65,MVN-J-Boning-79-001,8,5891,6009,6010,60,60,20,2
65,MVN-J-Boning-79-001,8,5931,6049,6050,60,60,20,2
65,MVN-J-Boning-79-001,8,5971,6089,6090,60,60,20,2
65,MVN-J-Boning-79-001,8,6011,6129,6130,60,60,20,2
65,MVN-J-Boning-79-001,8,6131,6147,6148,9,60,20,2
66,MVN-J-Boning-79-001,0,6149,6267,6268,60,60,30,2
66,MVN-J-Boning-79-001,0,6209,6327,6328,60,60,30,2
66,MVN-J-Boning-79-001,0,6329,6335,6336,4,60,30,2
67,MVN-J-Boning-79-001,2,6337,6455,6456,60,60,30,2
67,MVN-J-Boning-79-001,2,6397,6515,6516,60,60,30,2
67,MVN-J-Boning-79-001,2,6457,6575,6576,60,60,30,2
67,MVN-J-Boning-79-001,2,6577,6613,6614,19,60,30,2
68,MVN-J-Boning-79-001,0,6614,6732,6733,60,60,30,2
68,MVN-J-Boning-79-001,0,6674,6792,6793,60,60,30,2
68,MVN-J-Boning-79-001,0,6734,6852,6853,60,60,30,2
68,MVN-J-Boning-79-001,0,6794,6912,6913,60,60,30,2
68,MVN-J-Boning-79-001,0,6854,6972,6973,60,60,30,2
68,MVN-J-Boning-79-001,0,6914,7032,7033,60,60,30,2
68,MVN-J-Boning-79-001,0,6974,7092,7093,60,60,30,2
68,MVN-J-Boning-79-001,0,7034,7152,7153,60,60,30,2
68,MVN-J-Boning-79-001,0,7094,7212,7213,60,60,30,2
68,MVN-J-Boning-79-001,0,7154,7272,7273,60,60,30,2
68,MVN-J-Boning-79-001,0,7214,7332,7333,60,60,30,2
68,MVN-J-Boning-79-001,0,7274,7392,7393,60,60,30,2
68,MVN-J-Boning-79-001,0,7334,7452,7453,60,60,30,2
68,MVN-J-Boning-79-001,0,7394,7512,7513,60,60,30,2
68,MVN-J-Boning-79-001,0,7454,7572,7573,60,60,30,2
68,MVN-J-Boning-79-001,0,7514,7632,7633,60,60,30,2
68,MVN-J-Boning-79-001,0,7574,7692,7693,60,60,30,2
68,MVN-J-Boning-79-001,0,7634,7752,7753,60,60,30,2
68,MVN-J-Boning-79-001,0,7694,7812,7813,60,60,30,2
68,MVN-J-Boning-79-001,0,7754,7872,7873,60,60,30,2
68,MVN-J-Boning-79-001,0,7814,7932,7933,60,60,30,2
68,MVN-J-Boning-79-001,0,7874,7992,7993,60,60,30,2
68,MVN-J-Boning-79-001,0,7934,8052,8053,60,60,30,2
68,MVN-J-Boning-79-001,0,7994,8112,8113,60,60,30,2
68,MVN-J-Boning-79-001,0,8114,8120,8121,4,60,30,2
69,MVN-J-Boning-79-001,3,8122,8150,8151,15,60,30,2
70,MVN-J-Boning-79-001,4,8152,8329,8330,60,60,30,3
70,MVN-J-Boning-79-001,4,8242,8419,8420,60,60,30,3
70,MVN-J-Boning-79-001,4,8332,8509,8510,60,60,30,3
70,MVN-J-Boning-79-001,4,8422,8599,8600,60,60,30,3
70,MVN-J-Boning-79-001,4,8512,8689,8690,60,60,30,3
70,MVN-J-Boning-79-001,4,8602,8779,8780,60,60,30,3
70,MVN-J-Boning-79-001,4,8692,8869,8870,60,60,30,3
70,MVN-J-Boning-79-001,4,8782,8959,8960,60,60,30,3
70,MVN-J-Boning-79-001,4,8872,9049,9050,60,60,30,3
70,MVN-J-Boning-79-001,4,8962,9139,9140,60,60,30,3
70,MVN-J-Boning-79-001,4,9052,9229,9230,60,60,30,3
70,MVN-J-Boning-79-001,4,9142,9319,9320,60,60,30,3
70,MVN-J-Boning-79-001,4,9232,9409,9410,60,60,30,3
70,MVN-J-Boning-79-001,4,9322,9499,9500,60,60,30,3
70,MVN-J-Boning-79-001,4,9412,9589,9590,60,60,30,3
70,MVN-J-Boning-79-001,4,9502,9679,9680,60,60,30,3
70,MVN-J-Boning-79-001,4,9592,9769,9770,60,60,30,3
70,MVN-J-Boning-79-001,4,9682,9859,9860,60,60,30,3
70,MVN-J-Boning-79-001,4,9772,9949,9950,60,60,30,3
70,MVN-J-Boning-79-001,4,9862,10039,10040,60,60,30,3
70,MVN-J-Boning-79-001,4,9952,10129,10130,60,60,30,3
70,MVN-J-Boning-79-001,4,10042,10219,10220,60,60,30,3
70,MVN-J-Boning-79-001,4,10132,10309,10310,60,60,30,3
70,MVN-J-Boning-79-001,4,10222,10399,10400,60,60,30,3
70,MVN-J-Boning-79-001,4,10312,10489,10490,60,60,30,3
70,MVN-J-Boning-79-001,4,10402,10579,10580,60,60,30,3
70,MVN-J-Boning-79-001,4,10492,10669,10670,60,60,30,3
70,MVN-J-Boning-79-001,4,10672,10672,10673,1,60,30,3
71,MVN-J-Boning-79-001,3,10673,10761,10762,45,60,30,2
72,MVN-J-Boning-79-001,4,10763,10862,10863,34,60,30,3
73,MVN-J-Boning-79-001,8,10865,10983,10984,60,60,20,2
73,MVN-J-Boning-79-001,8,10905,11023,11024,60,60,20,2
73,MVN-J-Boning-79-001,8,10945,11063,11064,60,60,20,2
73,MVN-J-Boning-79-001,8,10985,11103,11104,60,60,20,2
73,MVN-J-Boning-79-001,8,11105,11107,11108,2,60,20,2
74,MVN-J-Boning-79-001,0,11109,11227,11228,60,60,30,2
74,MVN-J-Boning-79-001,0,11169,11287,11288,60,60,30,2
74,MVN-J-Boning-79-001,0,11229,11347,11348,60,60,30,2
74,MVN-J-Boning-79-001,0,11289,11407,11408,60,60,30,2
74,MVN-J-Boning-79-001,0,11349,11467,11468,60,60,30,2
74,MVN-J-Boning-79-001,0,11409,11527,11528,60,60,30,2
74,MVN-J-Boning-79-001,0,11469,11587,11588,60,60,30,2
74,MVN-J-Boning-79-001,0,11589,11625,11626,19,60,30,2
75,MVN-J-Boning-79-001,2,11627,11745,11746,60,60,30,2
75,MVN-J-Boning-79-001,2,11687,11805,11806,60,60,30,2
75,MVN-J-Boning-79-001,2,11747,11865,11866,60,60,30,2
75,MVN-J-Boning-79-001,2,11807,11925,11926,60,60,30,2
75,MVN-J-Boning-79-001,2,11867,11985,11986,60,60,30,2
75,MVN-J-Boning-79-001,2,11927,12045,12046,60,60,30,2
75,MVN-J-Boning-79-001,2,11987,12105,12106,60,60,30,2
75,MVN-J-Boning-79-001,2,12047,12165,12166,60,60,30,2
75,MVN-J-Boning-79-001,2,12107,12225,12226,60,60,30,2
75,MVN-J-Boning-79-001,2,12167,12285,12286,60,60,30,2
75,MVN-J-Boning-79-001,2,12227,12345,12346,60,60,30,2
75,MVN-J-Boning-79-001,2,12287,12405,12406,60,60,30,2
75,MVN-J-Boning-79-001,2,12347,12465,12466,60,60,30,2
75,MVN-J-Boning-79-001,2,12467,12467,12468,1,60,30,2
76,MVN-J-Boning-79-001,3,12469,12573,12574,53,60,30,2
77,MVN-J-Boning-79-001,4,12575,12752,12753,60,60,30,3
77,MVN-J-Boning-79-001,4,12665,12842,12843,60,60,30,3
77,MVN-J-Boning-79-001,4,12755,12932,12933,60,60,30,3
77,MVN-J-Boning-79-001,4,12845,13022,13023,60,60,30,3
77,MVN-J-Boning-79-001,4,12935,13112,13113,60,60,30,3
77,MVN-J-Boning-79-001,4,13025,13202,13203,60,60,30,3
77,MVN-J-Boning-79-001,4,13115,13292,13293,60,60,30,3
77,MVN-J-Boning-79-001,4,13205,13382,13383,60,60,30,3
77,MVN-J-Boning-79-001,4,13295,13472,13473,60,60,30,3
77,MVN-J-Boning-79-001,4,13385,13562,13563,60,60,30,3
77,MVN-J-Boning-79-001,4,13475,13652,13653,60,60,30,3
77,MVN-J-Boning-79-001,4,13565,13742,13743,60,60,30,3
77,MVN-J-Boning-79-001,4,13655,13832,13833,60,60,30,3
77,MVN-J-Boning-79-001,4,13745,13922,13923,60,60,30,3
77,MVN-J-Boning-79-001,4,13835,14012,14013,60,60,30,3
77,MVN-J-Boning-79-001,4,13925,14102,14103,60,60,30,3
77,MVN-J-Boning-79-001,4,14015,14192,14193,60,60,30,3
77,MVN-J-Boning-79-001,4,14105,14282,14283,60,60,30,3
77,MVN-J-Boning-79-001,4,14195,14372,14373,60,60,30,3
77,MVN-J-Boning-79-001,4,14285,14462,14463,60,60,30,3
77,MVN-J-Boning-79-001,4,14375,14552,14553,60,60,30,3
77,MVN-J-Boning-79-001,4,14465,14642,14643,60,60,30,3
77,MVN-J-Boning-79-001,4,14555,14732,14733,60,60,30,3
77,MVN-J-Boning-79-001,4,14645,14822,14823,60,60,30,3
77,MVN-J-Boning-79-001,4,14735,14912,14913,60,60,30,3
77,MVN-J-Boning-79-001,4,14825,15002,15003,60,60,30,3
77,MVN-J-Boning-79-001,4,15005,15005,15006,1,60,30,3
78,MVN-J-Boning-79-001,8,15008,15126,15127,60,60,20,2
78,MVN-J-Boning-79-001,8,15048,15166,15167,60,60,20,2
78,MVN-J-Boning-79-001,8,15168,15180,15181,7,60,20,2
79,MVN-J-Boning-79-001,0,15182,15300,15301,60,60,30,2
79,MVN-J-Boning-79-001,0,15302,15358,15359,29,60,30,2
80,MVN-J-Boning-79-001,2,15359,15477,15478,60,60,30,2
80,MVN-J-Boning-79-001,2,15419,15537,15538,60,60,30,2
80,MVN-J-Boning-79-001,2,15479,15597,15598,60,60,30,2
80,MVN-J-Boning-79-001,2,15539,15657,15658,60,60,30,2
80,MVN-J-Boning-79-001,2,15599,15717,15718,60,60,30,2
80,MVN-J-Boning-79-001,2,15659,15777,15778,60,60,30,2
80,MVN-J-Boning-79-001,2,15719,15837,15838,60,60,30,2
80,MVN-J-Boning-79-001,2,15779,15897,15898,60,60,30,2
80,MVN-J-Boning-79-001,2,15839,15957,15958,60,60,30,2
80,MVN-J-Boning-79-001,2,15899,16017,16018,60,60,30,2
80,MVN-J-Boning-79-001,2,15959,16077,16078,60,60,30,2
80,MVN-J-Boning-79-001,2,16019,16137,16138,60,60,30,2
80,MVN-J-Boning-79-001,2,16079,16197,16198,60,60,30,2
80,MVN-J-Boning-79-001,2,16139,16257,16258,60,60,30,2
80,MVN-J-Boning-79-001,2,16199,16317,16318,60,60,30,2
80,MVN-J-Boning-79-001,2,16259,16377,16378,60,60,30,2
80,MVN-J-Boning-79-001,2,16319,16437,16438,60,60,30,2
80,MVN-J-Boning-79-001,2,16379,16497,16498,60,60,30,2
80,MVN-J-Boning-79-001,2,16499,16529,16530,16,60,30,2
81,MVN-J-Boning-79-001,0,16530,16648,16649,60,60,30,2
81,MVN-J-Boning-79-001,0,16590,16708,16709,60,60,30,2
81,MVN-J-Boning-79-001,0,16650,16768,16769,60,60,30,2
81,MVN-J-Boning-79-001,0,16710,16828,16829,60,60,30,2
81,MVN-J-Boning-79-001,0,16830,16868,16869,20,60,30,2
82,MVN-J-Boning-79-001,3,16869,16987,16988,60,60,30,2
82,MVN-J-Boning-79-001,3,16929,17047,17048,60,60,30,2
82,MVN-J-Boning-79-001,3,17049,17049,17050,1,60,30,2
83,MVN-J-Boning-79-001,4,17051,17228,17229,60,60,30,3
83,MVN-J-Boning-79-001,4,17141,17318,17319,60,60,30,3
83,MVN-J-Boning-79-001,4,17231,17408,17409,60,60,30,3
83,MVN-J-Boning-79-001,4,17321,17498,17499,60,60,30,3
83,MVN-J-Boning-79-001,4,17411,17588,17589,60,60,30,3
83,MVN-J-Boning-79-001,4,17501,17678,17679,60,60,30,3
83,MVN-J-Boning-79-001,4,17591,17768,17769,60,60,30,3
83,MVN-J-Boning-79-001,4,17681,17858,17859,60,60,30,3
83,MVN-J-Boning-79-001,4,17771,17948,17949,60,60,30,3
83,MVN-J-Boning-79-001,4,17861,18038,18039,60,60,30,3
83,MVN-J-Boning-79-001,4,17951,18128,18129,60,60,30,3
83,MVN-J-Boning-79-001,4,18041,18218,18219,60,60,30,3
83,MVN-J-Boning-79-001,4,18131,18308,18309,60,60,30,3
83,MVN-J-Boning-79-001,4,18221,18398,18399,60,60,30,3
83,MVN-J-Boning-79-001,4,18311,18488,18489,60,60,30,3
83,MVN-J-Boning-79-001,4,18401,18578,18579,60,60,30,3
83,MVN-J-Boning-79-001,4,18491,18668,18669,60,60,30,3
83,MVN-J-Boning-79-001,4,18581,18758,18759,60,60,30,3
83,MVN-J-Boning-79-001,4,18671,18848,18849,60,60,30,3
83,MVN-J-Boning-79-001,4,18761,18938,18939,60,60,30,3
83,MVN-J-Boning-79-001,4,18851,19028,19029,60,60,30,3
83,MVN-J-Boning-79-001,4,18941,19118,19119,60,60,30,3
83,MVN-J-Boning-79-001,4,19031,19208,19209,60,60,30,3
83,MVN-J-Boning-79-001,4,19121,19298,19299,60,60,30,3
83,MVN-J-Boning-79-001,4,19211,19388,19389,60,60,30,3
83,MVN-J-Boning-79-001,4,19301,19478,19479,60,60,30,3
83,MVN-J-Boning-79-001,4,19391,19568,19569,60,60,30,3
83,MVN-J-Boning-79-001,4,19481,19658,19659,60,60,30,3
83,MVN-J-Boning-79-001,4,19571,19748,19749,60,60,30,3
83,MVN-J-Boning-79-001,4,19661,19838,19839,60,60,30,3
83,MVN-J-Boning-79-001,4,19751,19928,19929,60,60,30,3
83,MVN-J-Boning-79-001,4,19841,20018,20019,60,60,30,3
83,MVN-J-Boning-79-001,4,19931,20108,20109,60,60,30,3
83,MVN-J-Boning-79-001,4,20021,20198,20199,60,60,30,3
83,MVN-J-Boning-79-001,4,20201,20213,20214,5,60,30,3
84,MVN-J-Boning-79-001,8,20214,20332,20333,60,60,20,2
84,MVN-J-Boning-79-001,8,20254,20372,20373,60,60,20,2
84,MVN-J-Boning-79-001,8,20294,20412,20413,60,60,20,2
84,MVN-J-Boning-79-001,8,20334,20452,20453,60,60,20,2
84,MVN-J-Boning-79-001,8,20454,20468,20469,8,60,20,2
85,MVN-J-Boning-79-001,0,20470,20588,20589,60,60,30,2
85,MVN-J-Boning-79-001,0,20530,20648,20649,60,60,30,2
85,MVN-J-Boning-79-001,0,20590,20708,20709,60,60,30,2
85,MVN-J-Boning-79-001,0,20650,20768,20769,60,60,30,2
85,MVN-J-Boning-79-001,0,20710,20828,20829,60,60,30,2
85,MVN-J-Boning-79-001,0,20770,20888,20889,60,60,30,2
85,MVN-J-Boning-79-001,0,20830,20948,20949,60,60,30,2
85,MVN-J-Boning-79-001,0,20950,20978,20979,15,60,30,2
86,MVN-J-Boning-79-001,2,20979,21097,21098,60,60,30,2
86,MVN-J-Boning-79-001,2,21039,21157,21158,60,60,30,2
86,MVN-J-Boning-79-001,2,21099,21217,21218,60,60,30,2
86,MVN-J-Boning-79-001,2,21159,21277,21278,60,60,30,2
86,MVN-J-Boning-79-001,2,21279,21289,21290,6,60,30,2
87,MVN-J-Boning-79-001,0,21290,21408,21409,60,60,30,2
87,MVN-J-Boning-79-001,0,21350,21468,21469,60,60,30,2
87,MVN-J-Boning-79-001,0,21410,21528,21529,60,60,30,2
87,MVN-J-Boning-79-001,0,21470,21588,21589,60,60,30,2
87,MVN-J-Boning-79-001,0,21530,21648,21649,60,60,30,2
87,MVN-J-Boning-79-001,0,21590,21708,21709,60,60,30,2
87,MVN-J-Boning-79-001,0,21650,21768,21769,60,60,30,2
87,MVN-J-Boning-79-001,0,21710,21828,21829,60,60,30,2
87,MVN-J-Boning-79-001,0,21770,21888,21889,60,60,30,2
87,MVN-J-Boning-79-001,0,21890,21906,21907,9,60,30,2
88,MVN-J-Boning-79-001,3,21907,21973,21974,34,60,30,2
89,MVN-J-Boning-79-001,4,21975,22152,22153,60,60,30,3
89,MVN-J-Boning-79-001,4,22065,22242,22243,60,60,30,3
89,MVN-J-Boning-79-001,4,22155,22332,22333,60,60,30,3
89,MVN-J-Boning-79-001,4,22245,22422,22423,60,60,30,3
89,MVN-J-Boning-79-001,4,22335,22512,22513,60,60,30,3
89,MVN-J-Boning-79-001,4,22425,22602,22603,60,60,30,3
89,MVN-J-Boning-79-001,4,22515,22692,22693,60,60,30,3
89,MVN-J-Boning-79-001,4,22605,22782,22783,60,60,30,3
89,MVN-J-Boning-79-001,4,22695,22872,22873,60,60,30,3
89,MVN-J-Boning-79-001,4,22785,22962,22963,60,60,30,3
89,MVN-J-Boning-79-001,4,22875,23052,23053,60,60,30,3
89,MVN-J-Boning-79-001,4,22965,23142,23143,60,60,30,3
89,MVN-J-Boning-79-001,4,23055,23232,23233,60,60,30,3
89,MVN-J-Boning-79-001,4,23235,23310,23311,26,60,30,3
90,MVN-J-Boning-79-001,8,23312,23406,23407,48,60,20,2
91,MVN-J-Boning-79-001,0,23408,23526,23527,60,60,30,2
91,MVN-J-Boning-79-001,0,23468,23586,23587,60,60,30,2
91,MVN-J-Boning-79-001,0,23528,23646,23647,60,60,30,2
91,MVN-J-Boning-79-001,0,23588,23706,23707,60,60,30,2
91,MVN-J-Boning-79-001,0,23708,23716,23717,5,60,30,2
92,MVN-J-Boning-79-001,2,23717,23835,23836,60,60,30,2
92,MVN-J-Boning-79-001,2,23777,23895,23896,60,60,30,2
92,MVN-J-Boning-79-001,2,23837,23955,23956,60,60,30,2
92,MVN-J-Boning-79-001,2,23897,24015,24016,60,60,30,2
92,MVN-J-Boning-79-001,2,23957,24075,24076,60,60,30,2
92,MVN-J-Boning-79-001,2,24077,24091,24092,8,60,30,2
93,MVN-J-Boning-79-001,0,24092,24204,24205,57,60,30,2
94,MVN-J-Boning-79-001,1,24205,24323,24324,60,60,30,2
94,MVN-J-Boning-79-001,1,24265,24383,24384,60,60,30,2
94,MVN-J-Boning-79-001,1,24325,24443,24444,60,60,30,2
94,MVN-J-Boning-79-001,1,24385,24503,24504,60,60,30,2
94,MVN-J-Boning-79-001,1,24445,24563,24564,60,60,30,2
94,MVN-J-Boning-79-001,1,24505,24623,24624,60,60,30,2
94,MVN-J-Boning-79-001,1,24625,24635,24636,6,60,30,2
95,MVN-J-Boning-79-001,0,24636,24754,24755,60,60,30,2
95,MVN-J-Boning-79-001,0,24696,24814,24815,60,60,30,2
95,MVN-J-Boning-79-001,0,24756,24874,24875,60,60,30,2
95,MVN-J-Boning-79-001,0,24816,24934,24935,60,60,30,2
95,MVN-J-Boning-79-001,0,24876,24994,24995,60,60,30,2
95,MVN-J-Boning-79-001,0,24936,25054,25055,60,60,30,2
95,MVN-J-Boning-79-001,0,24996,25114,25115,60,60,30,2
95,MVN-J-Boning-79-001,0,25056,25174,25175,60,60,30,2
95,MVN-J-Boning-79-001,0,25116,25234,25235,60,60,30,2
95,MVN-J-Boning-79-001,0,25176,25294,25295,60,60,30,2
95,MVN-J-Boning-79-001,0,25296,25322,25323,14,60,30,2
96,MVN-J-Boning-79-001,3,25324,25442,25443,60,60,30,2
96,MVN-J-Boning-79-001,3,25444,25494,25495,26,60,30,2
97,MVN-J-Boning-79-001,4,25495,25672,25673,60,60,30,3
97,MVN-J-Boning-79-001,4,25585,25762,25763,60,60,30,3
97,MVN-J-Boning-79-001,4,25675,25852,25853,60,60,30,3
97,MVN-J-Boning-79-001,4,25765,25942,25943,60,60,30,3
97,MVN-J-Boning-79-001,4,25855,26032,26033,60,60,30,3
97,MVN-J-Boning-79-001,4,25945,26122,26123,60,60,30,3
97,MVN-J-Boning-79-001,4,26035,26212,26213,60,60,30,3
97,MVN-J-Boning-79-001,4,26125,26302,26303,60,60,30,3
97,MVN-J-Boning-79-001,4,26215,26392,26393,60,60,30,3
97,MVN-J-Boning-79-001,4,26305,26482,26483,60,60,30,3
97,MVN-J-Boning-79-001,4,26395,26572,26573,60,60,30,3
97,MVN-J-Boning-79-001,4,26485,26662,26663,60,60,30,3
97,MVN-J-Boning-79-001,4,26575,26752,26753,60,60,30,3
97,MVN-J-Boning-79-001,4,26665,26842,26843,60,60,30,3
97,MVN-J-Boning-79-001,4,26755,26932,26933,60,60,30,3
97,MVN-J-Boning-79-001,4,26845,27022,27023,60,60,30,3
97,MVN-J-Boning-79-001,4,26935,27112,27113,60,60,30,3
97,MVN-J-Boning-79-001,4,27025,27202,27203,60,60,30,3
97,MVN-J-Boning-79-001,4,27115,27292,27293,60,60,30,3
97,MVN-J-Boning-79-001,4,27205,27382,27383,60,60,30,3
97,MVN-J-Boning-79-001,4,27295,27472,27473,60,60,30,3
97,MVN-J-Boning-79-001,4,27385,27562,27563,60,60,30,3
97,MVN-J-Boning-79-001,4,27475,27652,27653,60,60,30,3
97,MVN-J-Boning-79-001,4,27565,27742,27743,60,60,30,3
97,MVN-J-Boning-79-001,4,27655,27832,27833,60,60,30,3
97,MVN-J-Boning-79-001,4,27745,27922,27923,60,60,30,3
97,MVN-J-Boning-79-001,4,27835,28012,28013,60,60,30,3
97,MVN-J-Boning-79-001,4,27925,28102,28103,60,60,30,3
97,MVN-J-Boning-79-001,4,28015,28192,28193,60,60,30,3
97,MVN-J-Boning-79-001,4,28105,28282,28283,60,60,30,3
97,MVN-J-Boning-79-001,4,28195,28372,28373,60,60,30,3
97,MVN-J-Boning-79-001,4,28285,28462,28463,60,60,30,3
97,MVN-J-Boning-79-001,4,28375,28552,28553,60,60,30,3
97,MVN-J-Boning-79-001,4,28465,28642,28643,60,60,30,3
97,MVN-J-Boning-79-001,4,28555,28732,28733,60,60,30,3
97,MVN-J-Boning-79-001,4,28645,28822,28823,60,60,30,3
97,MVN-J-Boning-79-001,4,28735,28912,28913,60,60,30,3
97,MVN-J-Boning-79-001,4,28825,29002,29003,60,60,30,3
97,MVN-J-Boning-79-001,4,28915,29092,29093,60,60,30,3
97,MVN-J-Boning-79-001,4,29005,29182,29183,60,60,30,3
97,MVN-J-Boning-79-001,4,29095,29272,29273,60,60,30,3
97,MVN-J-Boning-79-001,4,29185,29362,29363,60,60,30,3
97,MVN-J-Boning-79-001,4,29275,29452,29453,60,60,30,3
97,MVN-J-Boning-79-001,4,29365,29542,29543,60,60,30,3
97,MVN-J-Boning-79-001,4,29455,29632,29633,60,60,30,3
97,MVN-J-Boning-79-001,4,29545,29722,29723,60,60,30,3
97,MVN-J-Boning-79-001,4,29635,29812,29813,60,60,30,3
97,MVN-J-Boning-79-001,4,29725,29902,29903,60,60,30,3
97,MVN-J-Boning-79-001,4,29815,29992,29993,60,60,30,3
97,MVN-J-Boning-79-001,4,29905,30082,30083,60,60,30,3
97,MVN-J-Boning-79-001,4,29995,30172,30173,60,60,30,3
97,MVN-J-Boning-79-001,4,30175,30229,30230,19,60,30,3
98,MVN-J-Boning-79-001,3,30232,30282,30283,26,60,30,2
99,MVN-J-Boning-79-001,4,30283,30460,30461,60,60,30,3
99,MVN-J-Boning-79-001,4,30373,30550,30551,60,60,30,3
99,MVN-J-Boning-79-001,4,30463,30640,30641,60,60,30,3
99,MVN-J-Boning-79-001,4,30553,30730,30731,60,60,30,3
99,MVN-J-Boning-79-001,4,30643,30820,30821,60,60,30,3
99,MVN-J-Boning-79-001,4,30733,30910,30911,60,60,30,3
99,MVN-J-Boning-79-001,4,30823,31000,31001,60,60,30,3
99,MVN-J-Boning-79-001,4,30913,31090,31091,60,60,30,3
99,MVN-J-Boning-79-001,4,31003,31180,31181,60,60,30,3
99,MVN-J-Boning-79-001,4,31093,31270,31271,60,60,30,3
99,MVN-J-Boning-79-001,4,31183,31360,31361,60,60,30,3
99,MVN-J-Boning-79-001,4,31363,31441,31442,27,60,30,3
100,MVN-J-Boning-79-001,0,31444,31482,31483,20,60,30,2
101,MVN-J-Boning-79-001,3,31484,31540,31541,29,60,30,2
102,MVN-J-Boning-79-001,4,31541,31583,31584,15,60,30,3
103,MVN-J-Boning-79-001,8,31585,31703,31704,60,60,20,2
103,MVN-J-Boning-79-001,8,31625,31743,31744,60,60,20,2
103,MVN-J-Boning-79-001,8,31665,31783,31784,60,60,20,2
103,MVN-J-Boning-79-001,8,31785,31791,31792,4,60,20,2
104,MVN-J-Boning-79-001,2,31793,31911,31912,60,60,30,2
104,MVN-J-Boning-79-001,2,31853,31971,31972,60,60,30,2
104,MVN-J-Boning-79-001,2,31913,32031,32032,60,60,30,2
104,MVN-J-Boning-79-001,2,31973,32091,32092,60,60,30,2
104,MVN-J-Boning-79-001,2,32033,32151,32152,60,60,30,2
104,MVN-J-Boning-79-001,2,32093,32211,32212,60,60,30,2
104,MVN-J-Boning-79-001,2,32153,32271,32272,60,60,30,2
104,MVN-J-Boning-79-001,2,32213,32331,32332,60,60,30,2
104,MVN-J-Boning-79-001,2,32273,32391,32392,60,60,30,2
104,MVN-J-Boning-79-001,2,32333,32451,32452,60,60,30,2
104,MVN-J-Boning-79-001,2,32393,32511,32512,60,60,30,2
104,MVN-J-Boning-79-001,2,32453,32571,32572,60,60,30,2
104,MVN-J-Boning-79-001,2,32513,32631,32632,60,60,30,2
104,MVN-J-Boning-79-001,2,32573,32691,32692,60,60,30,2
104,MVN-J-Boning-79-001,2,32633,32751,32752,60,60,30,2
104,MVN-J-Boning-79-001,2,32693,32811,32812,60,60,30,2
104,MVN-J-Boning-79-001,2,32753,32871,32872,60,60,30,2
104,MVN-J-Boning-79-001,2,32813,32931,32932,60,60,30,2
104,MVN-J-Boning-79-001,2,32873,32991,32992,60,60,30,2
104,MVN-J-Boning-79-001,2,32933,33051,33052,60,60,30,2
104,MVN-J-Boning-79-001,2,32993,33111,33112,60,60,30,2
104,MVN-J-Boning-79-001,2,33053,33171,33172,60,60,30,2
104,MVN-J-Boning-79-001,2,33113,33231,33232,60,60,30,2
104,MVN-J-Boning-79-001,2,33173,33291,33292,60,60,30,2
104,MVN-J-Boning-79-001,2,33293,33297,33298,3,60,30,2
105,MVN-J-Boning-79-001,0,33299,33417,33418,60,60,30,2
105,MVN-J-Boning-79-001,0,33359,33477,33478,60,60,30,2
105,MVN-J-Boning-79-001,0,33419,33537,33538,60,60,30,2
105,MVN-J-Boning-79-001,0,33479,33597,33598,60,60,30,2
105,MVN-J-Boning-79-001,0,33539,33657,33658,60,60,30,2
105,MVN-J-Boning-79-001,0,33599,33717,33718,60,60,30,2
105,MVN-J-Boning-79-001,0,33659,33777,33778,60,60,30,2
105,MVN-J-Boning-79-001,0,33719,33837,33838,60,60,30,2
105,MVN-J-Boning-79-001,0,33779,33897,33898,60,60,30,2
105,MVN-J-Boning-79-001,0,33839,33957,33958,60,60,30,2
105,MVN-J-Boning-79-001,0,33899,34017,34018,60,60,30,2
105,MVN-J-Boning-79-001,0,34019,34053,34054,18,60,30,2
106,MVN-J-Boning-79-001,3,34055,34173,34174,60,60,30,2
106,MVN-J-Boning-79-001,3,34175,34207,34208,17,60,30,2
107,MVN-J-Boning-79-001,4,34209,34386,34387,60,60,30,3
107,MVN-J-Boning-79-001,4,34299,34476,34477,60,60,30,3
107,MVN-J-Boning-79-001,4,34389,34566,34567,60,60,30,3
107,MVN-J-Boning-79-001,4,34479,34656,34657,60,60,30,3
107,MVN-J-Boning-79-001,4,34569,34746,34747,60,60,30,3
107,MVN-J-Boning-79-001,4,34659,34836,34837,60,60,30,3
107,MVN-J-Boning-79-001,4,34749,34926,34927,60,60,30,3
107,MVN-J-Boning-79-001,4,34839,35016,35017,60,60,30,3
107,MVN-J-Boning-79-001,4,34929,35106,35107,60,60,30,3
107,MVN-J-Boning-79-001,4,35019,35196,35197,60,60,30,3
107,MVN-J-Boning-79-001,4,35109,35286,35287,60,60,30,3
107,MVN-J-Boning-79-001,4,35199,35376,35377,60,60,30,3
107,MVN-J-Boning-79-001,4,35289,35466,35467,60,60,30,3
107,MVN-J-Boning-79-001,4,35379,35556,35557,60,60,30,3
107,MVN-J-Boning-79-001,4,35469,35646,35647,60,60,30,3
107,MVN-J-Boning-79-001,4,35559,35736,35737,60,60,30,3
107,MVN-J-Boning-79-001,4,35649,35826,35827,60,60,30,3
107,MVN-J-Boning-79-001,4,35739,35916,35917,60,60,30,3
107,MVN-J-Boning-79-001,4,35829,36006,36007,60,60,30,3
107,MVN-J-Boning-79-001,4,36009,36093,36094,29,60,30,3
108,MVN-J-Boning-79-001,8,36094,36212,36213,60,60,20,2
108,MVN-J-Boning-79-001,8,36134,36252,36253,60,60,20,2
108,MVN-J-Boning-79-001,8,36174,36292,36293,60,60,20,2
108,MVN-J-Boning-79-001,8,36294,36310,36311,9,60,20,2
109,MVN-J-Boning-79-001,0,36312,36430,36431,60,60,30,2
109,MVN-J-Boning-79-001,0,36372,36490,36491,60,60,30,2
109,MVN-J-Boning-79-001,0,36432,36550,36551,60,60,30,2
109,MVN-J-Boning-79-001,0,36492,36610,36611,60,60,30,2
109,MVN-J-Boning-79-001,0,36552,36670,36671,60,60,30,2
109,MVN-J-Boning-79-001,0,36672,36694,36695,12,60,30,2
110,MVN-J-Boning-79-001,2,36696,36814,36815,60,60,30,2
110,MVN-J-Boning-79-001,2,36756,36874,36875,60,60,30,2
110,MVN-J-Boning-79-001,2,36816,36934,36935,60,60,30,2
110,MVN-J-Boning-79-001,2,36876,36994,36995,60,60,30,2
110,MVN-J-Boning-79-001,2,36936,37054,37055,60,60,30,2
110,MVN-J-Boning-79-001,2,36996,37114,37115,60,60,30,2
110,MVN-J-Boning-79-001,2,37056,37174,37175,60,60,30,2
110,MVN-J-Boning-79-001,2,37116,37234,37235,60,60,30,2
110,MVN-J-Boning-79-001,2,37176,37294,37295,60,60,30,2
110,MVN-J-Boning-79-001,2,37236,37354,37355,60,60,30,2
110,MVN-J-Boning-79-001,2,37296,37414,37415,60,60,30,2
110,MVN-J-Boning-79-001,2,37416,37444,37445,15,60,30,2
111,MVN-J-Boning-79-001,0,37446,37564,37565,60,60,30,2
111,MVN-J-Boning-79-001,0,37506,37624,37625,60,60,30,2
111,MVN-J-Boning-79-001,0,37566,37684,37685,60,60,30,2
111,MVN-J-Boning-79-001,0,37626,37744,37745,60,60,30,2
111,MVN-J-Boning-79-001,0,37686,37804,37805,60,60,30,2
111,MVN-J-Boning-79-001,0,37746,37864,37865,60,60,30,2
111,MVN-J-Boning-79-001,0,37806,37924,37925,60,60,30,2
111,MVN-J-Boning-79-001,0,37866,37984,37985,60,60,30,2
111,MVN-J-Boning-79-001,0,37926,38044,38045,60,60,30,2
111,MVN-J-Boning-79-001,0,38046,38082,38083,19,60,30,2
112,MVN-J-Boning-79-001,3,38083,38201,38202,60,60,30,2
112,MVN-J-Boning-79-001,3,38203,38251,38252,25,60,30,2
113,MVN-J-Boning-79-001,4,38252,38429,38430,60,60,30,3
113,MVN-J-Boning-79-001,4,38342,38519,38520,60,60,30,3
113,MVN-J-Boning-79-001,4,38432,38609,38610,60,60,30,3
113,MVN-J-Boning-79-001,4,38522,38699,38700,60,60,30,3
113,MVN-J-Boning-79-001,4,38612,38789,38790,60,60,30,3
113,MVN-J-Boning-79-001,4,38702,38879,38880,60,60,30,3
113,MVN-J-Boning-79-001,4,38792,38969,38970,60,60,30,3
113,MVN-J-Boning-79-001,4,38882,39059,39060,60,60,30,3
113,MVN-J-Boning-79-001,4,38972,39149,39150,60,60,30,3
113,MVN-J-Boning-79-001,4,39062,39239,39240,60,60,30,3
113,MVN-J-Boning-79-001,4,39152,39329,39330,60,60,30,3
113,MVN-J-Boning-79-001,4,39242,39419,39420,60,60,30,3
113,MVN-J-Boning-79-001,4,39332,39509,39510,60,60,30,3
113,MVN-J-Boning-79-001,4,39422,39599,39600,60,60,30,3
113,MVN-J-Boning-79-001,4,39512,39689,39690,60,60,30,3
113,MVN-J-Boning-79-001,4,39602,39779,39780,60,60,30,3
113,MVN-J-Boning-79-001,4,39692,39869,39870,60,60,30,3
113,MVN-J-Boning-79-001,4,39782,39959,39960,60,60,30,3
113,MVN-J-Boning-79-001,4,39872,40049,40050,60,60,30,3
113,MVN-J-Boning-79-001,4,39962,40139,40140,60,60,30,3
113,MVN-J-Boning-79-001,4,40052,40229,40230,60,60,30,3
113,MVN-J-Boning-79-001,4,40232,40280,40281,17,60,30,3
114,MVN-J-Boning-79-001,8,40282,40400,40401,60,60,20,2
114,MVN-J-Boning-79-001,8,40322,40440,40441,60,60,20,2
114,MVN-J-Boning-79-001,8,40362,40480,40481,60,60,20,2
114,MVN-J-Boning-79-001,8,40402,40520,40521,60,60,20,2
114,MVN-J-Boning-79-001,8,40522,40536,40537,8,60,20,2
115,MVN-J-Boning-79-001,0,40538,40656,40657,60,60,30,2
115,MVN-J-Boning-79-001,0,40598,40716,40717,60,60,30,2
115,MVN-J-Boning-79-001,0,40658,40776,40777,60,60,30,2
115,MVN-J-Boning-79-001,0,40718,40836,40837,60,60,30,2
115,MVN-J-Boning-79-001,0,40778,40896,40897,60,60,30,2
115,MVN-J-Boning-79-001,0,40898,40936,40937,20,60,30,2
116,MVN-J-Boning-79-001,2,40938,41056,41057,60,60,30,2
116,MVN-J-Boning-79-001,2,40998,41116,41117,60,60,30,2
116,MVN-J-Boning-79-001,2,41058,41176,41177,60,60,30,2
116,MVN-J-Boning-79-001,2,41118,41236,41237,60,60,30,2
116,MVN-J-Boning-79-001,2,41238,41294,41295,29,60,30,2
117,MVN-J-Boning-79-001,0,41296,41414,41415,60,60,30,2
117,MVN-J-Boning-79-001,0,41356,41474,41475,60,60,30,2
117,MVN-J-Boning-79-001,0,41416,41534,41535,60,60,30,2
117,MVN-J-Boning-79-001,0,41476,41594,41595,60,60,30,2
117,MVN-J-Boning-79-001,0,41536,41654,41655,60,60,30,2
117,MVN-J-Boning-79-001,0,41596,41714,41715,60,60,30,2
117,MVN-J-Boning-79-001,0,41656,41774,41775,60,60,30,2
117,MVN-J-Boning-79-001,0,41716,41834,41835,60,60,30,2
117,MVN-J-Boning-79-001,0,41776,41894,41895,60,60,30,2
117,MVN-J-Boning-79-001,0,41836,41954,41955,60,60,30,2
117,MVN-J-Boning-79-001,0,41896,42014,42015,60,60,30,2
117,MVN-J-Boning-79-001,0,41956,42074,42075,60,60,30,2
117,MVN-J-Boning-79-001,0,42016,42134,42135,60,60,30,2
117,MVN-J-Boning-79-001,0,42076,42194,42195,60,60,30,2
117,MVN-J-Boning-79-001,0,42136,42254,42255,60,60,30,2
117,MVN-J-Boning-79-001,0,42196,42314,42315,60,60,30,2
117,MVN-J-Boning-79-001,0,42256,42374,42375,60,60,30,2
117,MVN-J-Boning-79-001,0,42376,42408,42409,17,60,30,2
118,MVN-J-Boning-79-001,3,42410,42526,42527,59,60,30,2
119,MVN-J-Boning-79-001,4,42528,42705,42706,60,60,30,3
119,MVN-J-Boning-79-001,4,42618,42795,42796,60,60,30,3
119,MVN-J-Boning-79-001,4,42708,42885,42886,60,60,30,3
119,MVN-J-Boning-79-001,4,42798,42975,42976,60,60,30,3
119,MVN-J-Boning-79-001,4,42888,43065,43066,60,60,30,3
119,MVN-J-Boning-79-001,4,42978,43155,43156,60,60,30,3
119,MVN-J-Boning-79-001,4,43068,43245,43246,60,60,30,3
119,MVN-J-Boning-79-001,4,43158,43335,43336,60,60,30,3
119,MVN-J-Boning-79-001,4,43248,43425,43426,60,60,30,3
119,MVN-J-Boning-79-001,4,43338,43515,43516,60,60,30,3
119,MVN-J-Boning-79-001,4,43428,43605,43606,60,60,30,3
119,MVN-J-Boning-79-001,4,43518,43695,43696,60,60,30,3
119,MVN-J-Boning-79-001,4,43608,43785,43786,60,60,30,3
119,MVN-J-Boning-79-001,4,43698,43875,43876,60,60,30,3
119,MVN-J-Boning-79-001,4,43788,43965,43966,60,60,30,3
119,MVN-J-Boning-79-001,4,43968,43980,43981,5,60,30,3
120,MVN-J-Boning-79-001,8,43983,44101,44102,60,60,20,2
120,MVN-J-Boning-79-001,8,44023,44141,44142,60,60,20,2
120,MVN-J-Boning-79-001,8,44063,44181,44182,60,60,20,2
120,MVN-J-Boning-79-001,8,44183,44183,44184,1,60,20,2
121,MVN-J-Boning-79-001,0,44185,44303,44304,60,60,30,2
121,MVN-J-Boning-79-001,0,44245,44363,44364,60,60,30,2
121,MVN-J-Boning-79-001,0,44305,44423,44424,60,60,30,2
121,MVN-J-Boning-79-001,0,44365,44483,44484,60,60,30,2
121,MVN-J-Boning-79-001,0,44425,44543,44544,60,60,30,2
121,MVN-J-Boning-79-001,0,44485,44603,44604,60,60,30,2
121,MVN-J-Boning-79-001,0,44545,44663,44664,60,60,30,2
121,MVN-J-Boning-79-001,0,44605,44723,44724,60,60,30,2
121,MVN-J-Boning-79-001,0,44665,44783,44784,60,60,30,2
121,MVN-J-Boning-79-001,0,44725,44843,44844,60,60,30,2
121,MVN-J-Boning-79-001,0,44785,44903,44904,60,60,30,2
121,MVN-J-Boning-79-001,0,44845,44963,44964,60,60,30,2
121,MVN-J-Boning-79-001,0,44965,44991,44992,14,60,30,2
122,MVN-J-Boning-79-001,2,44993,45111,45112,60,60,30,2
122,MVN-J-Boning-79-001,2,45053,45171,45172,60,60,30,2
122,MVN-J-Boning-79-001,2,45113,45231,45232,60,60,30,2
122,MVN-J-Boning-79-001,2,45173,45291,45292,60,60,30,2
122,MVN-J-Boning-79-001,2,45233,45351,45352,60,60,30,2
122,MVN-J-Boning-79-001,2,45293,45411,45412,60,60,30,2
122,MVN-J-Boning-79-001,2,45353,45471,45472,60,60,30,2
122,MVN-J-Boning-79-001,2,45413,45531,45532,60,60,30,2
122,MVN-J-Boning-79-001,2,45473,45591,45592,60,60,30,2
122,MVN-J-Boning-79-001,2,45533,45651,45652,60,60,30,2
122,MVN-J-Boning-79-001,2,45593,45711,45712,60,60,30,2
122,MVN-J-Boning-79-001,2,45653,45771,45772,60,60,30,2
122,MVN-J-Boning-79-001,2,45713,45831,45832,60,60,30,2
122,MVN-J-Boning-79-001,2,45773,45891,45892,60,60,30,2
122,MVN-J-Boning-79-001,2,45833,45951,45952,60,60,30,2
122,MVN-J-Boning-79-001,2,45893,46011,46012,60,60,30,2
122,MVN-J-Boning-79-001,2,46013,46053,46054,21,60,30,2
123,MVN-J-Boning-79-001,0,46055,46173,46174,60,60,30,2
123,MVN-J-Boning-79-001,0,46115,46233,46234,60,60,30,2
123,MVN-J-Boning-79-001,0,46175,46293,46294,60,60,30,2
123,MVN-J-Boning-79-001,0,46235,46353,46354,60,60,30,2
123,MVN-J-Boning-79-001,0,46295,46413,46414,60,60,30,2
123,MVN-J-Boning-79-001,0,46355,46473,46474,60,60,30,2
123,MVN-J-Boning-79-001,0,46415,46533,46534,60,60,30,2
123,MVN-J-Boning-79-001,0,46475,46593,46594,60,60,30,2
123,MVN-J-Boning-79-001,0,46535,46653,46654,60,60,30,2
123,MVN-J-Boning-79-001,0,46595,46713,46714,60,60,30,2
123,MVN-J-Boning-79-001,0,46655,46773,46774,60,60,30,2
123,MVN-J-Boning-79-001,0,46775,46827,46828,27,60,30,2
124,MVN-J-Boning-79-001,3,46829,46947,46948,60,60,30,2
124,MVN-J-Boning-79-001,3,46949,46979,46980,16,60,30,2
125,MVN-J-Boning-79-001,4,46981,47158,47159,60,60,30,3
125,MVN-J-Boning-79-001,4,47071,47248,47249,60,60,30,3
125,MVN-J-Boning-79-001,4,47161,47338,47339,60,60,30,3
125,MVN-J-Boning-79-001,4,47251,47428,47429,60,60,30,3
125,MVN-J-Boning-79-001,4,47341,47518,47519,60,60,30,3
125,MVN-J-Boning-79-001,4,47431,47608,47609,60,60,30,3
125,MVN-J-Boning-79-001,4,47521,47698,47699,60,60,30,3
125,MVN-J-Boning-79-001,4,47611,47788,47789,60,60,30,3
125,MVN-J-Boning-79-001,4,47701,47878,47879,60,60,30,3
125,MVN-J-Boning-79-001,4,47791,47968,47969,60,60,30,3
125,MVN-J-Boning-79-001,4,47881,48058,48059,60,60,30,3
125,MVN-J-Boning-79-001,4,47971,48148,48149,60,60,30,3
125,MVN-J-Boning-79-001,4,48061,48238,48239,60,60,30,3
125,MVN-J-Boning-79-001,4,48151,48328,48329,60,60,30,3
125,MVN-J-Boning-79-001,4,48241,48418,48419,60,60,30,3
125,MVN-J-Boning-79-001,4,48331,48508,48509,60,60,30,3
125,MVN-J-Boning-79-001,4,48421,48598,48599,60,60,30,3
125,MVN-J-Boning-79-001,4,48511,48688,48689,60,60,30,3
125,MVN-J-Boning-79-001,4,48601,48778,48779,60,60,30,3
125,MVN-J-Boning-79-001,4,48691,48868,48869,60,60,30,3
125,MVN-J-Boning-79-001,4,48871,48943,48944,25,60,30,3
126,MVN-J-Boning-79-001,8,48946,49064,49065,60,60,20,2
126,MVN-J-Boning-79-001,8,48986,49104,49105,60,60,20,2
126,MVN-J-Boning-79-001,8,49106,49112,49113,4,60,20,2
127,MVN-J-Boning-79-001,0,49114,49232,49233,60,60,30,2
127,MVN-J-Boning-79-001,0,49234,49272,49273,20,60,30,2
128,MVN-J-Boning-79-001,2,49273,49391,49392,60,60,30,2
128,MVN-J-Boning-79-001,2,49333,49451,49452,60,60,30,2
128,MVN-J-Boning-79-001,2,49393,49511,49512,60,60,30,2
128,MVN-J-Boning-79-001,2,49453,49571,49572,60,60,30,2
128,MVN-J-Boning-79-001,2,49513,49631,49632,60,60,30,2
128,MVN-J-Boning-79-001,2,49573,49691,49692,60,60,30,2
128,MVN-J-Boning-79-001,2,49633,49751,49752,60,60,30,2
128,MVN-J-Boning-79-001,2,49693,49811,49812,60,60,30,2
128,MVN-J-Boning-79-001,2,49753,49871,49872,60,60,30,2
128,MVN-J-Boning-79-001,2,49813,49931,49932,60,60,30,2
128,MVN-J-Boning-79-001,2,49873,49991,49992,60,60,30,2
128,MVN-J-Boning-79-001,2,49933,50051,50052,60,60,30,2
128,MVN-J-Boning-79-001,2,49993,50111,50112,60,60,30,2
128,MVN-J-Boning-79-001,2,50053,50171,50172,60,60,30,2
128,MVN-J-Boning-79-001,2,50113,50231,50232,60,60,30,2
128,MVN-J-Boning-79-001,2,50173,50291,50292,60,60,30,2
128,MVN-J-Boning-79-001,2,50233,50351,50352,60,60,30,2
128,MVN-J-Boning-79-001,2,50293,50411,50412,60,60,30,2
128,MVN-J-Boning-79-001,2,50353,50471,50472,60,60,30,2
128,MVN-J-Boning-79-001,2,50413,50531,50532,60,60,30,2
128,MVN-J-Boning-79-001,2,50533,50537,50538,3,60,30,2
129,MVN-J-Boning-79-001,0,50539,50657,50658,60,60,30,2
129,MVN-J-Boning-79-001,0,50599,50717,50718,60,60,30,2
129,MVN-J-Boning-79-001,0,50659,50777,50778,60,60,30,2
129,MVN-J-Boning-79-001,0,50719,50837,50838,60,60,30,2
129,MVN-J-Boning-79-001,0,50779,50897,50898,60,60,30,2
129,MVN-J-Boning-79-001,0,50839,50957,50958,60,60,30,2
129,MVN-J-Boning-79-001,0,50959,51011,51012,27,60,30,2
130,MVN-J-Boning-79-001,3,51013,51131,51132,60,60,30,2
130,MVN-J-Boning-79-001,3,51073,51191,51192,60,60,30,2
130,MVN-J-Boning-79-001,3,51193,51223,51224,16,60,30,2
131,MVN-J-Boning-79-001,4,51224,51401,51402,60,60,30,3
131,MVN-J-Boning-79-001,4,51314,51491,51492,60,60,30,3
131,MVN-J-Boning-79-001,4,51404,51581,51582,60,60,30,3
131,MVN-J-Boning-79-001,4,51494,51671,51672,60,60,30,3
131,MVN-J-Boning-79-001,4,51584,51761,51762,60,60,30,3
131,MVN-J-Boning-79-001,4,51674,51851,51852,60,60,30,3
131,MVN-J-Boning-79-001,4,51764,51941,51942,60,60,30,3
131,MVN-J-Boning-79-001,4,51854,52031,52032,60,60,30,3
131,MVN-J-Boning-79-001,4,51944,52121,52122,60,60,30,3
131,MVN-J-Boning-79-001,4,52034,52211,52212,60,60,30,3
131,MVN-J-Boning-79-001,4,52124,52301,52302,60,60,30,3
131,MVN-J-Boning-79-001,4,52214,52391,52392,60,60,30,3
131,MVN-J-Boning-79-001,4,52304,52481,52482,60,60,30,3
131,MVN-J-Boning-79-001,4,52394,52571,52572,60,60,30,3
131,MVN-J-Boning-79-001,4,52484,52661,52662,60,60,30,3
131,MVN-J-Boning-79-001,4,52574,52751,52752,60,60,30,3
131,MVN-J-Boning-79-001,4,52664,52841,52842,60,60,30,3
131,MVN-J-Boning-79-001,4,52754,52931,52932,60,60,30,3
131,MVN-J-Boning-79-001,4,52844,53021,53022,60,60,30,3
131,MVN-J-Boning-79-001,4,52934,53111,53112,60,60,30,3
131,MVN-J-Boning-79-001,4,53024,53201,53202,60,60,30,3
131,MVN-J-Boning-79-001,4,53114,53291,53292,60,60,30,3
131,MVN-J-Boning-79-001,4,53204,53381,53382,60,60,30,3
131,MVN-J-Boning-79-001,4,53294,53471,53472,60,60,30,3
131,MVN-J-Boning-79-001,4,53474,53519,53520,16,60,30,3
132,MVN-J-Boning-79-001,8,53522,53640,53641,60,60,20,2
132,MVN-J-Boning-79-001,8,53562,53680,53681,60,60,20,2
132,MVN-J-Boning-79-001,8,53602,53720,53721,60,60,20,2
132,MVN-J-Boning-79-001,8,53722,53728,53729,4,60,20,2
133,MVN-J-Boning-79-001,2,53729,53847,53848,60,60,30,2
133,MVN-J-Boning-79-001,2,53789,53907,53908,60,60,30,2
133,MVN-J-Boning-79-001,2,53849,53967,53968,60,60,30,2
133,MVN-J-Boning-79-001,2,53909,54027,54028,60,60,30,2
133,MVN-J-Boning-79-001,2,53969,54087,54088,60,60,30,2
133,MVN-J-Boning-79-001,2,54029,54147,54148,60,60,30,2
133,MVN-J-Boning-79-001,2,54149,54191,54192,22,60,30,2
134,MVN-J-Boning-90-001,2,0,118,119,60,60,30,2
134,MVN-J-Boning-90-001,2,60,178,179,60,60,30,2
134,MVN-J-Boning-90-001,2,120,238,239,60,60,30,2
134,MVN-J-Boning-90-001,2,240,286,287,24,60,30,2
135,MVN-J-Boning-90-001,0,287,373,374,44,60,30,2
136,MVN-J-Boning-90-001,3,375,485,486,56,60,30,2
137,MVN-J-Boning-90-001,4,486,663,664,60,60,30,3
137,MVN-J-Boning-90-001,4,576,753,754,60,60,30,3
137,MVN-J-Boning-90-001,4,666,843,844,60,60,30,3
137,MVN-J-Boning-90-001,4,756,933,934,60,60,30,3
137,MVN-J-Boning-90-001,4,846,1023,1024,60,60,30,3
137,MVN-J-Boning-90-001,4,936,1113,1114,60,60,30,3
137,MVN-J-Boning-90-001,4,1026,1203,1204,60,60,30,3
137,MVN-J-Boning-90-001,4,1116,1293,1294,60,60,30,3
137,MVN-J-Boning-90-001,4,1206,1383,1384,60,60,30,3
137,MVN-J-Boning-90-001,4,1296,1473,1474,60,60,30,3
137,MVN-J-Boning-90-001,4,1476,1485,1486,4,60,30,3
138,MVN-J-Boning-90-001,8,1487,1605,1606,60,60,20,2
138,MVN-J-Boning-90-001,8,1607,1643,1644,19,60,20,2
139,MVN-J-Boning-90-001,1,1644,1762,1763,60,60,30,2
139,MVN-J-Boning-90-001,1,1764,1784,1785,11,60,30,2
140,MVN-J-Boning-90-001,2,1786,1904,1905,60,60,30,2
140,MVN-J-Boning-90-001,2,1846,1964,1965,60,60,30,2
140,MVN-J-Boning-90-001,2,1906,2024,2025,60,60,30,2
140,MVN-J-Boning-90-001,2,1966,2084,2085,60,60,30,2
140,MVN-J-Boning-90-001,2,2026,2144,2145,60,60,30,2
140,MVN-J-Boning-90-001,2,2086,2204,2205,60,60,30,2
140,MVN-J-Boning-90-001,2,2146,2264,2265,60,60,30,2
140,MVN-J-Boning-90-001,2,2206,2324,2325,60,60,30,2
140,MVN-J-Boning-90-001,2,2266,2384,2385,60,60,30,2
140,MVN-J-Boning-90-001,2,2326,2444,2445,60,60,30,2
140,MVN-J-Boning-90-001,2,2386,2504,2505,60,60,30,2
140,MVN-J-Boning-90-001,2,2446,2564,2565,60,60,30,2
140,MVN-J-Boning-90-001,2,2506,2624,2625,60,60,30,2
140,MVN-J-Boning-90-001,2,2566,2684,2685,60,60,30,2
140,MVN-J-Boning-90-001,2,2626,2744,2745,60,60,30,2
140,MVN-J-Boning-90-001,2,2746,2780,2781,18,60,30,2
141,MVN-J-Boning-90-001,1,2782,2876,2877,48,60,30,2
142,MVN-J-Boning-90-001,0,2878,2996,2997,60,60,30,2
142,MVN-J-Boning-90-001,0,2938,3056,3057,60,60,30,2
142,MVN-J-Boning-90-001,0,2998,3116,3117,60,60,30,2
142,MVN-J-Boning-90-001,0,3118,3168,3169,26,60,30,2
143,MVN-J-Boning-90-001,1,3170,3288,3289,60,60,30,2
143,MVN-J-Boning-90-001,1,3290,3306,3307,9,60,30,2
144,MVN-J-Boning-90-001,0,3307,3425,3426,60,60,30,2
144,MVN-J-Boning-90-001,0,3367,3485,3486,60,60,30,2
144,MVN-J-Boning-90-001,0,3427,3545,3546,60,60,30,2
144,MVN-J-Boning-90-001,0,3487,3605,3606,60,60,30,2
144,MVN-J-Boning-90-001,0,3547,3665,3666,60,60,30,2
144,MVN-J-Boning-90-001,0,3607,3725,3726,60,60,30,2
144,MVN-J-Boning-90-001,0,3667,3785,3786,60,60,30,2
144,MVN-J-Boning-90-001,0,3727,3845,3846,60,60,30,2
144,MVN-J-Boning-90-001,0,3787,3905,3906,60,60,30,2
144,MVN-J-Boning-90-001,0,3847,3965,3966,60,60,30,2
144,MVN-J-Boning-90-001,0,3907,4025,4026,60,60,30,2
144,MVN-J-Boning-90-001,0,3967,4085,4086,60,60,30,2
144,MVN-J-Boning-90-001,0,4027,4145,4146,60,60,30,2
144,MVN-J-Boning-90-001,0,4147,4149,4150,2,60,30,2
145,MVN-J-Boning-90-001,1,4150,4246,4247,49,60,30,2
146,MVN-J-Boning-90-001,3,4247,4365,4366,60,60,30,2
146,MVN-J-Boning-90-001,3,4307,4425,4426,60,60,30,2
146,MVN-J-Boning-90-001,3,4367,4485,4486,60,60,30,2
146,MVN-J-Boning-90-001,3,4487,4511,4512,13,60,30,2
147,MVN-J-Boning-90-001,4,4513,4690,4691,60,60,30,3
147,MVN-J-Boning-90-001,4,4603,4780,4781,60,60,30,3
147,MVN-J-Boning-90-001,4,4693,4870,4871,60,60,30,3
147,MVN-J-Boning-90-001,4,4783,4960,4961,60,60,30,3
147,MVN-J-Boning-90-001,4,4873,5050,5051,60,60,30,3
147,MVN-J-Boning-90-001,4,4963,5140,5141,60,60,30,3
147,MVN-J-Boning-90-001,4,5053,5230,5231,60,60,30,3
147,MVN-J-Boning-90-001,4,5143,5320,5321,60,60,30,3
147,MVN-J-Boning-90-001,4,5233,5410,5411,60,60,30,3
147,MVN-J-Boning-90-001,4,5323,5500,5501,60,60,30,3
147,MVN-J-Boning-90-001,4,5503,5521,5522,7,60,30,3
148,MVN-J-Boning-90-001,0,5524,5642,5643,60,60,30,2
148,MVN-J-Boning-90-001,0,5584,5702,5703,60,60,30,2
148,MVN-J-Boning-90-001,0,5644,5762,5763,60,60,30,2
148,MVN-J-Boning-90-001,0,5764,5782,5783,10,60,30,2
149,MVN-J-Boning-90-001,2,5783,5901,5902,60,60,30,2
149,MVN-J-Boning-90-001,2,5843,5961,5962,60,60,30,2
149,MVN-J-Boning-90-001,2,5963,5969,5970,4,60,30,2
150,MVN-J-Boning-90-002,4,0,177,178,60,60,30,3
150,MVN-J-Boning-90-002,4,180,213,214,12,60,30,3
151,MVN-J-Boning-90-002,3,216,232,233,9,60,30,2
152,MVN-J-Boning-90-002,4,234,357,358,42,60,30,3
153,MVN-J-Boning-90-002,8,358,460,461,52,60,20,2
154,MVN-J-Boning-90-002,0,461,579,580,60,60,30,2
154,MVN-J-Boning-90-002,0,521,639,640,60,60,30,2
154,MVN-J-Boning-90-002,0,581,699,700,60,60,30,2
154,MVN-J-Boning-90-002,0,701,747,748,24,60,30,2
155,MVN-J-Boning-90-002,2,748,866,867,60,60,30,2
155,MVN-J-Boning-90-002,2,808,926,927,60,60,30,2
155,MVN-J-Boning-90-002,2,868,986,987,60,60,30,2
155,MVN-J-Boning-90-002,2,928,1046,1047,60,60,30,2
155,MVN-J-Boning-90-002,2,988,1106,1107,60,60,30,2
155,MVN-J-Boning-90-002,2,1048,1166,1167,60,60,30,2
155,MVN-J-Boning-90-002,2,1108,1226,1227,60,60,30,2
155,MVN-J-Boning-90-002,2,1228,1276,1277,25,60,30,2
156,MVN-J-Boning-90-002,1,1278,1396,1397,60,60,30,2
156,MVN-J-Boning-90-002,1,1338,1456,1457,60,60,30,2
156,MVN-J-Boning-90-002,1,1398,1516,1517,60,60,30,2
156,MVN-J-Boning-90-002,1,1458,1576,1577,60,60,30,2
156,MVN-J-Boning-90-002,1,1518,1636,1637,60,60,30,2
156,MVN-J-Boning-90-002,1,1578,1696,1697,60,60,30,2
156,MVN-J-Boning-90-002,1,1638,1756,1757,60,60,30,2
156,MVN-J-Boning-90-002,1,1698,1816,1817,60,60,30,2
156,MVN-J-Boning-90-002,1,1758,1876,1877,60,60,30,2
156,MVN-J-Boning-90-002,1,1818,1936,1937,60,60,30,2
156,MVN-J-Boning-90-002,1,1938,1968,1969,16,60,30,2
157,MVN-J-Boning-90-002,0,1969,2087,2088,60,60,30,2
157,MVN-J-Boning-90-002,0,2029,2147,2148,60,60,30,2
157,MVN-J-Boning-90-002,0,2089,2207,2208,60,60,30,2
157,MVN-J-Boning-90-002,0,2149,2267,2268,60,60,30,2
157,MVN-J-Boning-90-002,0,2209,2327,2328,60,60,30,2
157,MVN-J-Boning-90-002,0,2269,2387,2388,60,60,30,2
157,MVN-J-Boning-90-002,0,2329,2447,2448,60,60,30,2
157,MVN-J-Boning-90-002,0,2389,2507,2508,60,60,30,2
157,MVN-J-Boning-90-002,0,2449,2567,2568,60,60,30,2
157,MVN-J-Boning-90-002,0,2509,2627,2628,60,60,30,2
157,MVN-J-Boning-90-002,0,2569,2687,2688,60,60,30,2
157,MVN-J-Boning-90-002,0,2629,2747,2748,60,60,30,2
157,MVN-J-Boning-90-002,0,2689,2807,2808,60,60,30,2
157,MVN-J-Boning-90-002,0,2749,2867,2868,60,60,30,2
158,MVN-J-Boning-90-002,1,2869,2969,2970,51,60,30,2
159,MVN-J-Boning-90-002,3,2971,3065,3066,48,60,30,2
160,MVN-J-Boning-90-002,4,3066,3243,3244,60,60,30,3
160,MVN-J-Boning-90-002,4,3156,3333,3334,60,60,30,3
160,MVN-J-Boning-90-002,4,3246,3423,3424,60,60,30,3
160,MVN-J-Boning-90-002,4,3336,3513,3514,60,60,30,3
160,MVN-J-Boning-90-002,4,3426,3603,3604,60,60,30,3
160,MVN-J-Boning-90-002,4,3516,3693,3694,60,60,30,3
160,MVN-J-Boning-90-002,4,3606,3783,3784,60,60,30,3
160,MVN-J-Boning-90-002,4,3696,3873,3874,60,60,30,3
160,MVN-J-Boning-90-002,4,3786,3963,3964,60,60,30,3
160,MVN-J-Boning-90-002,4,3966,3999,4000,12,60,30,3
161,MVN-J-Boning-90-002,8,4000,4084,4085,43,60,20,2
162,MVN-J-Boning-90-002,1,4085,4203,4204,60,60,30,2
162,MVN-J-Boning-90-002,1,4145,4263,4264,60,60,30,2
162,MVN-J-Boning-90-002,1,4265,4271,4272,4,60,30,2
163,MVN-J-Boning-90-002,3,4273,4391,4392,60,60,30,2
163,MVN-J-Boning-90-002,3,4393,4449,4450,29,60,30,2
164,MVN-J-Boning-90-002,4,4451,4628,4629,60,60,30,3
164,MVN-J-Boning-90-002,4,4541,4718,4719,60,60,30,3
164,MVN-J-Boning-90-002,4,4631,4808,4809,60,60,30,3
164,MVN-J-Boning-90-002,4,4721,4898,4899,60,60,30,3
164,MVN-J-Boning-90-002,4,4811,4988,4989,60,60,30,3
164,MVN-J-Boning-90-002,4,4901,5078,5079,60,60,30,3
164,MVN-J-Boning-90-002,4,4991,5168,5169,60,60,30,3
164,MVN-J-Boning-90-002,4,5081,5258,5259,60,60,30,3
164,MVN-J-Boning-90-002,4,5171,5348,5349,60,60,30,3
164,MVN-J-Boning-90-002,4,5261,5438,5439,60,60,30,3
164,MVN-J-Boning-90-002,4,5351,5528,5529,60,60,30,3
164,MVN-J-Boning-90-002,4,5531,5588,5589,20,60,30,3
165,MVN-J-Boning-90-002,8,5590,5708,5709,60,60,20,2
165,MVN-J-Boning-90-002,8,5710,5714,5715,3,60,20,2
166,MVN-J-Boning-90-002,2,5715,5833,5834,60,60,30,2
166,MVN-J-Boning-90-002,2,5775,5893,5894,60,60,30,2
166,MVN-J-Boning-90-002,2,5835,5953,5954,60,60,30,2
166,MVN-J-Boning-90-002,2,5895,6013,6014,60,60,30,2
166,MVN-J-Boning-90-002,2,5955,6073,6074,60,60,30,2
166,MVN-J-Boning-90-002,2,6015,6133,6134,60,60,30,2
166,MVN-J-Boning-90-002,2,6075,6193,6194,60,60,30,2
166,MVN-J-Boning-90-002,2,6135,6253,6254,60,60,30,2
166,MVN-J-Boning-90-002,2,6195,6313,6314,60,60,30,2
166,MVN-J-Boning-90-002,2,6315,6329,6330,8,60,30,2
167,MVN-J-Boning-90-002,3,6330,6448,6449,60,60,30,2
167,MVN-J-Boning-90-002,3,6450,6496,6497,24,60,30,2
168,MVN-J-Boning-90-002,4,6497,6674,6675,60,60,30,3
168,MVN-J-Boning-90-002,4,6587,6764,6765,60,60,30,3
168,MVN-J-Boning-90-002,4,6677,6854,6855,60,60,30,3
168,MVN-J-Boning-90-002,4,6767,6944,6945,60,60,30,3
168,MVN-J-Boning-90-002,4,6857,7034,7035,60,60,30,3
168,MVN-J-Boning-90-002,4,6947,7124,7125,60,60,30,3
168,MVN-J-Boning-90-002,4,7037,7214,7215,60,60,30,3
168,MVN-J-Boning-90-002,4,7127,7304,7305,60,60,30,3
168,MVN-J-Boning-90-002,4,7217,7394,7395,60,60,30,3
168,MVN-J-Boning-90-002,4,7307,7484,7485,60,60,30,3
168,MVN-J-Boning-90-002,4,7397,7574,7575,60,60,30,3
168,MVN-J-Boning-90-002,4,7487,7664,7665,60,60,30,3
168,MVN-J-Boning-90-002,4,7577,7754,7755,60,60,30,3
168,MVN-J-Boning-90-002,4,7667,7844,7845,60,60,30,3
168,MVN-J-Boning-90-002,4,7757,7934,7935,60,60,30,3
168,MVN-J-Boning-90-002,4,7847,8024,8025,60,60,30,3
168,MVN-J-Boning-90-002,4,7937,8114,8115,60,60,30,3
168,MVN-J-Boning-90-002,4,8027,8204,8205,60,60,30,3
168,MVN-J-Boning-90-002,4,8117,8294,8295,60,60,30,3
168,MVN-J-Boning-90-002,4,8297,8306,8307,4,60,30,3
169,MVN-J-Boning-90-002,8,8308,8422,8423,58,60,20,2
170,MVN-J-Boning-90-002,2,8423,8541,8542,60,60,30,2
170,MVN-J-Boning-90-002,2,8483,8601,8602,60,60,30,2
170,MVN-J-Boning-90-002,2,8543,8661,8662,60,60,30,2
170,MVN-J-Boning-90-002,2,8603,8721,8722,60,60,30,2
170,MVN-J-Boning-90-002,2,8663,8781,8782,60,60,30,2
170,MVN-J-Boning-90-002,2,8723,8841,8842,60,60,30,2
170,MVN-J-Boning-90-002,2,8783,8901,8902,60,60,30,2
170,MVN-J-Boning-90-002,2,8843,8961,8962,60,60,30,2
170,MVN-J-Boning-90-002,2,8903,9021,9022,60,60,30,2
170,MVN-J-Boning-90-002,2,8963,9081,9082,60,60,30,2
170,MVN-J-Boning-90-002,2,9083,9085,9086,2,60,30,2
171,MVN-J-Boning-90-002,3,9087,9189,9190,52,60,30,2
172,MVN-J-Boning-90-002,4,9191,9368,9369,60,60,30,3
172,MVN-J-Boning-90-002,4,9281,9458,9459,60,60,30,3
172,MVN-J-Boning-90-002,4,9371,9548,9549,60,60,30,3
172,MVN-J-Boning-90-002,4,9461,9638,9639,60,60,30,3
172,MVN-J-Boning-90-002,4,9551,9728,9729,60,60,30,3
172,MVN-J-Boning-90-002,4,9641,9818,9819,60,60,30,3
172,MVN-J-Boning-90-002,4,9731,9908,9909,60,60,30,3
172,MVN-J-Boning-90-002,4,9821,9998,9999,60,60,30,3
172,MVN-J-Boning-90-002,4,9911,10088,10089,60,60,30,3
172,MVN-J-Boning-90-002,4,10091,10151,10152,21,60,30,3
173,MVN-J-Boning-90-002,8,10153,10271,10272,60,60,20,2
173,MVN-J-Boning-90-002,8,10193,10311,10312,60,60,20,2
173,MVN-J-Boning-90-002,8,10313,10333,10334,11,60,20,2
174,MVN-J-Boning-90-002,0,10334,10452,10453,60,60,30,2
174,MVN-J-Boning-90-002,0,10394,10512,10513,60,60,30,2
174,MVN-J-Boning-90-002,0,10454,10572,10573,60,60,30,2
174,MVN-J-Boning-90-002,0,10514,10632,10633,60,60,30,2
174,MVN-J-Boning-90-002,0,10574,10692,10693,60,60,30,2
174,MVN-J-Boning-90-002,0,10634,10752,10753,60,60,30,2
174,MVN-J-Boning-90-002,0,10754,10788,10789,18,60,30,2
175,MVN-J-Boning-90-002,2,10789,10907,10908,60,60,30,2
175,MVN-J-Boning-90-002,2,10849,10967,10968,60,60,30,2
175,MVN-J-Boning-90-002,2,10909,11027,11028,60,60,30,2
175,MVN-J-Boning-90-002,2,10969,11087,11088,60,60,30,2
175,MVN-J-Boning-90-002,2,11029,11147,11148,60,60,30,2
175,MVN-J-Boning-90-002,2,11089,11207,11208,60,60,30,2
175,MVN-J-Boning-90-002,2,11149,11267,11268,60,60,30,2
175,MVN-J-Boning-90-002,2,11209,11327,11328,60,60,30,2
175,MVN-J-Boning-90-002,2,11269,11387,11388,60,60,30,2
175,MVN-J-Boning-90-002,2,11329,11447,11448,60,60,30,2
175,MVN-J-Boning-90-002,2,11389,11507,11508,60,60,30,2
175,MVN-J-Boning-90-002,2,11449,11567,11568,60,60,30,2
175,MVN-J-Boning-90-002,2,11509,11627,11628,60,60,30,2
175,MVN-J-Boning-90-002,2,11629,11667,11668,20,60,30,2
176,MVN-J-Boning-90-002,3,11669,11787,11788,60,60,30,2
176,MVN-J-Boning-90-002,3,11789,11809,11810,11,60,30,2
177,MVN-J-Boning-90-002,4,11811,11988,11989,60,60,30,3
177,MVN-J-Boning-90-002,4,11901,12078,12079,60,60,30,3
177,MVN-J-Boning-90-002,4,11991,12168,12169,60,60,30,3
177,MVN-J-Boning-90-002,4,12081,12258,12259,60,60,30,3
177,MVN-J-Boning-90-002,4,12171,12348,12349,60,60,30,3
177,MVN-J-Boning-90-002,4,12261,12438,12439,60,60,30,3
177,MVN-J-Boning-90-002,4,12351,12528,12529,60,60,30,3
177,MVN-J-Boning-90-002,4,12441,12618,12619,60,60,30,3
177,MVN-J-Boning-90-002,4,12531,12708,12709,60,60,30,3
177,MVN-J-Boning-90-002,4,12621,12798,12799,60,60,30,3
177,MVN-J-Boning-90-002,4,12711,12888,12889,60,60,30,3
177,MVN-J-Boning-90-002,4,12891,12897,12898,3,60,30,3
178,MVN-J-Boning-90-002,8,12898,13016,13017,60,60,20,2
178,MVN-J-Boning-90-002,8,13018,13020,13021,2,60,20,2
179,MVN-J-Boning-90-002,1,13021,13139,13140,60,60,30,2
179,MVN-J-Boning-90-002,1,13081,13199,13200,60,60,30,2
179,MVN-J-Boning-90-002,1,13201,13215,13216,8,60,30,2
180,MVN-J-Boning-90-002,0,13216,13334,13335,60,60,30,2
180,MVN-J-Boning-90-002,0,13276,13394,13395,60,60,30,2
180,MVN-J-Boning-90-002,0,13396,13446,13447,26,60,30,2
181,MVN-J-Boning-90-002,2,13448,13566,13567,60,60,30,2
181,MVN-J-Boning-90-002,2,13508,13626,13627,60,60,30,2
181,MVN-J-Boning-90-002,2,13568,13686,13687,60,60,30,2
181,MVN-J-Boning-90-002,2,13628,13746,13747,60,60,30,2
181,MVN-J-Boning-90-002,2,13688,13806,13807,60,60,30,2
181,MVN-J-Boning-90-002,2,13748,13866,13867,60,60,30,2
181,MVN-J-Boning-90-002,2,13808,13926,13927,60,60,30,2
181,MVN-J-Boning-90-002,2,13868,13986,13987,60,60,30,2
181,MVN-J-Boning-90-002,2,13928,14046,14047,60,60,30,2
181,MVN-J-Boning-90-002,2,13988,14106,14107,60,60,30,2
181,MVN-J-Boning-90-002,2,14108,14160,14161,27,60,30,2
182,MVN-J-Boning-90-002,3,14162,14280,14281,60,60,30,2
182,MVN-J-Boning-90-002,3,14222,14340,14341,60,60,30,2
182,MVN-J-Boning-90-002,3,14342,14388,14389,24,60,30,2
183,MVN-J-Boning-90-002,4,14390,14567,14568,60,60,30,3
183,MVN-J-Boning-90-002,4,14480,14657,14658,60,60,30,3
183,MVN-J-Boning-90-002,4,14570,14747,14748,60,60,30,3
183,MVN-J-Boning-90-002,4,14660,14837,14838,60,60,30,3
183,MVN-J-Boning-90-002,4,14750,14927,14928,60,60,30,3
183,MVN-J-Boning-90-002,4,14840,15017,15018,60,60,30,3
183,MVN-J-Boning-90-002,4,14930,15107,15108,60,60,30,3
183,MVN-J-Boning-90-002,4,15020,15197,15198,60,60,30,3
183,MVN-J-Boning-90-002,4,15110,15287,15288,60,60,30,3
183,MVN-J-Boning-90-002,4,15200,15377,15378,60,60,30,3
183,MVN-J-Boning-90-002,4,15290,15467,15468,60,60,30,3
183,MVN-J-Boning-90-002,4,15470,15536,15537,23,60,30,3
184,MVN-J-Boning-90-002,8,15538,15656,15657,60,60,20,2
184,MVN-J-Boning-90-002,8,15578,15696,15697,60,60,20,2
184,MVN-J-Boning-90-002,8,15618,15736,15737,60,60,20,2
184,MVN-J-Boning-90-002,8,15738,15740,15741,2,60,20,2
185,MVN-J-Boning-90-002,0,15741,15859,15860,60,60,30,2
185,MVN-J-Boning-90-002,0,15801,15919,15920,60,60,30,2
185,MVN-J-Boning-90-002,0,15921,15963,15964,22,60,30,2
186,MVN-J-Boning-90-002,2,15964,16082,16083,60,60,30,2
186,MVN-J-Boning-90-002,2,16024,16142,16143,60,60,30,2
186,MVN-J-Boning-90-002,2,16084,16202,16203,60,60,30,2
186,MVN-J-Boning-90-002,2,16144,16262,16263,60,60,30,2
186,MVN-J-Boning-90-002,2,16204,16322,16323,60,60,30,2
186,MVN-J-Boning-90-002,2,16264,16382,16383,60,60,30,2
186,MVN-J-Boning-90-002,2,16324,16442,16443,60,60,30,2
186,MVN-J-Boning-90-002,2,16384,16502,16503,60,60,30,2
186,MVN-J-Boning-90-002,2,16504,16526,16527,12,60,30,2
187,MVN-J-Boning-90-002,1,16527,16645,16646,60,60,30,2
187,MVN-J-Boning-90-002,1,16587,16705,16706,60,60,30,2
187,MVN-J-Boning-90-002,1,16647,16765,16766,60,60,30,2
187,MVN-J-Boning-90-002,1,16767,16773,16774,4,60,30,2
188,MVN-J-Boning-90-002,0,16775,16893,16894,60,60,30,2
188,MVN-J-Boning-90-002,0,16835,16953,16954,60,60,30,2
188,MVN-J-Boning-90-002,0,16895,17013,17014,60,60,30,2
188,MVN-J-Boning-90-002,0,16955,17073,17074,60,60,30,2
188,MVN-J-Boning-90-002,0,17015,17133,17134,60,60,30,2
188,MVN-J-Boning-90-002,0,17075,17193,17194,60,60,30,2
188,MVN-J-Boning-90-002,0,17135,17253,17254,60,60,30,2
188,MVN-J-Boning-90-002,0,17195,17313,17314,60,60,30,2
188,MVN-J-Boning-90-002,0,17255,17373,17374,60,60,30,2
188,MVN-J-Boning-90-002,0,17315,17433,17434,60,60,30,2
188,MVN-J-Boning-90-002,0,17375,17493,17494,60,60,30,2
188,MVN-J-Boning-90-002,0,17435,17553,17554,60,60,30,2
188,MVN-J-Boning-90-002,0,17495,17613,17614,60,60,30,2
188,MVN-J-Boning-90-002,0,17555,17673,17674,60,60,30,2
188,MVN-J-Boning-90-002,0,17615,17733,17734,60,60,30,2
188,MVN-J-Boning-90-002,0,17675,17793,17794,60,60,30,2
188,MVN-J-Boning-90-002,0,17735,17853,17854,60,60,30,2
188,MVN-J-Boning-90-002,0,17795,17913,17914,60,60,30,2
188,MVN-J-Boning-90-002,0,17855,17973,17974,60,60,30,2
188,MVN-J-Boning-90-002,0,17915,18033,18034,60,60,30,2
188,MVN-J-Boning-90-002,0,17975,18093,18094,60,60,30,2
188,MVN-J-Boning-90-002,0,18035,18153,18154,60,60,30,2
188,MVN-J-Boning-90-002,0,18155,18157,18158,2,60,30,2
189,MVN-J-Boning-90-002,3,18159,18277,18278,60,60,30,2
189,MVN-J-Boning-90-002,3,18219,18337,18338,60,60,30,2
189,MVN-J-Boning-90-002,3,18279,18397,18398,60,60,30,2
189,MVN-J-Boning-90-002,3,18399,18437,18438,20,60,30,2
190,MVN-J-Boning-90-002,4,18439,18616,18617,60,60,30,3
190,MVN-J-Boning-90-002,4,18529,18706,18707,60,60,30,3
190,MVN-J-Boning-90-002,4,18619,18796,18797,60,60,30,3
190,MVN-J-Boning-90-002,4,18709,18886,18887,60,60,30,3
190,MVN-J-Boning-90-002,4,18799,18976,18977,60,60,30,3
190,MVN-J-Boning-90-002,4,18889,19066,19067,60,60,30,3
190,MVN-J-Boning-90-002,4,18979,19156,19157,60,60,30,3
190,MVN-J-Boning-90-002,4,19069,19246,19247,60,60,30,3
190,MVN-J-Boning-90-002,4,19159,19336,19337,60,60,30,3
190,MVN-J-Boning-90-002,4,19339,19399,19400,21,60,30,3
191,MVN-J-Boning-90-002,8,19400,19518,19519,60,60,20,2
191,MVN-J-Boning-90-002,8,19440,19558,19559,60,60,20,2
191,MVN-J-Boning-90-002,8,19480,19598,19599,60,60,20,2
191,MVN-J-Boning-90-002,8,19600,19632,19633,17,60,20,2
192,MVN-J-Boning-90-002,1,19634,19752,19753,60,60,30,2
192,MVN-J-Boning-90-002,1,19754,19760,19761,4,60,30,2
193,MVN-J-Boning-90-002,0,19762,19880,19881,60,60,30,2
193,MVN-J-Boning-90-002,0,19822,19940,19941,60,60,30,2
193,MVN-J-Boning-90-002,0,19882,20000,20001,60,60,30,2
193,MVN-J-Boning-90-002,0,19942,20060,20061,60,60,30,2
193,MVN-J-Boning-90-002,0,20002,20120,20121,60,60,30,2
193,MVN-J-Boning-90-002,0,20062,20180,20181,60,60,30,2
193,MVN-J-Boning-90-002,0,20122,20240,20241,60,60,30,2
193,MVN-J-Boning-90-002,0,20242,20294,20295,27,60,30,2
194,MVN-J-Boning-90-002,2,20296,20414,20415,60,60,30,2
194,MVN-J-Boning-90-002,2,20356,20474,20475,60,60,30,2
194,MVN-J-Boning-90-002,2,20416,20534,20535,60,60,30,2
194,MVN-J-Boning-90-002,2,20476,20594,20595,60,60,30,2
194,MVN-J-Boning-90-002,2,20596,20646,20647,26,60,30,2
195,MVN-J-Boning-90-002,0,20647,20765,20766,60,60,30,2
195,MVN-J-Boning-90-002,0,20707,20825,20826,60,60,30,2
195,MVN-J-Boning-90-002,0,20767,20885,20886,60,60,30,2
195,MVN-J-Boning-90-002,0,20827,20945,20946,60,60,30,2
195,MVN-J-Boning-90-002,0,20887,21005,21006,60,60,30,2
195,MVN-J-Boning-90-002,0,20947,21065,21066,60,60,30,2
195,MVN-J-Boning-90-002,0,21007,21125,21126,60,60,30,2
195,MVN-J-Boning-90-002,0,21067,21185,21186,60,60,30,2
195,MVN-J-Boning-90-002,0,21127,21245,21246,60,60,30,2
195,MVN-J-Boning-90-002,0,21187,21305,21306,60,60,30,2
195,MVN-J-Boning-90-002,0,21247,21365,21366,60,60,30,2
195,MVN-J-Boning-90-002,0,21307,21425,21426,60,60,30,2
195,MVN-J-Boning-90-002,0,21367,21485,21486,60,60,30,2
195,MVN-J-Boning-90-002,0,21427,21545,21546,60,60,30,2
195,MVN-J-Boning-90-002,0,21487,21605,21606,60,60,30,2
195,MVN-J-Boning-90-002,0,21547,21665,21666,60,60,30,2
195,MVN-J-Boning-90-002,0,21607,21725,21726,60,60,30,2
195,MVN-J-Boning-90-002,0,21667,21785,21786,60,60,30,2
195,MVN-J-Boning-90-002,0,21727,21845,21846,60,60,30,2
195,MVN-J-Boning-90-002,0,21787,21905,21906,60,60,30,2
195,MVN-J-Boning-90-002,0,21847,21965,21966,60,60,30,2
195,MVN-J-Boning-90-002,0,21907,22025,22026,60,60,30,2
195,MVN-J-Boning-90-002,0,21967,22085,22086,60,60,30,2
195,MVN-J-Boning-90-002,0,22087,22141,22142,28,60,30,2
196,MVN-J-Boning-90-002,1,22143,22261,22262,60,60,30,2
196,MVN-J-Boning-90-002,1,22203,22321,22322,60,60,30,2
196,MVN-J-Boning-90-002,1,22323,22363,22364,21,60,30,2
197,MVN-J-Boning-90-002,0,22365,22483,22484,60,60,30,2
197,MVN-J-Boning-90-002,0,22425,22543,22544,60,60,30,2
197,MVN-J-Boning-90-002,0,22545,22553,22554,5,60,30,2
198,MVN-J-Boning-90-002,1,22554,22672,22673,60,60,30,2
198,MVN-J-Boning-90-002,1,22614,22732,22733,60,60,30,2
198,MVN-J-Boning-90-002,1,22734,22744,22745,6,60,30,2
199,MVN-J-Boning-90-002,0,22746,22838,22839,47,60,30,2
200,MVN-J-Boning-90-003,0,0,118,119,60,60,30,2
200,MVN-J-Boning-90-003,0,60,178,179,60,60,30,2
200,MVN-J-Boning-90-003,0,120,238,239,60,60,30,2
200,MVN-J-Boning-90-003,0,240,252,253,7,60,30,2
201,MVN-J-Boning-90-003,3,253,371,372,60,60,30,2
201,MVN-J-Boning-90-003,3,373,417,418,23,60,30,2
202,MVN-J-Boning-90-003,4,418,595,596,60,60,30,3
202,MVN-J-Boning-90-003,4,508,685,686,60,60,30,3
202,MVN-J-Boning-90-003,4,598,775,776,60,60,30,3
202,MVN-J-Boning-90-003,4,688,865,866,60,60,30,3
202,MVN-J-Boning-90-003,4,778,955,956,60,60,30,3
202,MVN-J-Boning-90-003,4,868,1045,1046,60,60,30,3
202,MVN-J-Boning-90-003,4,958,1135,1136,60,60,30,3
202,MVN-J-Boning-90-003,4,1048,1225,1226,60,60,30,3
202,MVN-J-Boning-90-003,4,1138,1315,1316,60,60,30,3
202,MVN-J-Boning-90-003,4,1228,1405,1406,60,60,30,3
202,MVN-J-Boning-90-003,4,1318,1495,1496,60,60,30,3
202,MVN-J-Boning-90-003,4,1408,1585,1586,60,60,30,3
202,MVN-J-Boning-90-003,4,1498,1675,1676,60,60,30,3
202,MVN-J-Boning-90-003,4,1588,1765,1766,60,60,30,3
202,MVN-J-Boning-90-003,4,1678,1855,1856,60,60,30,3
202,MVN-J-Boning-90-003,4,1858,1921,1922,22,60,30,3
203,MVN-J-Boning-90-003,8,1924,2042,2043,60,60,20,2
203,MVN-J-Boning-90-003,8,2044,2060,2061,9,60,20,2
204,MVN-J-Boning-90-003,1,2062,2180,2181,60,60,30,2
204,MVN-J-Boning-90-003,1,2122,2240,2241,60,60,30,2
204,MVN-J-Boning-90-003,1,2182,2300,2301,60,60,30,2
204,MVN-J-Boning-90-003,1,2242,2360,2361,60,60,30,2
204,MVN-J-Boning-90-003,1,2362,2372,2373,6,60,30,2
205,MVN-J-Boning-90-003,2,2374,2492,2493,60,60,30,2
205,MVN-J-Boning-90-003,2,2434,2552,2553,60,60,30,2
205,MVN-J-Boning-90-003,2,2494,2612,2613,60,60,30,2
205,MVN-J-Boning-90-003,2,2554,2672,2673,60,60,30,2
205,MVN-J-Boning-90-003,2,2614,2732,2733,60,60,30,2
205,MVN-J-Boning-90-003,2,2734,2764,2765,16,60,30,2
206,MVN-J-Boning-90-003,3,2765,2875,2876,56,60,30,2
207,MVN-J-Boning-90-003,4,2876,3053,3054,60,60,30,3
207,MVN-J-Boning-90-003,4,2966,3143,3144,60,60,30,3
207,MVN-J-Boning-90-003,4,3056,3233,3234,60,60,30,3
207,MVN-J-Boning-90-003,4,3146,3323,3324,60,60,30,3
207,MVN-J-Boning-90-003,4,3236,3413,3414,60,60,30,3
207,MVN-J-Boning-90-003,4,3326,3503,3504,60,60,30,3
207,MVN-J-Boning-90-003,4,3416,3593,3594,60,60,30,3
207,MVN-J-Boning-90-003,4,3506,3683,3684,60,60,30,3
207,MVN-J-Boning-90-003,4,3596,3773,3774,60,60,30,3
207,MVN-J-Boning-90-003,4,3686,3863,3864,60,60,30,3
207,MVN-J-Boning-90-003,4,3776,3953,3954,60,60,30,3
207,MVN-J-Boning-90-003,4,3866,4043,4044,60,60,30,3
207,MVN-J-Boning-90-003,4,3956,4133,4134,60,60,30,3
207,MVN-J-Boning-90-003,4,4046,4223,4224,60,60,30,3
207,MVN-J-Boning-90-003,4,4226,4229,4230,2,60,30,3
208,MVN-J-Boning-90-003,8,4232,4350,4351,60,60,20,2
208,MVN-J-Boning-90-003,8,4272,4390,4391,60,60,20,2
209,MVN-J-Boning-90-003,0,4392,4510,4511,60,60,30,2
209,MVN-J-Boning-90-003,0,4452,4570,4571,60,60,30,2
209,MVN-J-Boning-90-003,0,4512,4630,4631,60,60,30,2
209,MVN-J-Boning-90-003,0,4572,4690,4691,60,60,30,2
209,MVN-J-Boning-90-003,0,4632,4750,4751,60,60,30,2
209,MVN-J-Boning-90-003,0,4752,4776,4777,13,60,30,2
210,MVN-J-Boning-90-003,2,4777,4895,4896,60,60,30,2
210,MVN-J-Boning-90-003,2,4837,4955,4956,60,60,30,2
210,MVN-J-Boning-90-003,2,4897,5015,5016,60,60,30,2
210,MVN-J-Boning-90-003,2,4957,5075,5076,60,60,30,2
210,MVN-J-Boning-90-003,2,5077,5121,5122,23,60,30,2
211,MVN-J-Boning-90-003,1,5123,5241,5242,60,60,30,2
211,MVN-J-Boning-90-003,1,5183,5301,5302,60,60,30,2
211,MVN-J-Boning-90-003,1,5243,5361,5362,60,60,30,2
211,MVN-J-Boning-90-003,1,5303,5421,5422,60,60,30,2
211,MVN-J-Boning-90-003,1,5363,5481,5482,60,60,30,2
211,MVN-J-Boning-90-003,1,5423,5541,5542,60,60,30,2
211,MVN-J-Boning-90-003,1,5483,5601,5602,60,60,30,2
211,MVN-J-Boning-90-003,1,5543,5661,5662,60,60,30,2
211,MVN-J-Boning-90-003,1,5603,5721,5722,60,60,30,2
211,MVN-J-Boning-90-003,1,5663,5781,5782,60,60,30,2
211,MVN-J-Boning-90-003,1,5723,5841,5842,60,60,30,2
211,MVN-J-Boning-90-003,1,5783,5901,5902,60,60,30,2
211,MVN-J-Boning-90-003,1,5843,5961,5962,60,60,30,2
211,MVN-J-Boning-90-003,1,5903,6021,6022,60,60,30,2
211,MVN-J-Boning-90-003,1,5963,6081,6082,60,60,30,2
211,MVN-J-Boning-90-003,1,6083,6089,6090,4,60,30,2
212,MVN-J-Boning-90-003,3,6091,6205,6206,58,60,30,2
213,MVN-J-Boning-90-003,4,6206,6383,6384,60,60,30,3
213,MVN-J-Boning-90-003,4,6296,6473,6474,60,60,30,3
213,MVN-J-Boning-90-003,4,6386,6563,6564,60,60,30,3
213,MVN-J-Boning-90-003,4,6476,6653,6654,60,60,30,3
213,MVN-J-Boning-90-003,4,6566,6743,6744,60,60,30,3
213,MVN-J-Boning-90-003,4,6656,6833,6834,60,60,30,3
213,MVN-J-Boning-90-003,4,6746,6923,6924,60,60,30,3
213,MVN-J-Boning-90-003,4,6836,7013,7014,60,60,30,3
213,MVN-J-Boning-90-003,4,6926,7103,7104,60,60,30,3
213,MVN-J-Boning-90-003,4,7016,7193,7194,60,60,30,3
213,MVN-J-Boning-90-003,4,7106,7283,7284,60,60,30,3
213,MVN-J-Boning-90-003,4,7196,7373,7374,60,60,30,3
213,MVN-J-Boning-90-003,4,7286,7463,7464,60,60,30,3
213,MVN-J-Boning-90-003,4,7376,7553,7554,60,60,30,3
213,MVN-J-Boning-90-003,4,7466,7643,7644,60,60,30,3
213,MVN-J-Boning-90-003,4,7556,7733,7734,60,60,30,3
213,MVN-J-Boning-90-003,4,7646,7823,7824,60,60,30,3
213,MVN-J-Boning-90-003,4,7736,7913,7914,60,60,30,3
213,MVN-J-Boning-90-003,4,7826,8003,8004,60,60,30,3
213,MVN-J-Boning-90-003,4,7916,8093,8094,60,60,30,3
213,MVN-J-Boning-90-003,4,8006,8183,8184,60,60,30,3
213,MVN-J-Boning-90-003,4,8096,8273,8274,60,60,30,3
213,MVN-J-Boning-90-003,4,8186,8363,8364,60,60,30,3
213,MVN-J-Boning-90-003,4,8276,8453,8454,60,60,30,3
214,MVN-J-Boning-90-003,0,8456,8534,8535,40,60,30,2
215,MVN-J-Boning-90-003,2,8535,8653,8654,60,60,30,2
215,MVN-J-Boning-90-003,2,8595,8713,8714,60,60,30,2
215,MVN-J-Boning-90-003,2,8655,8773,8774,60,60,30,2
215,MVN-J-Boning-90-003,2,8775,8799,8800,13,60,30,2
216,MVN-J-Boning-90-003,0,8800,8918,8919,60,60,30,2
216,MVN-J-Boning-90-003,0,8860,8978,8979,60,60,30,2
216,MVN-J-Boning-90-003,0,8920,9038,9039,60,60,30,2
216,MVN-J-Boning-90-003,0,8980,9098,9099,60,60,30,2
216,MVN-J-Boning-90-003,0,9100,9122,9123,12,60,30,2
217,MVN-J-Boning-90-003,3,9123,9217,9218,48,60,30,2
218,MVN-J-Boning-90-003,4,9219,9396,9397,60,60,30,3
218,MVN-J-Boning-90-003,4,9309,9486,9487,60,60,30,3
218,MVN-J-Boning-90-003,4,9399,9576,9577,60,60,30,3
218,MVN-J-Boning-90-003,4,9489,9666,9667,60,60,30,3
218,MVN-J-Boning-90-003,4,9579,9756,9757,60,60,30,3
218,MVN-J-Boning-90-003,4,9669,9846,9847,60,60,30,3
218,MVN-J-Boning-90-003,4,9759,9936,9937,60,60,30,3
218,MVN-J-Boning-90-003,4,9849,10026,10027,60,60,30,3
218,MVN-J-Boning-90-003,4,9939,10116,10117,60,60,30,3
218,MVN-J-Boning-90-003,4,10119,10194,10195,26,60,30,3
219,MVN-J-Boning-90-003,8,10195,10241,10242,24,60,20,2
220,MVN-J-Boning-90-003,4,10243,10420,10421,60,60,30,3
220,MVN-J-Boning-90-003,4,10333,10510,10511,60,60,30,3
220,MVN-J-Boning-90-003,4,10423,10600,10601,60,60,30,3
220,MVN-J-Boning-90-003,4,10513,10690,10691,60,60,30,3
220,MVN-J-Boning-90-003,4,10693,10777,10778,29,60,30,3
221,MVN-J-Boning-90-003,0,10779,10897,10898,60,60,30,2
221,MVN-J-Boning-90-003,0,10899,10919,10920,11,60,30,2
222,MVN-J-Boning-90-003,2,10920,11038,11039,60,60,30,2
222,MVN-J-Boning-90-003,2,10980,11098,11099,60,60,30,2
222,MVN-J-Boning-90-003,2,11100,11144,11145,23,60,30,2
223,MVN-J-Boning-90-003,3,11146,11264,11265,60,60,30,2
223,MVN-J-Boning-90-003,3,11206,11324,11325,60,60,30,2
223,MVN-J-Boning-90-003,3,11326,11326,11327,1,60,30,2
224,MVN-J-Boning-90-003,4,11328,11505,11506,60,60,30,3
224,MVN-J-Boning-90-003,4,11418,11595,11596,60,60,30,3
224,MVN-J-Boning-90-003,4,11508,11685,11686,60,60,30,3
224,MVN-J-Boning-90-003,4,11598,11775,11776,60,60,30,3
224,MVN-J-Boning-90-003,4,11688,11865,11866,60,60,30,3
224,MVN-J-Boning-90-003,4,11778,11955,11956,60,60,30,3
224,MVN-J-Boning-90-003,4,11868,12045,12046,60,60,30,3
224,MVN-J-Boning-90-003,4,11958,12135,12136,60,60,30,3
224,MVN-J-Boning-90-003,4,12048,12225,12226,60,60,30,3
224,MVN-J-Boning-90-003,4,12138,12315,12316,60,60,30,3
224,MVN-J-Boning-90-003,4,12228,12405,12406,60,60,30,3
224,MVN-J-Boning-90-003,4,12318,12495,12496,60,60,30,3
224,MVN-J-Boning-90-003,4,12408,12585,12586,60,60,30,3
224,MVN-J-Boning-90-003,4,12498,12675,12676,60,60,30,3
224,MVN-J-Boning-90-003,4,12588,12765,12766,60,60,30,3
224,MVN-J-Boning-90-003,4,12678,12855,12856,60,60,30,3
224,MVN-J-Boning-90-003,4,12768,12945,12946,60,60,30,3
224,MVN-J-Boning-90-003,4,12858,13035,13036,60,60,30,3
224,MVN-J-Boning-90-003,4,12948,13125,13126,60,60,30,3
224,MVN-J-Boning-90-003,4,13038,13215,13216,60,60,30,3
224,MVN-J-Boning-90-003,4,13128,13305,13306,60,60,30,3
224,MVN-J-Boning-90-003,4,13308,13371,13372,22,60,30,3
225,MVN-J-Boning-90-003,0,13372,13490,13491,60,60,30,2
225,MVN-J-Boning-90-003,0,13492,13538,13539,24,60,30,2
226,MVN-J-Boning-90-003,3,13540,13602,13603,32,60,30,2
227,MVN-J-Boning-90-003,4,13604,13781,13782,60,60,30,3
227,MVN-J-Boning-90-003,4,13694,13871,13872,60,60,30,3
227,MVN-J-Boning-90-003,4,13784,13961,13962,60,60,30,3
227,MVN-J-Boning-90-003,4,13874,14051,14052,60,60,30,3
227,MVN-J-Boning-90-003,4,13964,14141,14142,60,60,30,3
227,MVN-J-Boning-90-003,4,14054,14231,14232,60,60,30,3
227,MVN-J-Boning-90-003,4,14144,14321,14322,60,60,30,3
227,MVN-J-Boning-90-003,4,14234,14411,14412,60,60,30,3
227,MVN-J-Boning-90-003,4,14324,14501,14502,60,60,30,3
227,MVN-J-Boning-90-003,4,14414,14591,14592,60,60,30,3
227,MVN-J-Boning-90-003,4,14504,14681,14682,60,60,30,3
227,MVN-J-Boning-90-003,4,14594,14771,14772,60,60,30,3
227,MVN-J-Boning-90-003,4,14684,14861,14862,60,60,30,3
227,MVN-J-Boning-90-003,4,14774,14951,14952,60,60,30,3
227,MVN-J-Boning-90-003,4,14864,15041,15042,60,60,30,3
227,MVN-J-Boning-90-003,4,15044,15062,15063,7,60,30,3
228,MVN-J-Boning-90-003,3,15065,15131,15132,34,60,30,2
229,MVN-J-Boning-90-003,4,15132,15309,15310,60,60,30,3
229,MVN-J-Boning-90-003,4,15222,15399,15400,60,60,30,3
229,MVN-J-Boning-90-003,4,15312,15489,15490,60,60,30,3
229,MVN-J-Boning-90-003,4,15492,15555,15556,22,60,30,3
230,MVN-J-Boning-90-003,0,15556,15662,15663,54,60,30,2
231,MVN-J-Boning-90-003,2,15663,15755,15756,47,60,30,2
273,MVN-J-Slicing-64-001,0,0,118,119,60,60,30,2
273,MVN-J-Slicing-64-001,0,60,178,179,60,60,30,2
273,MVN-J-Slicing-64-001,0,120,238,239,60,60,30,2
273,MVN-J-Slicing-64-001,0,240,264,265,13,60,30,2
274,MVN-J-Slicing-64-001,4,266,353,354,30,60,30,3
275,MVN-J-Slicing-64-001,8,354,472,473,60,60,20,2
275,MVN-J-Slicing-64-001,8,474,504,505,16,60,20,2
276,MVN-J-Slicing-64-001,4,505,634,635,44,60,30,3
277,MVN-J-Slicing-64-001,8,636,678,679,22,60,20,2
278,MVN-J-Slicing-64-001,0,680,798,799,60,60,30,2
278,MVN-J-Slicing-64-001,0,740,858,859,60,60,30,2
278,MVN-J-Slicing-64-001,0,800,918,919,60,60,30,2
278,MVN-J-Slicing-64-001,0,860,978,979,60,60,30,2
278,MVN-J-Slicing-64-001,0,980,980,981,1,60,30,2
279,MVN-J-Slicing-64-001,4,982,1159,1160,60,60,30,3
279,MVN-J-Slicing-64-001,4,1072,1249,1250,60,60,30,3
279,MVN-J-Slicing-64-001,4,1252,1297,1298,16,60,30,3
280,MVN-J-Slicing-64-001,8,1300,1398,1399,50,60,20,2
281,MVN-J-Slicing-64-001,0,1399,1477,1478,40,60,30,2
282,MVN-J-Slicing-64-001,4,1479,1656,1657,60,60,30,3
282,MVN-J-Slicing-64-001,4,1659,1683,1684,9,60,30,3
283,MVN-J-Slicing-64-001,8,1684,1708,1709,13,60,20,2
284,MVN-J-Slicing-64-001,4,1709,1886,1887,60,60,30,3
284,MVN-J-Slicing-64-001,4,1889,1946,1947,20,60,30,3
285,MVN-J-Slicing-64-001,8,1948,1982,1983,18,60,20,2
286,MVN-J-Slicing-64-001,5,1984,2043,2044,60,60,20,1
286,MVN-J-Slicing-64-001,5,2004,2063,2064,60,60,20,1
286,MVN-J-Slicing-64-001,5,2024,2083,2084,60,60,20,1
286,MVN-J-Slicing-64-001,5,2044,2103,2104,60,60,20,1
286,MVN-J-Slicing-64-001,5,2064,2123,2124,60,60,20,1
286,MVN-J-Slicing-64-001,5,2084,2143,2144,60,60,20,1
286,MVN-J-Slicing-64-001,5,2104,2163,2164,60,60,20,1
286,MVN-J-Slicing-64-001,5,2124,2183,2184,60,60,20,1
286,MVN-J-Slicing-64-001,5,2144,2203,2204,60,60,20,1
286,MVN-J-Slicing-64-001,5,2164,2223,2224,60,60,20,1
286,MVN-J-Slicing-64-001,5,2184,2243,2244,60,60,20,1
286,MVN-J-Slicing-64-001,5,2204,2263,2264,60,60,20,1
286,MVN-J-Slicing-64-001,5,2224,2283,2284,60,60,20,1
286,MVN-J-Slicing-64-001,5,2244,2303,2304,60,60,20,1
286,MVN-J-Slicing-64-001,5,2264,2323,2324,60,60,20,1
286,MVN-J-Slicing-64-001,5,2284,2343,2344,60,60,20,1
286,MVN-J-Slicing-64-001,5,2304,2363,2364,60,60,20,1
286,MVN-J-Slicing-64-001,5,2324,2383,2384,60,60,20,1
286,MVN-J-Slicing-64-001,5,2344,2403,2404,60,60,20,1
286,MVN-J-Slicing-64-001,5,2364,2423,2424,60,60,20,1
286,MVN-J-Slicing-64-001,5,2384,2443,2444,60,60,20,1
286,MVN-J-Slicing-64-001,5,2404,2463,2464,60,60,20,1
286,MVN-J-Slicing-64-001,5,2424,2483,2484,60,60,20,1
286,MVN-J-Slicing-64-001,5,2444,2503,2504,60,60,20,1
286,MVN-J-Slicing-64-001,5,2464,2523,2524,60,60,20,1
286,MVN-J-Slicing-64-001,5,2484,2543,2544,60,60,20,1
287,MVN-J-Slicing-64-001,8,2544,2588,2589,23,60,20,2
288,MVN-J-Slicing-64-001,5,2589,2648,2649,60,60,20,1
288,MVN-J-Slicing-64-001,5,2609,2668,2669,60,60,20,1
288,MVN-J-Slicing-64-001,5,2629,2688,2689,60,60,20,1
288,MVN-J-Slicing-64-001,5,2689,2692,2693,4,60,20,1
289,MVN-J-Slicing-64-001,4,2693,2870,2871,60,60,30,3
289,MVN-J-Slicing-64-001,4,2783,2960,2961,60,60,30,3
289,MVN-J-Slicing-64-001,4,2873,3050,3051,60,60,30,3
289,MVN-J-Slicing-64-001,4,2963,3140,3141,60,60,30,3
289,MVN-J-Slicing-64-001,4,3053,3230,3231,60,60,30,3
289,MVN-J-Slicing-64-001,4,3143,3320,3321,60,60,30,3
289,MVN-J-Slicing-64-001,4,3233,3410,3411,60,60,30,3
289,MVN-J-Slicing-64-001,4,3323,3500,3501,60,60,30,3
289,MVN-J-Slicing-64-001,4,3503,3521,3522,7,60,30,3
290,MVN-J-Slicing-64-001,8,3522,3570,3571,25,60,20,2
291,MVN-J-Slicing-64-001,0,3572,3690,3691,60,60,30,2
291,MVN-J-Slicing-64-001,0,3632,3750,3751,60,60,30,2
291,MVN-J-Slicing-64-001,0,3752,3760,3761,5,60,30,2
292,MVN-J-Slicing-64-001,4,3761,3935,3936,59,60,30,3
293,MVN-J-Slicing-64-001,8,3938,3998,3999,31,60,20,2
294,MVN-J-Slicing-64-001,4,3999,4176,4177,60,60,30,3
294,MVN-J-Slicing-64-001,4,4089,4266,4267,60,60,30,3
294,MVN-J-Slicing-64-001,4,4269,4341,4342,25,60,30,3
295,MVN-J-Slicing-64-001,8,4343,4399,4400,29,60,20,2
296,MVN-J-Slicing-64-001,4,4400,4577,4578,60,60,30,3
296,MVN-J-Slicing-64-001,4,4580,4631,4632,18,60,30,3
297,MVN-J-Slicing-64-001,8,4632,4750,4751,60,60,20,2
297,MVN-J-Slicing-64-001,8,4752,4762,4763,6,60,20,2
298,MVN-J-Slicing-64-001,4,4763,4940,4941,60,60,30,3
298,MVN-J-Slicing-64-001,4,4853,5030,5031,60,60,30,3
298,MVN-J-Slicing-64-001,4,4943,5120,5121,60,60,30,3
298,MVN-J-Slicing-64-001,4,5033,5210,5211,60,60,30,3
298,MVN-J-Slicing-64-001,4,5213,5213,5214,1,60,30,3
299,MVN-J-Slicing-64-001,8,5214,5330,5331,59,60,20,2
300,MVN-J-Slicing-64-001,4,5332,5509,5510,60,60,30,3
300,MVN-J-Slicing-64-001,4,5422,5599,5600,60,60,30,3
300,MVN-J-Slicing-64-001,4,5512,5689,5690,60,60,30,3
300,MVN-J-Slicing-64-001,4,5692,5737,5738,16,60,30,3
301,MVN-J-Slicing-64-001,8,5740,5858,5859,60,60,20,2
301,MVN-J-Slicing-64-001,8,5780,5898,5899,60,60,20,2
301,MVN-J-Slicing-64-001,8,5820,5938,5939,60,60,20,2
301,MVN-J-Slicing-64-001,8,5860,5978,5979,60,60,20,2
301,MVN-J-Slicing-64-001,8,5900,6018,6019,60,60,20,2
301,MVN-J-Slicing-64-001,8,5940,6058,6059,60,60,20,2
301,MVN-J-Slicing-64-001,8,5980,6098,6099,60,60,20,2
301,MVN-J-Slicing-64-001,8,6020,6138,6139,60,60,20,2
301,MVN-J-Slicing-64-001,8,6140,6152,6153,7,60,20,2
302,MVN-J-Slicing-64-001,4,6154,6331,6332,60,60,30,3
302,MVN-J-Slicing-64-001,4,6244,6421,6422,60,60,30,3
302,MVN-J-Slicing-64-001,4,6424,6490,6491,23,60,30,3
303,MVN-J-Slicing-64-001,8,6492,6598,6599,54,60,20,2
304,MVN-J-Slicing-64-001,4,6600,6657,6658,20,60,30,3
305,MVN-J-Slicing-64-001,0,6659,6773,6774,58,60,30,2
306,MVN-J-Slicing-64-001,3,6774,6892,6893,60,60,30,2
306,MVN-J-Slicing-64-001,3,6894,6946,6947,27,60,30,2
307,MVN-J-Slicing-64-001,0,6947,7065,7066,60,60,30,2
307,MVN-J-Slicing-64-001,0,7067,7105,7106,20,60,30,2
308,MVN-J-Slicing-64-001,1,7107,7225,7226,60,60,30,2
308,MVN-J-Slicing-64-001,1,7227,7275,7276,25,60,30,2
309,MVN-J-Slicing-64-001,0,7277,7395,7396,60,60,30,2
309,MVN-J-Slicing-64-001,0,7337,7455,7456,60,60,30,2
309,MVN-J-Slicing-64-001,0,7457,7467,7468,6,60,30,2
310,MVN-J-Slicing-64-001,2,7468,7586,7587,60,60,30,2
310,MVN-J-Slicing-64-001,2,7528,7646,7647,60,60,30,2
310,MVN-J-Slicing-64-001,2,7588,7706,7707,60,60,30,2
310,MVN-J-Slicing-64-001,2,7648,7766,7767,60,60,30,2
310,MVN-J-Slicing-64-001,2,7708,7826,7827,60,60,30,2
310,MVN-J-Slicing-64-001,2,7768,7886,7887,60,60,30,2
310,MVN-J-Slicing-64-001,2,7828,7946,7947,60,60,30,2
310,MVN-J-Slicing-64-001,2,7888,8006,8007,60,60,30,2
310,MVN-J-Slicing-64-001,2,8008,8012,8013,3,60,30,2
311,MVN-J-Slicing-64-001,0,8013,8103,8104,46,60,30,2
312,MVN-J-Slicing-64-001,1,8105,8223,8224,60,60,30,2
312,MVN-J-Slicing-64-001,1,8225,8243,8244,10,60,30,2
313,MVN-J-Slicing-64-001,0,8245,8363,8364,60,60,30,2
313,MVN-J-Slicing-64-001,0,8365,8411,8412,24,60,30,2
314,MVN-J-Slicing-64-001,2,8413,8531,8532,60,60,30,2
314,MVN-J-Slicing-64-001,2,8473,8591,8592,60,60,30,2
314,MVN-J-Slicing-64-001,2,8533,8651,8652,60,60,30,2
314,MVN-J-Slicing-64-001,2,8653,8707,8708,28,60,30,2
315,MVN-J-Slicing-64-001,0,8708,8826,8827,60,60,30,2
315,MVN-J-Slicing-64-001,0,8768,8886,8887,60,60,30,2
315,MVN-J-Slicing-64-001,0,8888,8942,8943,28,60,30,2
316,MVN-J-Slicing-64-001,1,8944,9062,9063,60,60,30,2
316,MVN-J-Slicing-64-001,1,9004,9122,9123,60,60,30,2
316,MVN-J-Slicing-64-001,1,9064,9182,9183,60,60,30,2
316,MVN-J-Slicing-64-001,1,9184,9232,9233,25,60,30,2
317,MVN-J-Slicing-64-001,4,9233,9410,9411,60,60,30,3
317,MVN-J-Slicing-64-001,4,9323,9500,9501,60,60,30,3
317,MVN-J-Slicing-64-001,4,9413,9590,9591,60,60,30,3
317,MVN-J-Slicing-64-001,4,9503,9680,9681,60,60,30,3
317,MVN-J-Slicing-64-001,4,9683,9746,9747,22,60,30,3
318,MVN-J-Slicing-64-001,0,9748,9866,9867,60,60,30,2
319,MVN-J-Slicing-64-001,5,9867,9926,9927,60,60,20,1
319,MVN-J-Slicing-64-001,5,9887,9946,9947,60,60,20,1
319,MVN-J-Slicing-64-001,5,9907,9966,9967,60,60,20,1
319,MVN-J-Slicing-64-001,5,9927,9986,9987,60,60,20,1
319,MVN-J-Slicing-64-001,5,9947,10006,10007,60,60,20,1
319,MVN-J-Slicing-64-001,5,9967,10026,10027,60,60,20,1
319,MVN-J-Slicing-64-001,5,9987,10046,10047,60,60,20,1
319,MVN-J-Slicing-64-001,5,10007,10066,10067,60,60,20,1
319,MVN-J-Slicing-64-001,5,10027,10086,10087,60,60,20,1
319,MVN-J-Slicing-64-001,5,10047,10106,10107,60,60,20,1
319,MVN-J-Slicing-64-001,5,10067,10126,10127,60,60,20,1
319,MVN-J-Slicing-64-001,5,10087,10146,10147,60,60,20,1
319,MVN-J-Slicing-64-001,5,10107,10166,10167,60,60,20,1
319,MVN-J-Slicing-64-001,5,10127,10186,10187,60,60,20,1
319,MVN-J-Slicing-64-001,5,10147,10206,10207,60,60,20,1
320,MVN-J-Slicing-64-001,4,10207,10384,10385,60,60,30,3
320,MVN-J-Slicing-64-001,4,10297,10474,10475,60,60,30,3
320,MVN-J-Slicing-64-001,4,10387,10564,10565,60,60,30,3
320,MVN-J-Slicing-64-001,4,10477,10654,10655,60,60,30,3
320,MVN-J-Slicing-64-001,4,10657,10678,10679,8,60,30,3
321,MVN-J-Slicing-64-001,8,10681,10725,10726,23,60,20,2
322,MVN-J-Slicing-64-001,4,10726,10852,10853,43,60,30,3
323,MVN-J-Slicing-64-001,8,10855,10911,10912,29,60,20,2
324,MVN-J-Slicing-64-001,5,10912,10971,10972,60,60,20,1
324,MVN-J-Slicing-64-001,5,10972,10983,10984,12,60,20,1
325,MVN-J-Slicing-64-001,8,10984,11066,11067,42,60,20,2
326,MVN-J-Slicing-64-001,5,11067,11126,11127,60,60,20,1
326,MVN-J-Slicing-64-001,5,11087,11146,11147,60,60,20,1
326,MVN-J-Slicing-64-001,5,11107,11166,11167,60,60,20,1
326,MVN-J-Slicing-64-001,5,11127,11186,11187,60,60,20,1
326,MVN-J-Slicing-64-001,5,11147,11206,11207,60,60,20,1
326,MVN-J-Slicing-64-001,5,11167,11226,11227,60,60,20,1
326,MVN-J-Slicing-64-001,5,11187,11246,11247,60,60,20,1
326,MVN-J-Slicing-64-001,5,11207,11266,11267,60,60,20,1
326,MVN-J-Slicing-64-001,5,11227,11286,11287,60,60,20,1
326,MVN-J-Slicing-64-001,5,11247,11306,11307,60,60,20,1
326,MVN-J-Slicing-64-001,5,11267,11326,11327,60,60,20,1
326,MVN-J-Slicing-64-001,5,11287,11346,11347,60,60,20,1
326,MVN-J-Slicing-64-001,5,11307,11366,11367,60,60,20,1
326,MVN-J-Slicing-64-001,5,11327,11386,11387,60,60,20,1
326,MVN-J-Slicing-64-001,5,11347,11406,11407,60,60,20,1
326,MVN-J-Slicing-64-001,5,11367,11426,11427,60,60,20,1
326,MVN-J-Slicing-64-001,5,11387,11446,11447,60,60,20,1
326,MVN-J-Slicing-64-001,5,11407,11466,11467,60,60,20,1
326,MVN-J-Slicing-64-001,5,11427,11486,11487,60,60,20,1
326,MVN-J-Slicing-64-001,5,11447,11506,11507,60,60,20,1
326,MVN-J-Slicing-64-001,5,11467,11526,11527,60,60,20,1
326,MVN-J-Slicing-64-001,5,11487,11546,11547,60,60,20,1
326,MVN-J-Slicing-64-001,5,11547,11558,11559,12,60,20,1
327,MVN-J-Slicing-64-001,8,11559,11605,11606,24,60,20,2
328,MVN-J-Slicing-64-001,4,11606,11783,11784,60,60,30,3
328,MVN-J-Slicing-64-001,4,11696,11873,11874,60,60,30,3
328,MVN-J-Slicing-64-001,4,11786,11963,11964,60,60,30,3
328,MVN-J-Slicing-64-001,4,11876,12053,12054,60,60,30,3
328,MVN-J-Slicing-64-001,4,11966,12143,12144,60,60,30,3
328,MVN-J-Slicing-64-001,4,12056,12233,12234,60,60,30,3
328,MVN-J-Slicing-64-001,4,12146,12323,12324,60,60,30,3
328,MVN-J-Slicing-64-001,4,12236,12413,12414,60,60,30,3
328,MVN-J-Slicing-64-001,4,12326,12503,12504,60,60,30,3
328,MVN-J-Slicing-64-001,4,12506,12584,12585,27,60,30,3
329,MVN-J-Slicing-64-001,0,12585,12703,12704,60,60,30,2
329,MVN-J-Slicing-64-001,0,12705,12733,12734,15,60,30,2
330,MVN-J-Slicing-64-001,8,12734,12852,12853,60,60,20,2
330,MVN-J-Slicing-64-001,8,12774,12892,12893,60,60,20,2
330,MVN-J-Slicing-64-001,8,12814,12932,12933,60,60,20,2
330,MVN-J-Slicing-64-001,8,12854,12972,12973,60,60,20,2
330,MVN-J-Slicing-64-001,8,12894,13012,13013,60,60,20,2
331,MVN-J-Slicing-64-001,4,13013,13061,13062,17,60,30,3
332,MVN-J-Slicing-64-001,8,13063,13181,13182,60,60,20,2
332,MVN-J-Slicing-64-001,8,13103,13221,13222,60,60,20,2
332,MVN-J-Slicing-64-001,8,13143,13261,13262,60,60,20,2
332,MVN-J-Slicing-64-001,8,13263,13275,13276,7,60,20,2
333,MVN-J-Slicing-64-001,3,13276,13394,13395,60,60,30,2
333,MVN-J-Slicing-64-001,3,13396,13408,13409,7,60,30,2
334,MVN-J-Slicing-64-001,4,13409,13583,13584,59,60,30,3
335,MVN-J-Slicing-64-001,8,13586,13704,13705,60,60,20,2
335,MVN-J-Slicing-64-001,8,13626,13744,13745,60,60,20,2
335,MVN-J-Slicing-64-001,8,13666,13784,13785,60,60,20,2
335,MVN-J-Slicing-64-001,8,13786,13810,13811,13,60,20,2
336,MVN-J-Slicing-64-001,4,13811,13919,13920,37,60,30,3
337,MVN-J-Slicing-64-001,8,13922,14040,14041,60,60,20,2
338,MVN-J-Slicing-64-001,4,14042,14219,14220,60,60,30,3
338,MVN-J-Slicing-64-001,4,14132,14309,14310,60,60,30,3
338,MVN-J-Slicing-64-001,4,14312,14312,14313,1,60,30,3
339,MVN-J-Slicing-64-001,8,14313,14409,14410,49,60,20,2
340,MVN-J-Slicing-64-001,3,14411,14529,14530,60,60,30,2
340,MVN-J-Slicing-64-001,3,14531,14575,14576,23,60,30,2
341,MVN-J-Slicing-64-001,4,14577,14754,14755,60,60,30,3
341,MVN-J-Slicing-64-001,4,14667,14844,14845,60,60,30,3
341,MVN-J-Slicing-64-001,4,14757,14934,14935,60,60,30,3
341,MVN-J-Slicing-64-001,4,14937,14976,14977,14,60,30,3
342,MVN-J-Slicing-64-001,8,14977,15095,15096,60,60,20,2
342,MVN-J-Slicing-64-001,8,15097,15105,15106,5,60,20,2
343,MVN-J-Slicing-64-001,3,15107,15225,15226,60,60,30,2
343,MVN-J-Slicing-64-001,3,15167,15285,15286,60,60,30,2
343,MVN-J-Slicing-64-001,3,15227,15345,15346,60,60,30,2
343,MVN-J-Slicing-64-001,3,15287,15405,15406,60,60,30,2
343,MVN-J-Slicing-64-001,3,15407,15457,15458,26,60,30,2
344,MVN-J-Slicing-64-001,4,15458,15635,15636,60,60,30,3
344,MVN-J-Slicing-64-001,4,15548,15725,15726,60,60,30,3
344,MVN-J-Slicing-64-001,4,15638,15815,15816,60,60,30,3
344,MVN-J-Slicing-64-001,4,15818,15860,15861,15,60,30,3
345,MVN-J-Slicing-64-001,8,15861,15915,15916,28,60,20,2
346,MVN-J-Slicing-64-001,4,15916,16093,16094,60,60,30,3
346,MVN-J-Slicing-64-001,4,16006,16183,16184,60,60,30,3
346,MVN-J-Slicing-64-001,4,16186,16198,16199,5,60,30,3
347,MVN-J-Slicing-64-001,8,16199,16317,16318,60,60,20,2
347,MVN-J-Slicing-64-001,8,16319,16353,16354,18,60,20,2
348,MVN-J-Slicing-64-001,0,16354,16472,16473,60,60,30,2
348,MVN-J-Slicing-64-001,0,16414,16532,16533,60,60,30,2
348,MVN-J-Slicing-64-001,0,16474,16592,16593,60,60,30,2
348,MVN-J-Slicing-64-001,0,16594,16600,16601,4,60,30,2
349,MVN-J-Slicing-64-001,2,16601,16719,16720,60,60,30,2
349,MVN-J-Slicing-64-001,2,16661,16779,16780,60,60,30,2
349,MVN-J-Slicing-64-001,2,16721,16839,16840,60,60,30,2
349,MVN-J-Slicing-64-001,2,16781,16899,16900,60,60,30,2
349,MVN-J-Slicing-64-001,2,16841,16959,16960,60,60,30,2
349,MVN-J-Slicing-64-001,2,16901,17019,17020,60,60,30,2
349,MVN-J-Slicing-64-001,2,16961,17079,17080,60,60,30,2
349,MVN-J-Slicing-64-001,2,17021,17139,17140,60,60,30,2
349,MVN-J-Slicing-64-001,2,17081,17199,17200,60,60,30,2
349,MVN-J-Slicing-64-001,2,17141,17259,17260,60,60,30,2
349,MVN-J-Slicing-64-001,2,17201,17319,17320,60,60,30,2
349,MVN-J-Slicing-64-001,2,17321,17335,17336,8,60,30,2
350,MVN-J-Slicing-64-001,3,17337,17415,17416,40,60,30,2
351,MVN-J-Slicing-64-001,5,17416,17475,17476,60,60,20,1
351,MVN-J-Slicing-64-001,5,17436,17495,17496,60,60,20,1
351,MVN-J-Slicing-64-001,5,17456,17515,17516,60,60,20,1
351,MVN-J-Slicing-64-001,5,17476,17535,17536,60,60,20,1
351,MVN-J-Slicing-64-001,5,17496,17555,17556,60,60,20,1
351,MVN-J-Slicing-64-001,5,17516,17575,17576,60,60,20,1
351,MVN-J-Slicing-64-001,5,17536,17595,17596,60,60,20,1
351,MVN-J-Slicing-64-001,5,17556,17615,17616,60,60,20,1
351,MVN-J-Slicing-64-001,5,17576,17635,17636,60,60,20,1
351,MVN-J-Slicing-64-001,5,17596,17655,17656,60,60,20,1
351,MVN-J-Slicing-64-001,5,17616,17675,17676,60,60,20,1
351,MVN-J-Slicing-64-001,5,17636,17695,17696,60,60,20,1
351,MVN-J-Slicing-64-001,5,17656,17715,17716,60,60,20,1
351,MVN-J-Slicing-64-001,5,17676,17735,17736,60,60,20,1
351,MVN-J-Slicing-64-001,5,17696,17755,17756,60,60,20,1
351,MVN-J-Slicing-64-001,5,17756,17772,17773,17,60,20,1
352,MVN-J-Slicing-64-001,8,17773,17835,17836,32,60,20,2
353,MVN-J-Slicing-64-001,0,17836,17884,17885,25,60,30,2
354,MVN-J-Slicing-73-001,0,0,118,119,60,60,30,2
354,MVN-J-Slicing-73-001,0,120,166,167,24,60,30,2
355,MVN-J-Slicing-73-001,4,168,345,346,60,60,30,3
355,MVN-J-Slicing-73-001,4,258,435,436,60,60,30,3
355,MVN-J-Slicing-73-001,4,348,525,526,60,60,30,3
355,MVN-J-Slicing-73-001,4,438,615,616,60,60,30,3
355,MVN-J-Slicing-73-001,4,618,657,658,14,60,30,3
356,MVN-J-Slicing-73-001,8,660,778,779,60,60,20,2
356,MVN-J-Slicing-73-001,8,700,818,819,60,60,20,2
356,MVN-J-Slicing-73-001,8,740,858,859,60,60,20,2
356,MVN-J-Slicing-73-001,8,780,898,899,60,60,20,2
356,MVN-J-Slicing-73-001,8,820,938,939,60,60,20,2
356,MVN-J-Slicing-73-001,8,860,978,979,60,60,20,2
356,MVN-J-Slicing-73-001,8,900,1018,1019,60,60,20,2
356,MVN-J-Slicing-73-001,8,940,1058,1059,60,60,20,2
356,MVN-J-Slicing-73-001,8,980,1098,1099,60,60,20,2
356,MVN-J-Slicing-73-001,8,1100,1136,1137,19,60,20,2
357,MVN-J-Slicing-73-001,0,1137,1255,1256,60,60,30,2
357,MVN-J-Slicing-73-001,0,1197,1315,1316,60,60,30,2
357,MVN-J-Slicing-73-001,0,1257,1375,1376,60,60,30,2
357,MVN-J-Slicing-73-001,0,1317,1435,1436,60,60,30,2
357,MVN-J-Slicing-73-001,0,1377,1495,1496,60,60,30,2
357,MVN-J-Slicing-73-001,0,1437,1555,1556,60,60,30,2
357,MVN-J-Slicing-73-001,0,1497,1615,1616,60,60,30,2
357,MVN-J-Slicing-73-001,0,1557,1675,1676,60,60,30,2
357,MVN-J-Slicing-73-001,0,1677,1719,1720,22,60,30,2
358,MVN-J-Slicing-73-001,2,1721,1839,1840,60,60,30,2
358,MVN-J-Slicing-73-001,2,1781,1899,1900,60,60,30,2
358,MVN-J-Slicing-73-001,2,1901,1953,1954,27,60,30,2
359,MVN-J-Slicing-73-001,1,1955,2073,2074,60,60,30,2
359,MVN-J-Slicing-73-001,1,2015,2133,2134,60,60,30,2
359,MVN-J-Slicing-73-001,1,2135,2173,2174,20,60,30,2
360,MVN-J-Slicing-73-001,3,2174,2218,2219,23,60,30,2
361,MVN-J-Slicing-73-001,8,2219,2337,2338,60,60,20,2
361,MVN-J-Slicing-73-001,8,2259,2377,2378,60,60,20,2
361,MVN-J-Slicing-73-001,8,2299,2417,2418,60,60,20,2
361,MVN-J-Slicing-73-001,8,2339,2457,2458,60,60,20,2
361,MVN-J-Slicing-73-001,8,2379,2497,2498,60,60,20,2
361,MVN-J-Slicing-73-001,8,2419,2537,2538,60,60,20,2
361,MVN-J-Slicing-73-001,8,2459,2577,2578,60,60,20,2
361,MVN-J-Slicing-73-001,8,2499,2617,2618,60,60,20,2
361,MVN-J-Slicing-73-001,8,2539,2657,2658,60,60,20,2
361,MVN-J-Slicing-73-001,8,2659,2667,2668,5,60,20,2
362,MVN-J-Slicing-73-001,3,2668,2742,2743,38,60,30,2
363,MVN-J-Slicing-73-001,4,2743,2818,2819,26,60,30,3
364,MVN-J-Slicing-73-001,5,2821,2880,2881,60,60,20,1
364,MVN-J-Slicing-73-001,5,2841,2900,2901,60,60,20,1
364,MVN-J-Slicing-73-001,5,2861,2920,2921,60,60,20,1
364,MVN-J-Slicing-73-001,5,2881,2940,2941,60,60,20,1
364,MVN-J-Slicing-73-001,5,2901,2960,2961,60,60,20,1
364,MVN-J-Slicing-73-001,5,2921,2980,2981,60,60,20,1
364,MVN-J-Slicing-73-001,5,2941,3000,3001,60,60,20,1
364,MVN-J-Slicing-73-001,5,2961,3020,3021,60,60,20,1
364,MVN-J-Slicing-73-001,5,2981,3040,3041,60,60,20,1
364,MVN-J-Slicing-73-001,5,3001,3060,3061,60,60,20,1
364,MVN-J-Slicing-73-001,5,3021,3080,3081,60,60,20,1
364,MVN-J-Slicing-73-001,5,3041,3100,3101,60,60,20,1
364,MVN-J-Slicing-73-001,5,3061,3120,3121,60,60,20,1
364,MVN-J-Slicing-73-001,5,3081,3140,3141,60,60,20,1
364,MVN-J-Slicing-73-001,5,3101,3160,3161,60,60,20,1
364,MVN-J-Slicing-73-001,5,3121,3180,3181,60,60,20,1
364,MVN-J-Slicing-73-001,5,3141,3200,3201,60,60,20,1
364,MVN-J-Slicing-73-001,5,3161,3220,3221,60,60,20,1
364,MVN-J-Slicing-73-001,5,3181,3240,3241,60,60,20,1
364,MVN-J-Slicing-73-001,5,3201,3260,3261,60,60,20,1
364,MVN-J-Slicing-73-001,5,3221,3280,3281,60,60,20,1
364,MVN-J-Slicing-73-001,5,3241,3300,3301,60,60,20,1
364,MVN-J-Slicing-73-001,5,3301,3305,3306,5,60,20,1
365,MVN-J-Slicing-73-001,8,3306,3402,3403,49,60,20,2
366,MVN-J-Slicing-73-001,4,3404,3581,3582,60,60,30,3
366,MVN-J-Slicing-73-001,4,3584,3584,3585,1,60,30,3
367,MVN-J-Slicing-73-001,8,3585,3623,3624,20,60,20,2
368,MVN-J-Slicing-73-001,4,3625,3802,3803,60,60,30,3
369,MVN-J-Slicing-73-001,8,3805,3911,3912,54,60,20,2
370,MVN-J-Slicing-73-001,5,3912,3971,3972,60,60,20,1
370,MVN-J-Slicing-73-001,5,3932,3991,3992,60,60,20,1
370,MVN-J-Slicing-73-001,5,3952,4011,4012,60,60,20,1
370,MVN-J-Slicing-73-001,5,3972,4031,4032,60,60,20,1
370,MVN-J-Slicing-73-001,5,3992,4051,4052,60,60,20,1
370,MVN-J-Slicing-73-001,5,4012,4071,4072,60,60,20,1
370,MVN-J-Slicing-73-001,5,4032,4091,4092,60,60,20,1
370,MVN-J-Slicing-73-001,5,4052,4111,4112,60,60,20,1
370,MVN-J-Slicing-73-001,5,4072,4131,4132,60,60,20,1
370,MVN-J-Slicing-73-001,5,4092,4151,4152,60,60,20,1
370,MVN-J-Slicing-73-001,5,4112,4171,4172,60,60,20,1
370,MVN-J-Slicing-73-001,5,4132,4191,4192,60,60,20,1
370,MVN-J-Slicing-73-001,5,4152,4211,4212,60,60,20,1
370,MVN-J-Slicing-73-001,5,4172,4231,4232,60,60,20,1
370,MVN-J-Slicing-73-001,5,4192,4251,4252,60,60,20,1
370,MVN-J-Slicing-73-001,5,4212,4271,4272,60,60,20,1
370,MVN-J-Slicing-73-001,5,4232,4291,4292,60,60,20,1
370,MVN-J-Slicing-73-001,5,4252,4311,4312,60,60,20,1
370,MVN-J-Slicing-73-001,5,4272,4331,4332,60,60,20,1
370,MVN-J-Slicing-73-001,5,4292,4351,4352,60,60,20,1
370,MVN-J-Slicing-73-001,5,4312,4371,4372,60,60,20,1
370,MVN-J-Slicing-73-001,5,4332,4391,4392,60,60,20,1
370,MVN-J-Slicing-73-001,5,4352,4411,4412,60,60,20,1
370,MVN-J-Slicing-73-001,5,4372,4431,4432,60,60,20,1
370,MVN-J-Slicing-73-001,5,4392,4451,4452,60,60,20,1
370,MVN-J-Slicing-73-001,5,4412,4471,4472,60,60,20,1
370,MVN-J-Slicing-73-001,5,4432,4491,4492,60,60,20,1
370,MVN-J-Slicing-73-001,5,4452,4511,4512,60,60,20,1
370,MVN-J-Slicing-73-001,5,4472,4531,4532,60,60,20,1
370,MVN-J-Slicing-73-001,5,4532,4542,4543,11,60,20,1
371,MVN-J-Slicing-73-001,8,4543,4649,4650,54,60,20,2
372,MVN-J-Slicing-73-001,4,4651,4828,4829,60,60,30,3
372,MVN-J-Slicing-73-001,4,4741,4918,4919,60,60,30,3
372,MVN-J-Slicing-73-001,4,4921,4957,4958,13,60,30,3
373,MVN-J-Slicing-73-001,8,4960,5066,5067,54,60,20,2
374,MVN-J-Slicing-73-001,4,5067,5244,5245,60,60,30,3
374,MVN-J-Slicing-73-001,4,5157,5334,5335,60,60,30,3
374,MVN-J-Slicing-73-001,4,5247,5424,5425,60,60,30,3
374,MVN-J-Slicing-73-001,4,5337,5514,5515,60,60,30,3
374,MVN-J-Slicing-73-001,4,5427,5604,5605,60,60,30,3
374,MVN-J-Slicing-73-001,4,5517,5694,5695,60,60,30,3
374,MVN-J-Slicing-73-001,4,5607,5784,5785,60,60,30,3
374,MVN-J-Slicing-73-001,4,5697,5874,5875,60,60,30,3
374,MVN-J-Slicing-73-001,4,5787,5964,5965,60,60,30,3
374,MVN-J-Slicing-73-001,4,5877,6054,6055,60,60,30,3
374,MVN-J-Slicing-73-001,4,5967,6144,6145,60,60,30,3
374,MVN-J-Slicing-73-001,4,6057,6234,6235,60,60,30,3
374,MVN-J-Slicing-73-001,4,6237,6252,6253,6,60,30,3
375,MVN-J-Slicing-73-001,8,6254,6372,6373,60,60,20,2
375,MVN-J-Slicing-73-001,8,6294,6412,6413,60,60,20,2
375,MVN-J-Slicing-73-001,8,6334,6452,6453,60,60,20,2
375,MVN-J-Slicing-73-001,8,6374,6492,6493,60,60,20,2
375,MVN-J-Slicing-73-001,8,6414,6532,6533,60,60,20,2
375,MVN-J-Slicing-73-001,8,6454,6572,6573,60,60,20,2
375,MVN-J-Slicing-73-001,8,6494,6612,6613,60,60,20,2
375,MVN-J-Slicing-73-001,8,6534,6652,6653,60,60,20,2
375,MVN-J-Slicing-73-001,8,6654,6666,6667,7,60,20,2
376,MVN-J-Slicing-73-001,4,6667,6844,6845,60,60,30,3
376,MVN-J-Slicing-73-001,4,6757,6934,6935,60,60,30,3
376,MVN-J-Slicing-73-001,4,6937,6952,6953,6,60,30,3
377,MVN-J-Slicing-73-001,8,6955,6991,6992,19,60,20,2
378,MVN-J-Slicing-73-001,3,6993,7081,7082,45,60,30,2
379,MVN-J-Slicing-73-001,8,7082,7200,7201,60,60,20,2
379,MVN-J-Slicing-73-001,8,7122,7240,7241,60,60,20,2
379,MVN-J-Slicing-73-001,8,7162,7280,7281,60,60,20,2
379,MVN-J-Slicing-73-001,8,7282,7284,7285,2,60,20,2
380,MVN-J-Slicing-73-001,0,7286,7404,7405,60,60,30,2
380,MVN-J-Slicing-73-001,0,7346,7464,7465,60,60,30,2
380,MVN-J-Slicing-73-001,0,7406,7524,7525,60,60,30,2
380,MVN-J-Slicing-73-001,0,7466,7584,7585,60,60,30,2
380,MVN-J-Slicing-73-001,0,7526,7644,7645,60,60,30,2
380,MVN-J-Slicing-73-001,0,7586,7704,7705,60,60,30,2
380,MVN-J-Slicing-73-001,0,7646,7764,7765,60,60,30,2
380,MVN-J-Slicing-73-001,0,7706,7824,7825,60,60,30,2
380,MVN-J-Slicing-73-001,0,7766,7884,7885,60,60,30,2
380,MVN-J-Slicing-73-001,0,7826,7944,7945,60,60,30,2
380,MVN-J-Slicing-73-001,0,7886,8004,8005,60,60,30,2
380,MVN-J-Slicing-73-001,0,7946,8064,8065,60,60,30,2
380,MVN-J-Slicing-73-001,0,8006,8124,8125,60,60,30,2
380,MVN-J-Slicing-73-001,0,8066,8184,8185,60,60,30,2
380,MVN-J-Slicing-73-001,0,8126,8244,8245,60,60,30,2
380,MVN-J-Slicing-73-001,0,8186,8304,8305,60,60,30,2
380,MVN-J-Slicing-73-001,0,8246,8364,8365,60,60,30,2
380,MVN-J-Slicing-73-001,0,8306,8424,8425,60,60,30,2
380,MVN-J-Slicing-73-001,0,8366,8484,8485,60,60,30,2
380,MVN-J-Slicing-73-001,0,8426,8544,8545,60,60,30,2
380,MVN-J-Slicing-73-001,0,8486,8604,8605,60,60,30,2
380,MVN-J-Slicing-73-001,0,8546,8664,8665,60,60,30,2
380,MVN-J-Slicing-73-001,0,8666,8676,8677,6,60,30,2
381,MVN-J-Slicing-73-001,8,8677,8767,8768,46,60,20,2
382,MVN-J-Slicing-73-001,4,8768,8834,8835,23,60,30,3
383,MVN-J-Slicing-73-001,8,8835,8899,8900,33,60,20,2
384,MVN-J-Slicing-73-001,4,8901,9078,9079,60,60,30,3
384,MVN-J-Slicing-73-001,4,8991,9168,9169,60,60,30,3
384,MVN-J-Slicing-73-001,4,9171,9249,9250,27,60,30,3
385,MVN-J-Slicing-73-001,8,9252,9316,9317,33,60,20,2
386,MVN-J-Slicing-73-001,0,9318,9436,9437,60,60,30,2
386,MVN-J-Slicing-73-001,0,9378,9496,9497,60,60,30,2
386,MVN-J-Slicing-73-001,0,9438,9556,9557,60,60,30,2
386,MVN-J-Slicing-73-001,0,9498,9616,9617,60,60,30,2
386,MVN-J-Slicing-73-001,0,9558,9676,9677,60,60,30,2
386,MVN-J-Slicing-73-001,0,9618,9736,9737,60,60,30,2
386,MVN-J-Slicing-73-001,0,9678,9796,9797,60,60,30,2
386,MVN-J-Slicing-73-001,0,9738,9856,9857,60,60,30,2
386,MVN-J-Slicing-73-001,0,9858,9890,9891,17,60,30,2
387,MVN-J-Slicing-73-001,4,9891,10041,10042,51,60,30,3
388,MVN-J-Slicing-73-001,8,10043,10105,10106,32,60,20,2
389,MVN-J-Slicing-73-001,4,10106,10166,10167,21,60,30,3
390,MVN-J-Slicing-73-001,8,10168,10262,10263,48,60,20,2
391,MVN-J-Slicing-73-001,3,10264,10382,10383,60,60,30,2
391,MVN-J-Slicing-73-001,3,10324,10442,10443,60,60,30,2
391,MVN-J-Slicing-73-001,3,10444,10464,10465,11,60,30,2
392,MVN-J-Slicing-73-001,4,10465,10642,10643,60,60,30,3
392,MVN-J-Slicing-73-001,4,10555,10732,10733,60,60,30,3
392,MVN-J-Slicing-73-001,4,10645,10822,10823,60,60,30,3
392,MVN-J-Slicing-73-001,4,10735,10912,10913,60,60,30,3
392,MVN-J-Slicing-73-001,4,10915,10942,10943,10,60,30,3
393,MVN-J-Slicing-73-001,8,10943,11061,11062,60,60,20,2
393,MVN-J-Slicing-73-001,8,10983,11101,11102,60,60,20,2
393,MVN-J-Slicing-73-001,8,11023,11141,11142,60,60,20,2
393,MVN-J-Slicing-73-001,8,11143,11179,11180,19,60,20,2
394,MVN-J-Slicing-73-001,4,11181,11334,11335,52,60,30,3
395,MVN-J-Slicing-73-001,8,11335,11453,11454,60,60,20,2
395,MVN-J-Slicing-73-001,8,11375,11493,11494,60,60,20,2
395,MVN-J-Slicing-73-001,8,11495,11497,11498,2,60,20,2
396,MVN-J-Slicing-73-001,0,11498,11616,11617,60,60,30,2
396,MVN-J-Slicing-73-001,0,11558,11676,11677,60,60,30,2
396,MVN-J-Slicing-73-001,0,11618,11736,11737,60,60,30,2
396,MVN-J-Slicing-73-001,0,11678,11796,11797,60,60,30,2
396,MVN-J-Slicing-73-001,0,11738,11856,11857,60,60,30,2
396,MVN-J-Slicing-73-001,0,11798,11916,11917,60,60,30,2
396,MVN-J-Slicing-73-001,0,11858,11976,11977,60,60,30,2
396,MVN-J-Slicing-73-001,0,11918,12036,12037,60,60,30,2
396,MVN-J-Slicing-73-001,0,12038,12038,12039,1,60,30,2
397,MVN-J-Slicing-73-001,4,12040,12208,12209,57,60,30,3
398,MVN-J-Slicing-73-001,8,12210,12290,12291,41,60,20,2
399,MVN-J-Slicing-73-001,4,12292,12325,12326,12,60,30,3
400,MVN-J-Slicing-73-001,8,12328,12412,12413,43,60,20,2
401,MVN-J-Slicing-73-001,4,12414,12483,12484,24,60,30,3
402,MVN-J-Slicing-73-001,8,12485,12581,12582,49,60,20,2
403,MVN-J-Slicing-73-001,3,12583,12701,12702,60,60,30,2
403,MVN-J-Slicing-73-001,3,12703,12711,12712,5,60,30,2
404,MVN-J-Slicing-73-001,5,12713,12772,12773,60,60,20,1
404,MVN-J-Slicing-73-001,5,12733,12792,12793,60,60,20,1
404,MVN-J-Slicing-73-001,5,12753,12812,12813,60,60,20,1
404,MVN-J-Slicing-73-001,5,12773,12832,12833,60,60,20,1
404,MVN-J-Slicing-73-001,5,12793,12852,12853,60,60,20,1
404,MVN-J-Slicing-73-001,5,12813,12872,12873,60,60,20,1
404,MVN-J-Slicing-73-001,5,12833,12892,12893,60,60,20,1
404,MVN-J-Slicing-73-001,5,12853,12912,12913,60,60,20,1
404,MVN-J-Slicing-73-001,5,12873,12932,12933,60,60,20,1
404,MVN-J-Slicing-73-001,5,12893,12952,12953,60,60,20,1
404,MVN-J-Slicing-73-001,5,12913,12972,12973,60,60,20,1
404,MVN-J-Slicing-73-001,5,12933,12992,12993,60,60,20,1
404,MVN-J-Slicing-73-001,5,12953,13012,13013,60,60,20,1
404,MVN-J-Slicing-73-001,5,12973,13032,13033,60,60,20,1
404,MVN-J-Slicing-73-001,5,12993,13052,13053,60,60,20,1
404,MVN-J-Slicing-73-001,5,13013,13072,13073,60,60,20,1
404,MVN-J-Slicing-73-001,5,13033,13092,13093,60,60,20,1
404,MVN-J-Slicing-73-001,5,13053,13112,13113,60,60,20,1
404,MVN-J-Slicing-73-001,5,13073,13132,13133,60,60,20,1
404,MVN-J-Slicing-73-001,5,13093,13152,13153,60,60,20,1
404,MVN-J-Slicing-73-001,5,13113,13172,13173,60,60,20,1
404,MVN-J-Slicing-73-001,5,13133,13192,13193,60,60,20,1
404,MVN-J-Slicing-73-001,5,13153,13212,13213,60,60,20,1
404,MVN-J-Slicing-73-001,5,13173,13232,13233,60,60,20,1
404,MVN-J-Slicing-73-001,5,13193,13252,13253,60,60,20,1
404,MVN-J-Slicing-73-001,5,13213,13272,13273,60,60,20,1
404,MVN-J-Slicing-73-001,5,13273,13284,13285,12,60,20,1
405,MVN-J-Slicing-73-001,8,13285,13345,13346,31,60,20,2
406,MVN-J-Slicing-73-001,4,13346,13523,13524,60,60,30,3
406,MVN-J-Slicing-73-001,4,13526,13526,13527,1,60,30,3
407,MVN-J-Slicing-73-001,8,13529,13647,13648,60,60,20,2
407,MVN-J-Slicing-73-001,8,13649,13677,13678,15,60,20,2
408,MVN-J-Slicing-73-001,2,13679,13797,13798,60,60,30,2
408,MVN-J-Slicing-73-001,2,13739,13857,13858,60,60,30,2
408,MVN-J-Slicing-73-001,2,13799,13917,13918,60,60,30,2
408,MVN-J-Slicing-73-001,2,13919,13919,13920,1,60,30,2
409,MVN-J-Slicing-73-001,3,13921,14001,14002,41,60,30,2
410,MVN-J-Slicing-73-001,4,14002,14179,14180,60,60,30,3
410,MVN-J-Slicing-73-001,4,14092,14269,14270,60,60,30,3
410,MVN-J-Slicing-73-001,4,14182,14359,14360,60,60,30,3
410,MVN-J-Slicing-73-001,4,14272,14449,14450,60,60,30,3
410,MVN-J-Slicing-73-001,4,14362,14539,14540,60,60,30,3
410,MVN-J-Slicing-73-001,4,14542,14554,14555,5,60,30,3
411,MVN-J-Slicing-73-001,8,14557,14667,14668,56,60,20,2
412,MVN-J-Slicing-73-001,4,14668,14845,14846,60,60,30,3
412,MVN-J-Slicing-73-001,4,14848,14866,14867,7,60,30,3
413,MVN-J-Slicing-73-001,8,14867,14973,14974,54,60,20,2
414,MVN-J-Slicing-73-001,4,14975,15152,15153,60,60,30,3
414,MVN-J-Slicing-73-001,4,15065,15242,15243,60,60,30,3
414,MVN-J-Slicing-73-001,4,15245,15275,15276,11,60,30,3
415,MVN-J-Slicing-73-001,8,15277,15395,15396,60,60,20,2
416,MVN-J-Slicing-73-001,4,15396,15573,15574,60,60,30,3
416,MVN-J-Slicing-73-001,4,15486,15663,15664,60,60,30,3
416,MVN-J-Slicing-73-001,4,15576,15753,15754,60,60,30,3
416,MVN-J-Slicing-73-001,4,15666,15843,15844,60,60,30,3
416,MVN-J-Slicing-73-001,4,15756,15933,15934,60,60,30,3
416,MVN-J-Slicing-73-001,4,15846,16023,16024,60,60,30,3
416,MVN-J-Slicing-73-001,4,15936,16113,16114,60,60,30,3
416,MVN-J-Slicing-73-001,4,16116,16164,16165,17,60,30,3
417,MVN-J-Slicing-73-001,8,16167,16285,16286,60,60,20,2
417,MVN-J-Slicing-73-001,8,16207,16325,16326,60,60,20,2
417,MVN-J-Slicing-73-001,8,16247,16365,16366,60,60,20,2
417,MVN-J-Slicing-73-001,8,16287,16405,16406,60,60,20,2
417,MVN-J-Slicing-73-001,8,16407,16431,16432,13,60,20,2
418,MVN-J-Slicing-73-001,4,16433,16559,16560,43,60,30,3
419,MVN-J-Slicing-73-001,8,16560,16678,16679,60,60,20,2
419,MVN-J-Slicing-73-001,8,16680,16708,16709,15,60,20,2
420,MVN-J-Slicing-73-001,3,16710,16828,16829,60,60,30,2
420,MVN-J-Slicing-73-001,3,16770,16888,16889,60,60,30,2
420,MVN-J-Slicing-73-001,3,16890,16894,16895,3,60,30,2
421,MVN-J-Slicing-73-001,0,16895,17013,17014,60,60,30,2
421,MVN-J-Slicing-73-001,0,17015,17041,17042,14,60,30,2
422,MVN-J-Slicing-73-001,4,17043,17220,17221,60,60,30,3
422,MVN-J-Slicing-73-001,4,17133,17310,17311,60,60,30,3
422,MVN-J-Slicing-73-001,4,17223,17400,17401,60,60,30,3
422,MVN-J-Slicing-73-001,4,17403,17418,17419,6,60,30,3
423,MVN-J-Slicing-73-001,8,17419,17537,17538,60,60,20,2
423,MVN-J-Slicing-73-001,8,17539,17539,17540,1,60,20,2
424,MVN-J-Slicing-73-001,5,17540,17599,17600,60,60,20,1
424,MVN-J-Slicing-73-001,5,17560,17619,17620,60,60,20,1
424,MVN-J-Slicing-73-001,5,17580,17639,17640,60,60,20,1
424,MVN-J-Slicing-73-001,5,17600,17659,17660,60,60,20,1
424,MVN-J-Slicing-73-001,5,17620,17679,17680,60,60,20,1
424,MVN-J-Slicing-73-001,5,17640,17699,17700,60,60,20,1
424,MVN-J-Slicing-73-001,5,17700,17715,17716,16,60,20,1
425,MVN-J-Slicing-73-001,8,17716,17834,17835,60,60,20,2
425,MVN-J-Slicing-73-001,8,17756,17874,17875,60,60,20,2
425,MVN-J-Slicing-73-001,8,17876,17882,17883,4,60,20,2
426,MVN-J-Slicing-73-001,4,17883,18060,18061,60,60,30,3
426,MVN-J-Slicing-73-001,4,17973,18150,18151,60,60,30,3
426,MVN-J-Slicing-73-001,4,18153,18210,18211,20,60,30,3
427,MVN-J-Slicing-73-001,8,18212,18274,18275,32,60,20,2
428,MVN-J-Slicing-73-001,5,18275,18334,18335,60,60,20,1
428,MVN-J-Slicing-73-001,5,18295,18354,18355,60,60,20,1
428,MVN-J-Slicing-73-001,5,18315,18374,18375,60,60,20,1
428,MVN-J-Slicing-73-001,5,18335,18394,18395,60,60,20,1
428,MVN-J-Slicing-73-001,5,18355,18414,18415,60,60,20,1
428,MVN-J-Slicing-73-001,5,18375,18434,18435,60,60,20,1
428,MVN-J-Slicing-73-001,5,18395,18454,18455,60,60,20,1
428,MVN-J-Slicing-73-001,5,18415,18474,18475,60,60,20,1
428,MVN-J-Slicing-73-001,5,18435,18494,18495,60,60,20,1
428,MVN-J-Slicing-73-001,5,18455,18514,18515,60,60,20,1
428,MVN-J-Slicing-73-001,5,18475,18534,18535,60,60,20,1
428,MVN-J-Slicing-73-001,5,18495,18554,18555,60,60,20,1
428,MVN-J-Slicing-73-001,5,18515,18574,18575,60,60,20,1
428,MVN-J-Slicing-73-001,5,18535,18594,18595,60,60,20,1
428,MVN-J-Slicing-73-001,5,18555,18614,18615,60,60,20,1
428,MVN-J-Slicing-73-001,5,18575,18634,18635,60,60,20,1
428,MVN-J-Slicing-73-001,5,18595,18654,18655,60,60,20,1
428,MVN-J-Slicing-73-001,5,18615,18674,18675,60,60,20,1
428,MVN-J-Slicing-73-001,5,18635,18694,18695,60,60,20,1
428,MVN-J-Slicing-73-001,5,18655,18714,18715,60,60,20,1
428,MVN-J-Slicing-73-001,5,18675,18734,18735,60,60,20,1
428,MVN-J-Slicing-73-001,5,18695,18754,18755,60,60,20,1
428,MVN-J-Slicing-73-001,5,18715,18774,18775,60,60,20,1
428,MVN-J-Slicing-73-001,5,18735,18794,18795,60,60,20,1
428,MVN-J-Slicing-73-001,5,18755,18814,18815,60,60,20,1
428,MVN-J-Slicing-73-001,5,18775,18834,18835,60,60,20,1
428,MVN-J-Slicing-73-001,5,18795,18854,18855,60,60,20,1
428,MVN-J-Slicing-73-001,5,18815,18874,18875,60,60,20,1
428,MVN-J-Slicing-73-001,5,18835,18894,18895,60,60,20,1
428,MVN-J-Slicing-73-001,5,18855,18914,18915,60,60,20,1
428,MVN-J-Slicing-73-001,5,18875,18934,18935,60,60,20,1
428,MVN-J-Slicing-73-001,5,18895,18954,18955,60,60,20,1
428,MVN-J-Slicing-73-001,5,18915,18974,18975,60,60,20,1
428,MVN-J-Slicing-73-001,5,18935,18994,18995,60,60,20,1
428,MVN-J-Slicing-73-001,5,18955,19014,19015,60,60,20,1
428,MVN-J-Slicing-73-001,5,18975,19034,19035,60,60,20,1
428,MVN-J-Slicing-73-001,5,18995,19054,19055,60,60,20,1
428,MVN-J-Slicing-73-001,5,19015,19074,19075,60,60,20,1
428,MVN-J-Slicing-73-001,5,19035,19094,19095,60,60,20,1
428,MVN-J-Slicing-73-001,5,19055,19114,19115,60,60,20,1
428,MVN-J-Slicing-73-001,5,19075,19134,19135,60,60,20,1
428,MVN-J-Slicing-73-001,5,19095,19154,19155,60,60,20,1
428,MVN-J-Slicing-73-001,5,19115,19174,19175,60,60,20,1
428,MVN-J-Slicing-73-001,5,19135,19194,19195,60,60,20,1
428,MVN-J-Slicing-73-001,5,19155,19214,19215,60,60,20,1
428,MVN-J-Slicing-73-001,5,19175,19234,19235,60,60,20,1
428,MVN-J-Slicing-73-001,5,19195,19254,19255,60,60,20,1
428,MVN-J-Slicing-73-001,5,19215,19274,19275,60,60,20,1
428,MVN-J-Slicing-73-001,5,19235,19294,19295,60,60,20,1
428,MVN-J-Slicing-73-001,5,19255,19314,19315,60,60,20,1
428,MVN-J-Slicing-73-001,5,19275,19334,19335,60,60,20,1
428,MVN-J-Slicing-73-001,5,19295,19354,19355,60,60,20,1
428,MVN-J-Slicing-73-001,5,19315,19374,19375,60,60,20,1
428,MVN-J-Slicing-73-001,5,19335,19394,19395,60,60,20,1
428,MVN-J-Slicing-73-001,5,19355,19414,19415,60,60,20,1
428,MVN-J-Slicing-73-001,5,19375,19434,19435,60,60,20,1
428,MVN-J-Slicing-73-001,5,19395,19454,19455,60,60,20,1
428,MVN-J-Slicing-73-001,5,19455,19467,19468,13,60,20,1
429,MVN-J-Slicing-73-001,4,19468,19645,19646,60,60,30,3
429,MVN-J-Slicing-73-001,4,19558,19735,19736,60,60,30,3
429,MVN-J-Slicing-73-001,4,19648,19825,19826,60,60,30,3
429,MVN-J-Slicing-73-001,4,19738,19915,19916,60,60,30,3
429,MVN-J-Slicing-73-001,4,19828,20005,20006,60,60,30,3
429,MVN-J-Slicing-73-001,4,19918,20095,20096,60,60,30,3
429,MVN-J-Slicing-73-001,4,20008,20185,20186,60,60,30,3
429,MVN-J-Slicing-73-001,4,20188,20248,20249,21,60,30,3
430,MVN-J-Slicing-73-001,8,20251,20369,20370,60,60,20,2
430,MVN-J-Slicing-73-001,8,20371,20397,20398,14,60,20,2
431,MVN-J-Slicing-73-001,4,20399,20576,20577,60,60,30,3
431,MVN-J-Slicing-73-001,4,20489,20666,20667,60,60,30,3
431,MVN-J-Slicing-73-001,4,20579,20756,20757,60,60,30,3
431,MVN-J-Slicing-73-001,4,20669,20846,20847,60,60,30,3
431,MVN-J-Slicing-73-001,4,20759,20936,20937,60,60,30,3
431,MVN-J-Slicing-73-001,4,20849,21026,21027,60,60,30,3
431,MVN-J-Slicing-73-001,4,21029,21071,21072,15,60,30,3
432,MVN-J-Slicing-73-001,8,21072,21190,21191,60,60,20,2
432,MVN-J-Slicing-73-001,8,21192,21218,21219,14,60,20,2
433,MVN-J-Slicing-73-001,4,21220,21397,21398,60,60,30,3
434,MVN-J-Slicing-73-001,2,21399,21517,21518,60,60,30,2
434,MVN-J-Slicing-73-001,2,21459,21577,21578,60,60,30,2
434,MVN-J-Slicing-73-001,2,21519,21637,21638,60,60,30,2
434,MVN-J-Slicing-73-001,2,21579,21697,21698,60,60,30,2
434,MVN-J-Slicing-73-001,2,21639,21757,21758,60,60,30,2
434,MVN-J-Slicing-73-001,2,21699,21817,21818,60,60,30,2
434,MVN-J-Slicing-73-001,2,21759,21877,21878,60,60,30,2
434,MVN-J-Slicing-73-001,2,21819,21937,21938,60,60,30,2
434,MVN-J-Slicing-73-001,2,21879,21997,21998,60,60,30,2
434,MVN-J-Slicing-73-001,2,21999,22023,22024,13,60,30,2
435,MVN-J-Slicing-73-001,5,22024,22083,22084,60,60,20,1
435,MVN-J-Slicing-73-001,5,22044,22103,22104,60,60,20,1
435,MVN-J-Slicing-73-001,5,22064,22123,22124,60,60,20,1
435,MVN-J-Slicing-73-001,5,22084,22143,22144,60,60,20,1
435,MVN-J-Slicing-73-001,5,22104,22163,22164,60,60,20,1
435,MVN-J-Slicing-73-001,5,22124,22183,22184,60,60,20,1
435,MVN-J-Slicing-73-001,5,22144,22203,22204,60,60,20,1
435,MVN-J-Slicing-73-001,5,22164,22223,22224,60,60,20,1
435,MVN-J-Slicing-73-001,5,22184,22243,22244,60,60,20,1
435,MVN-J-Slicing-73-001,5,22204,22263,22264,60,60,20,1
435,MVN-J-Slicing-73-001,5,22224,22283,22284,60,60,20,1
435,MVN-J-Slicing-73-001,5,22244,22303,22304,60,60,20,1
435,MVN-J-Slicing-73-001,5,22264,22323,22324,60,60,20,1
435,MVN-J-Slicing-73-001,5,22284,22343,22344,60,60,20,1
435,MVN-J-Slicing-73-001,5,22304,22363,22364,60,60,20,1
435,MVN-J-Slicing-73-001,5,22324,22383,22384,60,60,20,1
435,MVN-J-Slicing-73-001,5,22344,22403,22404,60,60,20,1
435,MVN-J-Slicing-73-001,5,22364,22423,22424,60,60,20,1
435,MVN-J-Slicing-73-001,5,22384,22443,22444,60,60,20,1
435,MVN-J-Slicing-73-001,5,22404,22463,22464,60,60,20,1
435,MVN-J-Slicing-73-001,5,22424,22483,22484,60,60,20,1
435,MVN-J-Slicing-73-001,5,22444,22503,22504,60,60,20,1
435,MVN-J-Slicing-73-001,5,22464,22523,22524,60,60,20,1
435,MVN-J-Slicing-73-001,5,22484,22543,22544,60,60,20,1
435,MVN-J-Slicing-73-001,5,22504,22563,22564,60,60,20,1
435,MVN-J-Slicing-73-001,5,22524,22583,22584,60,60,20,1
435,MVN-J-Slicing-73-001,5,22544,22603,22604,60,60,20,1
435,MVN-J-Slicing-73-001,5,22564,22623,22624,60,60,20,1
435,MVN-J-Slicing-73-001,5,22584,22643,22644,60,60,20,1
435,MVN-J-Slicing-73-001,5,22604,22663,22664,60,60,20,1
435,MVN-J-Slicing-73-001,5,22624,22683,22684,60,60,20,1
435,MVN-J-Slicing-73-001,5,22644,22703,22704,60,60,20,1
435,MVN-J-Slicing-73-001,5,22664,22723,22724,60,60,20,1
435,MVN-J-Slicing-73-001,5,22684,22743,22744,60,60,20,1
435,MVN-J-Slicing-73-001,5,22704,22763,22764,60,60,20,1
435,MVN-J-Slicing-73-001,5,22724,22783,22784,60,60,20,1
435,MVN-J-Slicing-73-001,5,22744,22803,22804,60,60,20,1
435,MVN-J-Slicing-73-001,5,22764,22823,22824,60,60,20,1
435,MVN-J-Slicing-73-001,5,22784,22843,22844,60,60,20,1
435,MVN-J-Slicing-73-001,5,22804,22863,22864,60,60,20,1
435,MVN-J-Slicing-73-001,5,22824,22883,22884,60,60,20,1
435,MVN-J-Slicing-73-001,5,22844,22903,22904,60,60,20,1
435,MVN-J-Slicing-73-001,5,22864,22923,22924,60,60,20,1
435,MVN-J-Slicing-73-001,5,22884,22943,22944,60,60,20,1
435,MVN-J-Slicing-73-001,5,22904,22963,22964,60,60,20,1
435,MVN-J-Slicing-73-001,5,22924,22983,22984,60,60,20,1
435,MVN-J-Slicing-73-001,5,22944,23003,23004,60,60,20,1
435,MVN-J-Slicing-73-001,5,22964,23023,23024,60,60,20,1
435,MVN-J-Slicing-73-001,5,22984,23043,23044,60,60,20,1
435,MVN-J-Slicing-73-001,5,23004,23063,23064,60,60,20,1
435,MVN-J-Slicing-73-001,5,23024,23083,23084,60,60,20,1
435,MVN-J-Slicing-73-001,5,23044,23103,23104,60,60,20,1
435,MVN-J-Slicing-73-001,5,23064,23123,23124,60,60,20,1
435,MVN-J-Slicing-73-001,5,23084,23143,23144,60,60,20,1
435,MVN-J-Slicing-73-001,5,23104,23163,23164,60,60,20,1
435,MVN-J-Slicing-73-001,5,23124,23183,23184,60,60,20,1
435,MVN-J-Slicing-73-001,5,23144,23203,23204,60,60,20,1
435,MVN-J-Slicing-73-001,5,23164,23223,23224,60,60,20,1
435,MVN-J-Slicing-73-001,5,23184,23243,23244,60,60,20,1
435,MVN-J-Slicing-73-001,5,23204,23263,23264,60,60,20,1
435,MVN-J-Slicing-73-001,5,23224,23283,23284,60,60,20,1
435,MVN-J-Slicing-73-001,5,23244,23303,23304,60,60,20,1
435,MVN-J-Slicing-73-001,5,23264,23323,23324,60,60,20,1
435,MVN-J-Slicing-73-001,5,23284,23343,23344,60,60,20,1
435,MVN-J-Slicing-73-001,5,23344,23347,23348,4,60,20,1
436,MVN-J-Slicing-73-001,8,23348,23444,23445,49,60,20,2
437,MVN-J-Slicing-73-001,3,23446,23564,23565,60,60,30,2
437,MVN-J-Slicing-73-001,3,23566,23602,23603,19,60,30,2
438,MVN-J-Slicing-73-001,8,23604,23722,23723,60,60,20,2
438,MVN-J-Slicing-73-001,8,23644,23762,23763,60,60,20,2
438,MVN-J-Slicing-73-001,8,23764,23796,23797,17,60,20,2
439,MVN-J-Slicing-73-001,4,23798,23915,23916,40,60,30,3
440,MVN-J-Slicing-73-001,8,23917,24035,24036,60,60,20,2
440,MVN-J-Slicing-73-001,8,24037,24039,24040,2,60,20,2
441,MVN-J-Slicing-73-001,4,24041,24218,24219,60,60,30,3
441,MVN-J-Slicing-73-001,4,24131,24308,24309,60,60,30,3
441,MVN-J-Slicing-73-001,4,24221,24398,24399,60,60,30,3
441,MVN-J-Slicing-73-001,4,24311,24488,24489,60,60,30,3
441,MVN-J-Slicing-73-001,4,24401,24578,24579,60,60,30,3
441,MVN-J-Slicing-73-001,4,24491,24668,24669,60,60,30,3
441,MVN-J-Slicing-73-001,4,24581,24758,24759,60,60,30,3
441,MVN-J-Slicing-73-001,4,24671,24848,24849,60,60,30,3
441,MVN-J-Slicing-73-001,4,24851,24875,24876,9,60,30,3
442,MVN-J-Slicing-73-001,8,24877,24995,24996,60,60,20,2
442,MVN-J-Slicing-73-001,8,24917,25035,25036,60,60,20,2
442,MVN-J-Slicing-73-001,8,24957,25075,25076,60,60,20,2
443,MVN-J-Slicing-73-001,5,25077,25136,25137,60,60,20,1
443,MVN-J-Slicing-73-001,5,25097,25156,25157,60,60,20,1
443,MVN-J-Slicing-73-001,5,25117,25176,25177,60,60,20,1
443,MVN-J-Slicing-73-001,5,25137,25196,25197,60,60,20,1
443,MVN-J-Slicing-73-001,5,25157,25216,25217,60,60,20,1
443,MVN-J-Slicing-73-001,5,25177,25236,25237,60,60,20,1
443,MVN-J-Slicing-73-001,5,25197,25256,25257,60,60,20,1
443,MVN-J-Slicing-73-001,5,25217,25276,25277,60,60,20,1
443,MVN-J-Slicing-73-001,5,25237,25296,25297,60,60,20,1
443,MVN-J-Slicing-73-001,5,25257,25316,25317,60,60,20,1
443,MVN-J-Slicing-73-001,5,25277,25336,25337,60,60,20,1
443,MVN-J-Slicing-73-001,5,25297,25356,25357,60,60,20,1
443,MVN-J-Slicing-73-001,5,25317,25376,25377,60,60,20,1
443,MVN-J-Slicing-73-001,5,25337,25396,25397,60,60,20,1
443,MVN-J-Slicing-73-001,5,25357,25416,25417,60,60,20,1
443,MVN-J-Slicing-73-001,5,25377,25436,25437,60,60,20,1
443,MVN-J-Slicing-73-001,5,25397,25456,25457,60,60,20,1
443,MVN-J-Slicing-73-001,5,25417,25476,25477,60,60,20,1
443,MVN-J-Slicing-73-001,5,25437,25496,25497,60,60,20,1
443,MVN-J-Slicing-73-001,5,25457,25516,25517,60,60,20,1
443,MVN-J-Slicing-73-001,5,25477,25536,25537,60,60,20,1
443,MVN-J-Slicing-73-001,5,25497,25556,25557,60,60,20,1
443,MVN-J-Slicing-73-001,5,25517,25576,25577,60,60,20,1
443,MVN-J-Slicing-73-001,5,25537,25596,25597,60,60,20,1
443,MVN-J-Slicing-73-001,5,25557,25616,25617,60,60,20,1
443,MVN-J-Slicing-73-001,5,25577,25636,25637,60,60,20,1
443,MVN-J-Slicing-73-001,5,25597,25656,25657,60,60,20,1
443,MVN-J-Slicing-73-001,5,25617,25676,25677,60,60,20,1
443,MVN-J-Slicing-73-001,5,25637,25696,25697,60,60,20,1
443,MVN-J-Slicing-73-001,5,25657,25716,25717,60,60,20,1
443,MVN-J-Slicing-73-001,5,25677,25736,25737,60,60,20,1
443,MVN-J-Slicing-73-001,5,25737,25750,25751,14,60,20,1
444,MVN-J-Slicing-73-001,8,25751,25847,25848,49,60,20,2
445,MVN-J-Slicing-73-001,5,25848,25907,25908,60,60,20,1
445,MVN-J-Slicing-73-001,5,25868,25927,25928,60,60,20,1
445,MVN-J-Slicing-73-001,5,25888,25947,25948,60,60,20,1
445,MVN-J-Slicing-73-001,5,25908,25967,25968,60,60,20,1
445,MVN-J-Slicing-73-001,5,25928,25987,25988,60,60,20,1
445,MVN-J-Slicing-73-001,5,25948,26007,26008,60,60,20,1
445,MVN-J-Slicing-73-001,5,25968,26027,26028,60,60,20,1
445,MVN-J-Slicing-73-001,5,25988,26047,26048,60,60,20,1
445,MVN-J-Slicing-73-001,5,26008,26067,26068,60,60,20,1
445,MVN-J-Slicing-73-001,5,26028,26087,26088,60,60,20,1
445,MVN-J-Slicing-73-001,5,26048,26107,26108,60,60,20,1
445,MVN-J-Slicing-73-001,5,26068,26127,26128,60,60,20,1
445,MVN-J-Slicing-73-001,5,26088,26147,26148,60,60,20,1
445,MVN-J-Slicing-73-001,5,26108,26167,26168,60,60,20,1
445,MVN-J-Slicing-73-001,5,26128,26187,26188,60,60,20,1
445,MVN-J-Slicing-73-001,5,26148,26207,26208,60,60,20,1
445,MVN-J-Slicing-73-001,5,26168,26227,26228,60,60,20,1
445,MVN-J-Slicing-73-001,5,26188,26247,26248,60,60,20,1
445,MVN-J-Slicing-73-001,5,26208,26267,26268,60,60,20,1
445,MVN-J-Slicing-73-001,5,26228,26287,26288,60,60,20,1
445,MVN-J-Slicing-73-001,5,26248,26307,26308,60,60,20,1
445,MVN-J-Slicing-73-001,5,26268,26327,26328,60,60,20,1
445,MVN-J-Slicing-73-001,5,26288,26347,26348,60,60,20,1
445,MVN-J-Slicing-73-001,5,26308,26367,26368,60,60,20,1
445,MVN-J-Slicing-73-001,5,26328,26387,26388,60,60,20,1
445,MVN-J-Slicing-73-001,5,26348,26407,26408,60,60,20,1
445,MVN-J-Slicing-73-001,5,26368,26427,26428,60,60,20,1
445,MVN-J-Slicing-73-001,5,26388,26447,26448,60,60,20,1
445,MVN-J-Slicing-73-001,5,26408,26467,26468,60,60,20,1
445,MVN-J-Slicing-73-001,5,26428,26487,26488,60,60,20,1
445,MVN-J-Slicing-73-001,5,26448,26507,26508,60,60,20,1
445,MVN-J-Slicing-73-001,5,26468,26527,26528,60,60,20,1
445,MVN-J-Slicing-73-001,5,26488,26547,26548,60,60,20,1
445,MVN-J-Slicing-73-001,5,26508,26567,26568,60,60,20,1
445,MVN-J-Slicing-73-001,5,26528,26587,26588,60,60,20,1
445,MVN-J-Slicing-73-001,5,26548,26607,26608,60,60,20,1
445,MVN-J-Slicing-73-001,5,26568,26627,26628,60,60,20,1
445,MVN-J-Slicing-73-001,5,26588,26647,26648,60,60,20,1
445,MVN-J-Slicing-73-001,5,26608,26667,26668,60,60,20,1
445,MVN-J-Slicing-73-001,5,26628,26687,26688,60,60,20,1
445,MVN-J-Slicing-73-001,5,26648,26707,26708,60,60,20,1
445,MVN-J-Slicing-73-001,5,26668,26727,26728,60,60,20,1
445,MVN-J-Slicing-73-001,5,26688,26747,26748,60,60,20,1
445,MVN-J-Slicing-73-001,5,26708,26767,26768,60,60,20,1
445,MVN-J-Slicing-73-001,5,26728,26787,26788,60,60,20,1
445,MVN-J-Slicing-73-001,5,26788,26804,26805,17,60,20,1
446,MVN-J-Slicing-73-001,8,26805,26903,26904,50,60,20,2
447,MVN-J-Slicing-73-001,4,26905,26962,26963,20,60,30,3
448,MVN-J-Slicing-73-001,8,26965,27083,27084,60,60,20,2
448,MVN-J-Slicing-73-001,8,27005,27123,27124,60,60,20,2
448,MVN-J-Slicing-73-001,8,27045,27163,27164,60,60,20,2
448,MVN-J-Slicing-73-001,8,27085,27203,27204,60,60,20,2
448,MVN-J-Slicing-73-001,8,27205,27205,27206,1,60,20,2
449,MVN-J-Slicing-73-001,4,27207,27384,27385,60,60,30,3
449,MVN-J-Slicing-73-001,4,27297,27474,27475,60,60,30,3
449,MVN-J-Slicing-73-001,4,27387,27564,27565,60,60,30,3
449,MVN-J-Slicing-73-001,4,27477,27654,27655,60,60,30,3
449,MVN-J-Slicing-73-001,4,27567,27744,27745,60,60,30,3
449,MVN-J-Slicing-73-001,4,27657,27834,27835,60,60,30,3
449,MVN-J-Slicing-73-001,4,27747,27924,27925,60,60,30,3
449,MVN-J-Slicing-73-001,4,27837,28014,28015,60,60,30,3
449,MVN-J-Slicing-73-001,4,27927,28104,28105,60,60,30,3
449,MVN-J-Slicing-73-001,4,28107,28164,28165,20,60,30,3
450,MVN-J-Slicing-73-001,5,28167,28226,28227,60,60,20,1
450,MVN-J-Slicing-73-001,5,28187,28246,28247,60,60,20,1
450,MVN-J-Slicing-73-001,5,28207,28266,28267,60,60,20,1
450,MVN-J-Slicing-73-001,5,28227,28286,28287,60,60,20,1
450,MVN-J-Slicing-73-001,5,28247,28306,28307,60,60,20,1
450,MVN-J-Slicing-73-001,5,28267,28326,28327,60,60,20,1
450,MVN-J-Slicing-73-001,5,28287,28346,28347,60,60,20,1
450,MVN-J-Slicing-73-001,5,28307,28366,28367,60,60,20,1
450,MVN-J-Slicing-73-001,5,28327,28386,28387,60,60,20,1
450,MVN-J-Slicing-73-001,5,28347,28406,28407,60,60,20,1
450,MVN-J-Slicing-73-001,5,28367,28426,28427,60,60,20,1
450,MVN-J-Slicing-73-001,5,28387,28446,28447,60,60,20,1
450,MVN-J-Slicing-73-001,5,28407,28466,28467,60,60,20,1
450,MVN-J-Slicing-73-001,5,28427,28486,28487,60,60,20,1
450,MVN-J-Slicing-73-001,5,28447,28506,28507,60,60,20,1
450,MVN-J-Slicing-73-001,5,28467,28526,28527,60,60,20,1
450,MVN-J-Slicing-73-001,5,28487,28546,28547,60,60,20,1
450,MVN-J-Slicing-73-001,5,28507,28566,28567,60,60,20,1
450,MVN-J-Slicing-73-001,5,28527,28586,28587,60,60,20,1
450,MVN-J-Slicing-73-001,5,28547,28606,28607,60,60,20,1
450,MVN-J-Slicing-73-001,5,28567,28626,28627,60,60,20,1
450,MVN-J-Slicing-73-001,5,28587,28646,28647,60,60,20,1
450,MVN-J-Slicing-73-001,5,28607,28666,28667,60,60,20,1
450,MVN-J-Slicing-73-001,5,28627,28686,28687,60,60,20,1
450,MVN-J-Slicing-73-001,5,28647,28706,28707,60,60,20,1
450,MVN-J-Slicing-73-001,5,28667,28726,28727,60,60,20,1
450,MVN-J-Slicing-73-001,5,28687,28746,28747,60,60,20,1
450,MVN-J-Slicing-73-001,5,28707,28766,28767,60,60,20,1
450,MVN-J-Slicing-73-001,5,28727,28786,28787,60,60,20,1
450,MVN-J-Slicing-73-001,5,28747,28806,28807,60,60,20,1
450,MVN-J-Slicing-73-001,5,28767,28826,28827,60,60,20,1
450,MVN-J-Slicing-73-001,5,28787,28846,28847,60,60,20,1
450,MVN-J-Slicing-73-001,5,28807,28866,28867,60,60,20,1
450,MVN-J-Slicing-73-001,5,28827,28886,28887,60,60,20,1
450,MVN-J-Slicing-73-001,5,28847,28906,28907,60,60,20,1
450,MVN-J-Slicing-73-001,5,28907,28916,28917,10,60,20,1
451,MVN-J-Slicing-73-001,4,28917,28977,28978,21,60,30,3
452,MVN-J-Slicing-73-001,8,28978,29086,29087,55,60,20,2
453,MVN-J-Slicing-73-001,4,29088,29265,29266,60,60,30,3
453,MVN-J-Slicing-73-001,4,29178,29355,29356,60,60,30,3
453,MVN-J-Slicing-73-001,4,29268,29445,29446,60,60,30,3
453,MVN-J-Slicing-73-001,4,29358,29535,29536,60,60,30,3
453,MVN-J-Slicing-73-001,4,29448,29625,29626,60,60,30,3
453,MVN-J-Slicing-73-001,4,29538,29715,29716,60,60,30,3
453,MVN-J-Slicing-73-001,4,29718,29790,29791,25,60,30,3
454,MVN-J-Slicing-73-001,8,29793,29911,29912,60,60,20,2
454,MVN-J-Slicing-73-001,8,29913,29943,29944,16,60,20,2
455,MVN-J-Slicing-73-001,2,29945,30063,30064,60,60,30,2
455,MVN-J-Slicing-73-001,2,30005,30123,30124,60,60,30,2
455,MVN-J-Slicing-73-001,2,30065,30183,30184,60,60,30,2
455,MVN-J-Slicing-73-001,2,30185,30233,30234,25,60,30,2
456,MVN-J-Slicing-73-001,5,30235,30294,30295,60,60,20,1
456,MVN-J-Slicing-73-001,5,30255,30314,30315,60,60,20,1
456,MVN-J-Slicing-73-001,5,30275,30334,30335,60,60,20,1
456,MVN-J-Slicing-73-001,5,30295,30354,30355,60,60,20,1
456,MVN-J-Slicing-73-001,5,30315,30374,30375,60,60,20,1
456,MVN-J-Slicing-73-001,5,30335,30394,30395,60,60,20,1
456,MVN-J-Slicing-73-001,5,30355,30414,30415,60,60,20,1
456,MVN-J-Slicing-73-001,5,30375,30434,30435,60,60,20,1
456,MVN-J-Slicing-73-001,5,30395,30454,30455,60,60,20,1
456,MVN-J-Slicing-73-001,5,30415,30474,30475,60,60,20,1
456,MVN-J-Slicing-73-001,5,30435,30494,30495,60,60,20,1
456,MVN-J-Slicing-73-001,5,30455,30514,30515,60,60,20,1
456,MVN-J-Slicing-73-001,5,30475,30534,30535,60,60,20,1
456,MVN-J-Slicing-73-001,5,30495,30554,30555,60,60,20,1
456,MVN-J-Slicing-73-001,5,30515,30574,30575,60,60,20,1
456,MVN-J-Slicing-73-001,5,30575,30584,30585,10,60,20,1
457,MVN-J-Slicing-73-001,8,30585,30673,30674,45,60,20,2
458,MVN-J-Slicing-73-001,5,30675,30734,30735,60,60,20,1
458,MVN-J-Slicing-73-001,5,30695,30754,30755,60,60,20,1
458,MVN-J-Slicing-73-001,5,30715,30774,30775,60,60,20,1
458,MVN-J-Slicing-73-001,5,30735,30794,30795,60,60,20,1
458,MVN-J-Slicing-73-001,5,30755,30814,30815,60,60,20,1
458,MVN-J-Slicing-73-001,5,30775,30834,30835,60,60,20,1
458,MVN-J-Slicing-73-001,5,30795,30854,30855,60,60,20,1
458,MVN-J-Slicing-73-001,5,30815,30874,30875,60,60,20,1
458,MVN-J-Slicing-73-001,5,30835,30894,30895,60,60,20,1
458,MVN-J-Slicing-73-001,5,30855,30914,30915,60,60,20,1
458,MVN-J-Slicing-73-001,5,30875,30934,30935,60,60,20,1
458,MVN-J-Slicing-73-001,5,30895,30954,30955,60,60,20,1
458,MVN-J-Slicing-73-001,5,30915,30974,30975,60,60,20,1
458,MVN-J-Slicing-73-001,5,30935,30994,30995,60,60,20,1
458,MVN-J-Slicing-73-001,5,30955,31014,31015,60,60,20,1
458,MVN-J-Slicing-73-001,5,30975,31034,31035,60,60,20,1
458,MVN-J-Slicing-73-001,5,30995,31054,31055,60,60,20,1
458,MVN-J-Slicing-73-001,5,31015,31074,31075,60,60,20,1
458,MVN-J-Slicing-73-001,5,31035,31094,31095,60,60,20,1
458,MVN-J-Slicing-73-001,5,31055,31114,31115,60,60,20,1
458,MVN-J-Slicing-73-001,5,31075,31134,31135,60,60,20,1
458,MVN-J-Slicing-73-001,5,31095,31154,31155,60,60,20,1
458,MVN-J-Slicing-73-001,5,31115,31174,31175,60,60,20,1
458,MVN-J-Slicing-73-001,5,31135,31194,31195,60,60,20,1
458,MVN-J-Slicing-73-001,5,31155,31214,31215,60,60,20,1
458,MVN-J-Slicing-73-001,5,31215,31228,31229,14,60,20,1
459,MVN-J-Slicing-73-001,4,31229,31406,31407,60,60,30,3
459,MVN-J-Slicing-73-001,4,31409,31445,31446,13,60,30,3
460,MVN-J-Slicing-73-001,8,31448,31566,31567,60,60,20,2
460,MVN-J-Slicing-73-001,8,31488,31606,31607,60,60,20,2
460,MVN-J-Slicing-73-001,8,31528,31646,31647,60,60,20,2
460,MVN-J-Slicing-73-001,8,31568,31686,31687,60,60,20,2
460,MVN-J-Slicing-73-001,8,31608,31726,31727,60,60,20,2
460,MVN-J-Slicing-73-001,8,31648,31766,31767,60,60,20,2
460,MVN-J-Slicing-73-001,8,31688,31806,31807,60,60,20,2
460,MVN-J-Slicing-73-001,8,31808,31842,31843,18,60,20,2
461,MVN-J-Slicing-73-001,4,31843,32020,32021,60,60,30,3
461,MVN-J-Slicing-73-001,4,31933,32110,32111,60,60,30,3
461,MVN-J-Slicing-73-001,4,32023,32200,32201,60,60,30,3
461,MVN-J-Slicing-73-001,4,32113,32290,32291,60,60,30,3
461,MVN-J-Slicing-73-001,4,32203,32380,32381,60,60,30,3
461,MVN-J-Slicing-73-001,4,32293,32470,32471,60,60,30,3
461,MVN-J-Slicing-73-001,4,32383,32560,32561,60,60,30,3
461,MVN-J-Slicing-73-001,4,32473,32650,32651,60,60,30,3
461,MVN-J-Slicing-73-001,4,32563,32740,32741,60,60,30,3
461,MVN-J-Slicing-73-001,4,32653,32830,32831,60,60,30,3
461,MVN-J-Slicing-73-001,4,32743,32920,32921,60,60,30,3
461,MVN-J-Slicing-73-001,4,32833,33010,33011,60,60,30,3
461,MVN-J-Slicing-73-001,4,33013,33016,33017,2,60,30,3
462,MVN-J-Slicing-73-001,5,33019,33078,33079,60,60,20,1
462,MVN-J-Slicing-73-001,5,33039,33098,33099,60,60,20,1
462,MVN-J-Slicing-73-001,5,33059,33118,33119,60,60,20,1
462,MVN-J-Slicing-73-001,5,33079,33138,33139,60,60,20,1
462,MVN-J-Slicing-73-001,5,33099,33158,33159,60,60,20,1
462,MVN-J-Slicing-73-001,5,33119,33178,33179,60,60,20,1
462,MVN-J-Slicing-73-001,5,33139,33198,33199,60,60,20,1
462,MVN-J-Slicing-73-001,5,33159,33218,33219,60,60,20,1
462,MVN-J-Slicing-73-001,5,33179,33238,33239,60,60,20,1
462,MVN-J-Slicing-73-001,5,33199,33258,33259,60,60,20,1
462,MVN-J-Slicing-73-001,5,33219,33278,33279,60,60,20,1
462,MVN-J-Slicing-73-001,5,33239,33298,33299,60,60,20,1
462,MVN-J-Slicing-73-001,5,33299,33305,33306,7,60,20,1
463,MVN-J-Slicing-73-001,8,33306,33390,33391,43,60,20,2
464,MVN-J-Slicing-73-001,3,33392,33510,33511,60,60,30,2
464,MVN-J-Slicing-73-001,3,33512,33538,33539,14,60,30,2
465,MVN-J-Slicing-73-001,4,33540,33717,33718,60,60,30,3
465,MVN-J-Slicing-73-001,4,33630,33807,33808,60,60,30,3
465,MVN-J-Slicing-73-001,4,33720,33897,33898,60,60,30,3
465,MVN-J-Slicing-73-001,4,33810,33987,33988,60,60,30,3
465,MVN-J-Slicing-73-001,4,33900,34077,34078,60,60,30,3
465,MVN-J-Slicing-73-001,4,33990,34167,34168,60,60,30,3
465,MVN-J-Slicing-73-001,4,34080,34257,34258,60,60,30,3
465,MVN-J-Slicing-73-001,4,34170,34347,34348,60,60,30,3
465,MVN-J-Slicing-73-001,4,34260,34437,34438,60,60,30,3
465,MVN-J-Slicing-73-001,4,34350,34527,34528,60,60,30,3
465,MVN-J-Slicing-73-001,4,34440,34617,34618,60,60,30,3
465,MVN-J-Slicing-73-001,4,34530,34707,34708,60,60,30,3
465,MVN-J-Slicing-73-001,4,34620,34797,34798,60,60,30,3
465,MVN-J-Slicing-73-001,4,34710,34887,34888,60,60,30,3
465,MVN-J-Slicing-73-001,4,34800,34977,34978,60,60,30,3
465,MVN-J-Slicing-73-001,4,34980,35001,35002,8,60,30,3
466,MVN-J-Slicing-73-001,8,35002,35120,35121,60,60,20,2
466,MVN-J-Slicing-73-001,8,35042,35160,35161,60,60,20,2
466,MVN-J-Slicing-73-001,8,35082,35200,35201,60,60,20,2
466,MVN-J-Slicing-73-001,8,35122,35240,35241,60,60,20,2
466,MVN-J-Slicing-73-001,8,35242,35278,35279,19,60,20,2
467,MVN-J-Slicing-73-001,4,35280,35457,35458,60,60,30,3
467,MVN-J-Slicing-73-001,4,35460,35469,35470,4,60,30,3
468,MVN-J-Slicing-73-001,8,35470,35588,35589,60,60,20,2
468,MVN-J-Slicing-73-001,8,35590,35614,35615,13,60,20,2
469,MVN-J-Slicing-73-001,4,35616,35793,35794,60,60,30,3
469,MVN-J-Slicing-73-001,4,35706,35883,35884,60,60,30,3
469,MVN-J-Slicing-73-001,4,35886,35892,35893,3,60,30,3
470,MVN-J-Slicing-73-001,8,35895,36013,36014,60,60,20,2
470,MVN-J-Slicing-73-001,8,35935,36053,36054,60,60,20,2
470,MVN-J-Slicing-73-001,8,36055,36063,36064,5,60,20,2
471,MVN-J-Slicing-73-001,3,36064,36182,36183,60,60,30,2
471,MVN-J-Slicing-73-001,3,36184,36202,36203,10,60,30,2
472,MVN-J-Slicing-73-001,4,36204,36381,36382,60,60,30,3
472,MVN-J-Slicing-73-001,4,36294,36471,36472,60,60,30,3
472,MVN-J-Slicing-73-001,4,36384,36561,36562,60,60,30,3
472,MVN-J-Slicing-73-001,4,36564,36648,36649,29,60,30,3
473,MVN-J-Slicing-73-001,8,36649,36739,36740,46,60,20,2
474,MVN-J-Slicing-73-001,4,36740,36917,36918,60,60,30,3
474,MVN-J-Slicing-73-001,4,36830,37007,37008,60,60,30,3
474,MVN-J-Slicing-73-001,4,36920,37097,37098,60,60,30,3
474,MVN-J-Slicing-73-001,4,37010,37187,37188,60,60,30,3
474,MVN-J-Slicing-73-001,4,37100,37277,37278,60,60,30,3
474,MVN-J-Slicing-73-001,4,37190,37367,37368,60,60,30,3
474,MVN-J-Slicing-73-001,4,37280,37457,37458,60,60,30,3
474,MVN-J-Slicing-73-001,4,37460,37469,37470,4,60,30,3
475,MVN-J-Slicing-73-001,8,37470,37588,37589,60,60,20,2
475,MVN-J-Slicing-73-001,8,37590,37622,37623,17,60,20,2
476,MVN-J-Slicing-73-001,3,37623,37741,37742,60,60,30,2
476,MVN-J-Slicing-73-001,3,37743,37775,37776,17,60,30,2
477,MVN-J-Slicing-73-001,8,37777,37895,37896,60,60,20,2
477,MVN-J-Slicing-73-001,8,37817,37935,37936,60,60,20,2
477,MVN-J-Slicing-73-001,8,37857,37975,37976,60,60,20,2
477,MVN-J-Slicing-73-001,8,37977,38013,38014,19,60,20,2
478,MVN-J-Slicing-73-001,4,38014,38191,38192,60,60,30,3
478,MVN-J-Slicing-73-001,4,38104,38281,38282,60,60,30,3
478,MVN-J-Slicing-73-001,4,38194,38371,38372,60,60,30,3
478,MVN-J-Slicing-73-001,4,38374,38419,38420,16,60,30,3
479,MVN-J-Slicing-73-001,8,38422,38540,38541,60,60,20,2
479,MVN-J-Slicing-73-001,8,38462,38580,38581,60,60,20,2
479,MVN-J-Slicing-73-001,8,38502,38620,38621,60,60,20,2
479,MVN-J-Slicing-73-001,8,38542,38660,38661,60,60,20,2
479,MVN-J-Slicing-73-001,8,38582,38700,38701,60,60,20,2
479,MVN-J-Slicing-73-001,8,38622,38740,38741,60,60,20,2
479,MVN-J-Slicing-73-001,8,38662,38780,38781,60,60,20,2
479,MVN-J-Slicing-73-001,8,38702,38820,38821,60,60,20,2
479,MVN-J-Slicing-73-001,8,38742,38860,38861,60,60,20,2
479,MVN-J-Slicing-73-001,8,38782,38900,38901,60,60,20,2
479,MVN-J-Slicing-73-001,8,38822,38940,38941,60,60,20,2
479,MVN-J-Slicing-73-001,8,38862,38980,38981,60,60,20,2
479,MVN-J-Slicing-73-001,8,38902,39020,39021,60,60,20,2
479,MVN-J-Slicing-73-001,8,39022,39024,39025,2,60,20,2
480,MVN-J-Slicing-73-001,4,39025,39202,39203,60,60,30,3
480,MVN-J-Slicing-73-001,4,39115,39292,39293,60,60,30,3
480,MVN-J-Slicing-73-001,4,39205,39382,39383,60,60,30,3
480,MVN-J-Slicing-73-001,4,39295,39472,39473,60,60,30,3
480,MVN-J-Slicing-73-001,4,39385,39562,39563,60,60,30,3
480,MVN-J-Slicing-73-001,4,39475,39652,39653,60,60,30,3
480,MVN-J-Slicing-73-001,4,39565,39742,39743,60,60,30,3
480,MVN-J-Slicing-73-001,4,39655,39832,39833,60,60,30,3
480,MVN-J-Slicing-73-001,4,39745,39922,39923,60,60,30,3
480,MVN-J-Slicing-73-001,4,39835,40012,40013,60,60,30,3
480,MVN-J-Slicing-73-001,4,39925,40102,40103,60,60,30,3
480,MVN-J-Slicing-73-001,4,40015,40192,40193,60,60,30,3
480,MVN-J-Slicing-73-001,4,40105,40282,40283,60,60,30,3
480,MVN-J-Slicing-73-001,4,40195,40372,40373,60,60,30,3
480,MVN-J-Slicing-73-001,4,40285,40462,40463,60,60,30,3
480,MVN-J-Slicing-73-001,4,40375,40552,40553,60,60,30,3
480,MVN-J-Slicing-73-001,4,40555,40636,40637,28,60,30,3
481,MVN-J-Slicing-73-001,5,40638,40697,40698,60,60,20,1
481,MVN-J-Slicing-73-001,5,40658,40717,40718,60,60,20,1
481,MVN-J-Slicing-73-001,5,40678,40737,40738,60,60,20,1
481,MVN-J-Slicing-73-001,5,40698,40757,40758,60,60,20,1
481,MVN-J-Slicing-73-001,5,40718,40777,40778,60,60,20,1
481,MVN-J-Slicing-73-001,5,40738,40797,40798,60,60,20,1
481,MVN-J-Slicing-73-001,5,40758,40817,40818,60,60,20,1
481,MVN-J-Slicing-73-001,5,40778,40837,40838,60,60,20,1
481,MVN-J-Slicing-73-001,5,40798,40857,40858,60,60,20,1
481,MVN-J-Slicing-73-001,5,40818,40877,40878,60,60,20,1
481,MVN-J-Slicing-73-001,5,40838,40897,40898,60,60,20,1
481,MVN-J-Slicing-73-001,5,40858,40917,40918,60,60,20,1
481,MVN-J-Slicing-73-001,5,40878,40937,40938,60,60,20,1
481,MVN-J-Slicing-73-001,5,40898,40957,40958,60,60,20,1
481,MVN-J-Slicing-73-001,5,40918,40977,40978,60,60,20,1
481,MVN-J-Slicing-73-001,5,40938,40997,40998,60,60,20,1
481,MVN-J-Slicing-73-001,5,40958,41017,41018,60,60,20,1
481,MVN-J-Slicing-73-001,5,40978,41037,41038,60,60,20,1
481,MVN-J-Slicing-73-001,5,40998,41057,41058,60,60,20,1
481,MVN-J-Slicing-73-001,5,41018,41077,41078,60,60,20,1
481,MVN-J-Slicing-73-001,5,41038,41097,41098,60,60,20,1
481,MVN-J-Slicing-73-001,5,41058,41117,41118,60,60,20,1
481,MVN-J-Slicing-73-001,5,41078,41137,41138,60,60,20,1
481,MVN-J-Slicing-73-001,5,41098,41157,41158,60,60,20,1
481,MVN-J-Slicing-73-001,5,41118,41177,41178,60,60,20,1
481,MVN-J-Slicing-73-001,5,41138,41197,41198,60,60,20,1
481,MVN-J-Slicing-73-001,5,41158,41217,41218,60,60,20,1
481,MVN-J-Slicing-73-001,5,41178,41237,41238,60,60,20,1
481,MVN-J-Slicing-73-001,5,41198,41257,41258,60,60,20,1
481,MVN-J-Slicing-73-001,5,41218,41277,41278,60,60,20,1
481,MVN-J-Slicing-73-001,5,41238,41297,41298,60,60,20,1
481,MVN-J-Slicing-73-001,5,41258,41317,41318,60,60,20,1
481,MVN-J-Slicing-73-001,5,41278,41337,41338,60,60,20,1
481,MVN-J-Slicing-73-001,5,41298,41357,41358,60,60,20,1
481,MVN-J-Slicing-73-001,5,41318,41377,41378,60,60,20,1
481,MVN-J-Slicing-73-001,5,41338,41397,41398,60,60,20,1
481,MVN-J-Slicing-73-001,5,41358,41417,41418,60,60,20,1
481,MVN-J-Slicing-73-001,5,41378,41437,41438,60,60,20,1
481,MVN-J-Slicing-73-001,5,41398,41457,41458,60,60,20,1
481,MVN-J-Slicing-73-001,5,41418,41477,41478,60,60,20,1
481,MVN-J-Slicing-73-001,5,41438,41497,41498,60,60,20,1
481,MVN-J-Slicing-73-001,5,41458,41517,41518,60,60,20,1
481,MVN-J-Slicing-73-001,5,41478,41537,41538,60,60,20,1
481,MVN-J-Slicing-73-001,5,41498,41557,41558,60,60,20,1
481,MVN-J-Slicing-73-001,5,41518,41577,41578,60,60,20,1
481,MVN-J-Slicing-73-001,5,41538,41597,41598,60,60,20,1
481,MVN-J-Slicing-73-001,5,41558,41617,41618,60,60,20,1
481,MVN-J-Slicing-73-001,5,41578,41637,41638,60,60,20,1
481,MVN-J-Slicing-73-001,5,41598,41657,41658,60,60,20,1
481,MVN-J-Slicing-73-001,5,41618,41677,41678,60,60,20,1
481,MVN-J-Slicing-73-001,5,41638,41697,41698,60,60,20,1
481,MVN-J-Slicing-73-001,5,41658,41717,41718,60,60,20,1
481,MVN-J-Slicing-73-001,5,41678,41737,41738,60,60,20,1
481,MVN-J-Slicing-73-001,5,41698,41757,41758,60,60,20,1
481,MVN-J-Slicing-73-001,5,41758,41771,41772,14,60,20,1
482,MVN-J-Slicing-73-001,4,41772,41949,41950,60,60,30,3
482,MVN-J-Slicing-73-001,4,41862,42039,42040,60,60,30,3
482,MVN-J-Slicing-73-001,4,41952,42129,42130,60,60,30,3
482,MVN-J-Slicing-73-001,4,42042,42219,42220,60,60,30,3
482,MVN-J-Slicing-73-001,4,42132,42309,42310,60,60,30,3
482,MVN-J-Slicing-73-001,4,42222,42399,42400,60,60,30,3
482,MVN-J-Slicing-73-001,4,42312,42489,42490,60,60,30,3
482,MVN-J-Slicing-73-001,4,42402,42579,42580,60,60,30,3
482,MVN-J-Slicing-73-001,4,42492,42669,42670,60,60,30,3
482,MVN-J-Slicing-73-001,4,42582,42759,42760,60,60,30,3
482,MVN-J-Slicing-73-001,4,42762,42780,42781,7,60,30,3
483,MVN-J-Slicing-73-001,8,42782,42900,42901,60,60,20,2
483,MVN-J-Slicing-73-001,8,42822,42940,42941,60,60,20,2
483,MVN-J-Slicing-73-001,8,42862,42980,42981,60,60,20,2
484,MVN-J-Slicing-73-001,4,42982,43159,43160,60,60,30,3
484,MVN-J-Slicing-73-001,4,43072,43249,43250,60,60,30,3
484,MVN-J-Slicing-73-001,4,43162,43339,43340,60,60,30,3
484,MVN-J-Slicing-73-001,4,43252,43429,43430,60,60,30,3
484,MVN-J-Slicing-73-001,4,43342,43519,43520,60,60,30,3
484,MVN-J-Slicing-73-001,4,43432,43609,43610,60,60,30,3
484,MVN-J-Slicing-73-001,4,43522,43699,43700,60,60,30,3
484,MVN-J-Slicing-73-001,4,43612,43789,43790,60,60,30,3
484,MVN-J-Slicing-73-001,4,43702,43879,43880,60,60,30,3
484,MVN-J-Slicing-73-001,4,43792,43969,43970,60,60,30,3
484,MVN-J-Slicing-73-001,4,43882,44059,44060,60,60,30,3
484,MVN-J-Slicing-73-001,4,44062,44092,44093,11,60,30,3
485,MVN-J-Slicing-73-001,8,44093,44211,44212,60,60,20,2
485,MVN-J-Slicing-73-001,8,44133,44251,44252,60,60,20,2
485,MVN-J-Slicing-73-001,8,44253,44263,44264,6,60,20,2
486,MVN-J-Slicing-73-001,4,44264,44405,44406,48,60,30,3
487,MVN-J-Slicing-73-001,8,44408,44468,44469,31,60,20,2
488,MVN-J-Slicing-73-001,3,44470,44588,44589,60,60,30,2
488,MVN-J-Slicing-73-001,3,44530,44648,44649,60,60,30,2
488,MVN-J-Slicing-73-001,3,44590,44708,44709,60,60,30,2
488,MVN-J-Slicing-73-001,3,44650,44768,44769,60,60,30,2
488,MVN-J-Slicing-73-001,3,44710,44828,44829,60,60,30,2
488,MVN-J-Slicing-73-001,3,44770,44888,44889,60,60,30,2
488,MVN-J-Slicing-73-001,3,44830,44948,44949,60,60,30,2
488,MVN-J-Slicing-73-001,3,44890,45008,45009,60,60,30,2
488,MVN-J-Slicing-73-001,3,45010,45058,45059,25,60,30,2
489,MVN-J-Slicing-73-001,4,45060,45237,45238,60,60,30,3
489,MVN-J-Slicing-73-001,4,45150,45327,45328,60,60,30,3
489,MVN-J-Slicing-73-001,4,45240,45417,45418,60,60,30,3
489,MVN-J-Slicing-73-001,4,45330,45507,45508,60,60,30,3
489,MVN-J-Slicing-73-001,4,45420,45597,45598,60,60,30,3
489,MVN-J-Slicing-73-001,4,45510,45687,45688,60,60,30,3
489,MVN-J-Slicing-73-001,4,45600,45777,45778,60,60,30,3
489,MVN-J-Slicing-73-001,4,45690,45867,45868,60,60,30,3
489,MVN-J-Slicing-73-001,4,45780,45957,45958,60,60,30,3
489,MVN-J-Slicing-73-001,4,45870,46047,46048,60,60,30,3
489,MVN-J-Slicing-73-001,4,46050,46128,46129,27,60,30,3
490,MVN-J-Slicing-73-001,5,46129,46188,46189,60,60,20,1
490,MVN-J-Slicing-73-001,5,46149,46208,46209,60,60,20,1
490,MVN-J-Slicing-73-001,5,46169,46228,46229,60,60,20,1
490,MVN-J-Slicing-73-001,5,46189,46248,46249,60,60,20,1
490,MVN-J-Slicing-73-001,5,46209,46268,46269,60,60,20,1
490,MVN-J-Slicing-73-001,5,46229,46288,46289,60,60,20,1
490,MVN-J-Slicing-73-001,5,46249,46308,46309,60,60,20,1
490,MVN-J-Slicing-73-001,5,46269,46328,46329,60,60,20,1
490,MVN-J-Slicing-73-001,5,46289,46348,46349,60,60,20,1
490,MVN-J-Slicing-73-001,5,46309,46368,46369,60,60,20,1
490,MVN-J-Slicing-73-001,5,46329,46388,46389,60,60,20,1
490,MVN-J-Slicing-73-001,5,46349,46408,46409,60,60,20,1
490,MVN-J-Slicing-73-001,5,46369,46428,46429,60,60,20,1
490,MVN-J-Slicing-73-001,5,46389,46448,46449,60,60,20,1
490,MVN-J-Slicing-73-001,5,46409,46468,46469,60,60,20,1
490,MVN-J-Slicing-73-001,5,46429,46488,46489,60,60,20,1
490,MVN-J-Slicing-73-001,5,46449,46508,46509,60,60,20,1
490,MVN-J-Slicing-73-001,5,46469,46528,46529,60,60,20,1
490,MVN-J-Slicing-73-001,5,46489,46548,46549,60,60,20,1
490,MVN-J-Slicing-73-001,5,46509,46568,46569,60,60,20,1
490,MVN-J-Slicing-73-001,5,46529,46588,46589,60,60,20,1
490,MVN-J-Slicing-73-001,5,46549,46608,46609,60,60,20,1
490,MVN-J-Slicing-73-001,5,46569,46628,46629,60,60,20,1
490,MVN-J-Slicing-73-001,5,46589,46648,46649,60,60,20,1
490,MVN-J-Slicing-73-001,5,46609,46668,46669,60,60,20,1
490,MVN-J-Slicing-73-001,5,46629,46688,46689,60,60,20,1
490,MVN-J-Slicing-73-001,5,46649,46708,46709,60,60,20,1
490,MVN-J-Slicing-73-001,5,46669,46728,46729,60,60,20,1
490,MVN-J-Slicing-73-001,5,46689,46748,46749,60,60,20,1
490,MVN-J-Slicing-73-001,5,46709,46768,46769,60,60,20,1
490,MVN-J-Slicing-73-001,5,46729,46788,46789,60,60,20,1
490,MVN-J-Slicing-73-001,5,46749,46808,46809,60,60,20,1
490,MVN-J-Slicing-73-001,5,46769,46828,46829,60,60,20,1
490,MVN-J-Slicing-73-001,5,46789,46848,46849,60,60,20,1
490,MVN-J-Slicing-73-001,5,46809,46868,46869,60,60,20,1
490,MVN-J-Slicing-73-001,5,46869,46878,46879,10,60,20,1
491,MVN-J-Slicing-73-001,8,46879,46941,46942,32,60,20,2
492,MVN-J-Slicing-73-001,4,46942,47119,47120,60,60,30,3
492,MVN-J-Slicing-73-001,4,47032,47209,47210,60,60,30,3
492,MVN-J-Slicing-73-001,4,47122,47299,47300,60,60,30,3
492,MVN-J-Slicing-73-001,4,47212,47389,47390,60,60,30,3
492,MVN-J-Slicing-73-001,4,47302,47479,47480,60,60,30,3
492,MVN-J-Slicing-73-001,4,47392,47569,47570,60,60,30,3
492,MVN-J-Slicing-73-001,4,47482,47659,47660,60,60,30,3
492,MVN-J-Slicing-73-001,4,47572,47749,47750,60,60,30,3
492,MVN-J-Slicing-73-001,4,47662,47839,47840,60,60,30,3
492,MVN-J-Slicing-73-001,4,47752,47929,47930,60,60,30,3
492,MVN-J-Slicing-73-001,4,47932,47974,47975,15,60,30,3
493,MVN-J-Slicing-73-001,8,47976,48094,48095,60,60,20,2
493,MVN-J-Slicing-73-001,8,48096,48096,48097,1,60,20,2
494,MVN-J-Slicing-73-001,4,48097,48226,48227,44,60,30,3
495,MVN-J-Slicing-73-001,8,48227,48335,48336,55,60,20,2
496,MVN-J-Slicing-73-001,0,48337,48455,48456,60,60,30,2
496,MVN-J-Slicing-73-001,0,48397,48515,48516,60,60,30,2
496,MVN-J-Slicing-73-001,0,48457,48575,48576,60,60,30,2
496,MVN-J-Slicing-73-001,0,48517,48635,48636,60,60,30,2
496,MVN-J-Slicing-73-001,0,48577,48695,48696,60,60,30,2
496,MVN-J-Slicing-73-001,0,48637,48755,48756,60,60,30,2
496,MVN-J-Slicing-73-001,0,48697,48815,48816,60,60,30,2
496,MVN-J-Slicing-73-001,0,48817,48827,48828,6,60,30,2
497,MVN-J-Slicing-73-001,2,48829,48947,48948,60,60,30,2
497,MVN-J-Slicing-73-001,2,48889,49007,49008,60,60,30,2
497,MVN-J-Slicing-73-001,2,48949,49067,49068,60,60,30,2
497,MVN-J-Slicing-73-001,2,49069,49075,49076,4,60,30,2
498,MVN-J-Slicing-73-001,0,49077,49195,49196,60,60,30,2
498,MVN-J-Slicing-73-001,0,49137,49255,49256,60,60,30,2
498,MVN-J-Slicing-73-001,0,49197,49315,49316,60,60,30,2
498,MVN-J-Slicing-73-001,0,49257,49375,49376,60,60,30,2
498,MVN-J-Slicing-73-001,0,49317,49435,49436,60,60,30,2
498,MVN-J-Slicing-73-001,0,49437,49455,49456,10,60,30,2
499,MVN-J-Slicing-73-001,4,49456,49633,49634,60,60,30,3
499,MVN-J-Slicing-73-001,4,49546,49723,49724,60,60,30,3
499,MVN-J-Slicing-73-001,4,49636,49813,49814,60,60,30,3
499,MVN-J-Slicing-73-001,4,49726,49903,49904,60,60,30,3
499,MVN-J-Slicing-73-001,4,49816,49993,49994,60,60,30,3
499,MVN-J-Slicing-73-001,4,49996,50011,50012,6,60,30,3
500,MVN-J-Slicing-73-001,8,50014,50094,50095,41,60,20,2
501,MVN-J-Slicing-73-001,4,50096,50273,50274,60,60,30,3
501,MVN-J-Slicing-73-001,4,50186,50363,50364,60,60,30,3
501,MVN-J-Slicing-73-001,4,50276,50453,50454,60,60,30,3
501,MVN-J-Slicing-73-001,4,50366,50543,50544,60,60,30,3
501,MVN-J-Slicing-73-001,4,50456,50633,50634,60,60,30,3
501,MVN-J-Slicing-73-001,4,50546,50723,50724,60,60,30,3
501,MVN-J-Slicing-73-001,4,50636,50813,50814,60,60,30,3
501,MVN-J-Slicing-73-001,4,50726,50903,50904,60,60,30,3
501,MVN-J-Slicing-73-001,4,50816,50993,50994,60,60,30,3
501,MVN-J-Slicing-73-001,4,50906,51083,51084,60,60,30,3
501,MVN-J-Slicing-73-001,4,50996,51173,51174,60,60,30,3
501,MVN-J-Slicing-73-001,4,51086,51263,51264,60,60,30,3
501,MVN-J-Slicing-73-001,4,51176,51353,51354,60,60,30,3
501,MVN-J-Slicing-73-001,4,51356,51377,51378,8,60,30,3
502,MVN-J-Slicing-73-001,5,51380,51439,51440,60,60,20,1
502,MVN-J-Slicing-73-001,5,51400,51459,51460,60,60,20,1
502,MVN-J-Slicing-73-001,5,51420,51479,51480,60,60,20,1
502,MVN-J-Slicing-73-001,5,51440,51499,51500,60,60,20,1
502,MVN-J-Slicing-73-001,5,51460,51519,51520,60,60,20,1
502,MVN-J-Slicing-73-001,5,51480,51539,51540,60,60,20,1
502,MVN-J-Slicing-73-001,5,51500,51559,51560,60,60,20,1
502,MVN-J-Slicing-73-001,5,51520,51579,51580,60,60,20,1
502,MVN-J-Slicing-73-001,5,51540,51599,51600,60,60,20,1
502,MVN-J-Slicing-73-001,5,51560,51619,51620,60,60,20,1
502,MVN-J-Slicing-73-001,5,51580,51639,51640,60,60,20,1
502,MVN-J-Slicing-73-001,5,51600,51659,51660,60,60,20,1
502,MVN-J-Slicing-73-001,5,51620,51679,51680,60,60,20,1
502,MVN-J-Slicing-73-001,5,51640,51699,51700,60,60,20,1
502,MVN-J-Slicing-73-001,5,51660,51719,51720,60,60,20,1
502,MVN-J-Slicing-73-001,5,51680,51739,51740,60,60,20,1
502,MVN-J-Slicing-73-001,5,51700,51759,51760,60,60,20,1
502,MVN-J-Slicing-73-001,5,51720,51779,51780,60,60,20,1
502,MVN-J-Slicing-73-001,5,51740,51799,51800,60,60,20,1
502,MVN-J-Slicing-73-001,5,51760,51819,51820,60,60,20,1
502,MVN-J-Slicing-73-001,5,51780,51839,51840,60,60,20,1
502,MVN-J-Slicing-73-001,5,51800,51859,51860,60,60,20,1
502,MVN-J-Slicing-73-001,5,51820,51879,51880,60,60,20,1
502,MVN-J-Slicing-73-001,5,51840,51899,51900,60,60,20,1
502,MVN-J-Slicing-73-001,5,51860,51919,51920,60,60,20,1
502,MVN-J-Slicing-73-001,5,51880,51939,51940,60,60,20,1
502,MVN-J-Slicing-73-001,5,51940,51947,51948,8,60,20,1
503,MVN-J-Slicing-73-001,8,51948,52056,52057,55,60,20,2
504,MVN-J-Slicing-73-001,5,52057,52116,52117,60,60,20,1
504,MVN-J-Slicing-73-001,5,52077,52136,52137,60,60,20,1
504,MVN-J-Slicing-73-001,5,52097,52156,52157,60,60,20,1
504,MVN-J-Slicing-73-001,5,52117,52176,52177,60,60,20,1
504,MVN-J-Slicing-73-001,5,52137,52196,52197,60,60,20,1
504,MVN-J-Slicing-73-001,5,52157,52216,52217,60,60,20,1
504,MVN-J-Slicing-73-001,5,52177,52236,52237,60,60,20,1
504,MVN-J-Slicing-73-001,5,52237,52248,52249,12,60,20,1
505,MVN-J-Slicing-73-001,8,52249,52335,52336,44,60,20,2
506,MVN-J-Slicing-73-001,1,52337,52395,52396,30,60,30,2
507,MVN-J-Slicing-73-001,0,52397,52515,52516,60,60,30,2
507,MVN-J-Slicing-73-001,0,52457,52575,52576,60,60,30,2
507,MVN-J-Slicing-73-001,0,52517,52635,52636,60,60,30,2
507,MVN-J-Slicing-73-001,0,52577,52695,52696,60,60,30,2
507,MVN-J-Slicing-73-001,0,52637,52755,52756,60,60,30,2
507,MVN-J-Slicing-73-001,0,52697,52815,52816,60,60,30,2
507,MVN-J-Slicing-73-001,0,52757,52875,52876,60,60,30,2
507,MVN-J-Slicing-73-001,0,52877,52917,52918,21,60,30,2
508,MVN-J-Slicing-87-001,3,0,118,119,60,60,30,2
508,MVN-J-Slicing-87-001,3,60,178,179,60,60,30,2
508,MVN-J-Slicing-87-001,3,180,194,195,8,60,30,2
509,MVN-J-Slicing-87-001,5,196,255,256,60,60,20,1
509,MVN-J-Slicing-87-001,5,216,275,276,60,60,20,1
509,MVN-J-Slicing-87-001,5,236,295,296,60,60,20,1
509,MVN-J-Slicing-87-001,5,256,315,316,60,60,20,1
509,MVN-J-Slicing-87-001,5,276,335,336,60,60,20,1
509,MVN-J-Slicing-87-001,5,296,355,356,60,60,20,1
509,MVN-J-Slicing-87-001,5,316,375,376,60,60,20,1
509,MVN-J-Slicing-87-001,5,336,395,396,60,60,20,1
509,MVN-J-Slicing-87-001,5,356,415,416,60,60,20,1
509,MVN-J-Slicing-87-001,5,376,435,436,60,60,20,1
509,MVN-J-Slicing-87-001,5,396,455,456,60,60,20,1
509,MVN-J-Slicing-87-001,5,416,475,476,60,60,20,1
509,MVN-J-Slicing-87-001,5,436,495,496,60,60,20,1
509,MVN-J-Slicing-87-001,5,456,515,516,60,60,20,1
509,MVN-J-Slicing-87-001,5,476,535,536,60,60,20,1
509,MVN-J-Slicing-87-001,5,496,555,556,60,60,20,1
509,MVN-J-Slicing-87-001,5,516,575,576,60,60,20,1
509,MVN-J-Slicing-87-001,5,536,595,596,60,60,20,1
509,MVN-J-Slicing-87-001,5,556,615,616,60,60,20,1
509,MVN-J-Slicing-87-001,5,576,635,636,60,60,20,1
509,MVN-J-Slicing-87-001,5,596,655,656,60,60,20,1
509,MVN-J-Slicing-87-001,5,616,675,676,60,60,20,1
509,MVN-J-Slicing-87-001,5,636,695,696,60,60,20,1
509,MVN-J-Slicing-87-001,5,656,715,716,60,60,20,1
509,MVN-J-Slicing-87-001,5,676,735,736,60,60,20,1
509,MVN-J-Slicing-87-001,5,696,755,756,60,60,20,1
509,MVN-J-Slicing-87-001,5,716,775,776,60,60,20,1
509,MVN-J-Slicing-87-001,5,736,795,796,60,60,20,1
509,MVN-J-Slicing-87-001,5,756,815,816,60,60,20,1
509,MVN-J-Slicing-87-001,5,776,835,836,60,60,20,1
509,MVN-J-Slicing-87-001,5,796,855,856,60,60,20,1
509,MVN-J-Slicing-87-001,5,816,875,876,60,60,20,1
509,MVN-J-Slicing-87-001,5,836,895,896,60,60,20,1
509,MVN-J-Slicing-87-001,5,856,915,916,60,60,20,1
509,MVN-J-Slicing-87-001,5,916,917,918,2,60,20,1
510,MVN-J-Slicing-87-001,4,918,1095,1096,60,60,30,3
510,MVN-J-Slicing-87-001,4,1008,1185,1186,60,60,30,3
510,MVN-J-Slicing-87-001,4,1098,1275,1276,60,60,30,3
510,MVN-J-Slicing-87-001,4,1278,1326,1327,17,60,30,3
511,MVN-J-Slicing-87-001,5,1327,1386,1387,60,60,20,1
511,MVN-J-Slicing-87-001,5,1347,1406,1407,60,60,20,1
511,MVN-J-Slicing-87-001,5,1367,1426,1427,60,60,20,1
511,MVN-J-Slicing-87-001,5,1387,1446,1447,60,60,20,1
511,MVN-J-Slicing-87-001,5,1407,1466,1467,60,60,20,1
511,MVN-J-Slicing-87-001,5,1427,1486,1487,60,60,20,1
511,MVN-J-Slicing-87-001,5,1447,1506,1507,60,60,20,1
511,MVN-J-Slicing-87-001,5,1467,1526,1527,60,60,20,1
511,MVN-J-Slicing-87-001,5,1487,1546,1547,60,60,20,1
511,MVN-J-Slicing-87-001,5,1507,1566,1567,60,60,20,1
511,MVN-J-Slicing-87-001,5,1527,1586,1587,60,60,20,1
511,MVN-J-Slicing-87-001,5,1547,1606,1607,60,60,20,1
511,MVN-J-Slicing-87-001,5,1567,1626,1627,60,60,20,1
511,MVN-J-Slicing-87-001,5,1587,1646,1647,60,60,20,1
511,MVN-J-Slicing-87-001,5,1607,1666,1667,60,60,20,1
511,MVN-J-Slicing-87-001,5,1627,1686,1687,60,60,20,1
511,MVN-J-Slicing-87-001,5,1647,1706,1707,60,60,20,1
511,MVN-J-Slicing-87-001,5,1667,1726,1727,60,60,20,1
511,MVN-J-Slicing-87-001,5,1687,1746,1747,60,60,20,1
511,MVN-J-Slicing-87-001,5,1707,1766,1767,60,60,20,1
511,MVN-J-Slicing-87-001,5,1727,1786,1787,60,60,20,1
511,MVN-J-Slicing-87-001,5,1747,1806,1807,60,60,20,1
511,MVN-J-Slicing-87-001,5,1767,1826,1827,60,60,20,1
511,MVN-J-Slicing-87-001,5,1787,1846,1847,60,60,20,1
511,MVN-J-Slicing-87-001,5,1807,1866,1867,60,60,20,1
511,MVN-J-Slicing-87-001,5,1827,1886,1887,60,60,20,1
511,MVN-J-Slicing-87-001,5,1847,1906,1907,60,60,20,1
511,MVN-J-Slicing-87-001,5,1867,1926,1927,60,60,20,1
511,MVN-J-Slicing-87-001,5,1887,1946,1947,60,60,20,1
511,MVN-J-Slicing-87-001,5,1907,1966,1967,60,60,20,1
511,MVN-J-Slicing-87-001,5,1927,1986,1987,60,60,20,1
511,MVN-J-Slicing-87-001,5,1947,2006,2007,60,60,20,1
511,MVN-J-Slicing-87-001,5,1967,2026,2027,60,60,20,1
511,MVN-J-Slicing-87-001,5,1987,2046,2047,60,60,20,1
511,MVN-J-Slicing-87-001,5,2007,2066,2067,60,60,20,1
511,MVN-J-Slicing-87-001,5,2027,2086,2087,60,60,20,1
511,MVN-J-Slicing-87-001,5,2047,2106,2107,60,60,20,1
511,MVN-J-Slicing-87-001,5,2067,2126,2127,60,60,20,1
511,MVN-J-Slicing-87-001,5,2087,2146,2147,60,60,20,1
511,MVN-J-Slicing-87-001,5,2107,2166,2167,60,60,20,1
511,MVN-J-Slicing-87-001,5,2127,2186,2187,60,60,20,1
511,MVN-J-Slicing-87-001,5,2147,2206,2207,60,60,20,1
511,MVN-J-Slicing-87-001,5,2167,2226,2227,60,60,20,1
511,MVN-J-Slicing-87-001,5,2187,2246,2247,60,60,20,1
511,MVN-J-Slicing-87-001,5,2207,2266,2267,60,60,20,1
511,MVN-J-Slicing-87-001,5,2227,2286,2287,60,60,20,1
511,MVN-J-Slicing-87-001,5,2247,2306,2307,60,60,20,1
511,MVN-J-Slicing-87-001,5,2267,2326,2327,60,60,20,1
511,MVN-J-Slicing-87-001,5,2287,2346,2347,60,60,20,1
511,MVN-J-Slicing-87-001,5,2307,2366,2367,60,60,20,1
511,MVN-J-Slicing-87-001,5,2327,2386,2387,60,60,20,1
511,MVN-J-Slicing-87-001,5,2347,2406,2407,60,60,20,1
511,MVN-J-Slicing-87-001,5,2367,2426,2427,60,60,20,1
511,MVN-J-Slicing-87-001,5,2387,2446,2447,60,60,20,1
511,MVN-J-Slicing-87-001,5,2407,2466,2467,60,60,20,1
511,MVN-J-Slicing-87-001,5,2427,2486,2487,60,60,20,1
511,MVN-J-Slicing-87-001,5,2447,2506,2507,60,60,20,1
511,MVN-J-Slicing-87-001,5,2467,2526,2527,60,60,20,1
511,MVN-J-Slicing-87-001,5,2487,2546,2547,60,60,20,1
511,MVN-J-Slicing-87-001,5,2507,2566,2567,60,60,20,1
511,MVN-J-Slicing-87-001,5,2527,2586,2587,60,60,20,1
511,MVN-J-Slicing-87-001,5,2547,2606,2607,60,60,20,1
511,MVN-J-Slicing-87-001,5,2567,2626,2627,60,60,20,1
511,MVN-J-Slicing-87-001,5,2587,2646,2647,60,60,20,1
511,MVN-J-Slicing-87-001,5,2607,2666,2667,60,60,20,1
511,MVN-J-Slicing-87-001,5,2627,2686,2687,60,60,20,1
511,MVN-J-Slicing-87-001,5,2687,2697,2698,11,60,20,1
512,MVN-J-Slicing-87-001,8,2698,2764,2765,34,60,20,2
513,MVN-J-Slicing-87-001,5,2766,2825,2826,60,60,20,1
513,MVN-J-Slicing-87-001,5,2786,2845,2846,60,60,20,1
513,MVN-J-Slicing-87-001,5,2846,2859,2860,14,60,20,1
514,MVN-J-Slicing-87-001,8,2860,2978,2979,60,60,20,2
514,MVN-J-Slicing-87-001,8,2900,3018,3019,60,60,20,2
514,MVN-J-Slicing-87-001,8,2940,3058,3059,60,60,20,2
514,MVN-J-Slicing-87-001,8,2980,3098,3099,60,60,20,2
514,MVN-J-Slicing-87-001,8,3020,3138,3139,60,60,20,2
514,MVN-J-Slicing-87-001,8,3060,3178,3179,60,60,20,2
514,MVN-J-Slicing-87-001,8,3100,3218,3219,60,60,20,2
514,MVN-J-Slicing-87-001,8,3140,3258,3259,60,60,20,2
514,MVN-J-Slicing-87-001,8,3260,3296,3297,19,60,20,2
515,MVN-J-Slicing-87-001,2,3298,3416,3417,60,60,30,2
515,MVN-J-Slicing-87-001,2,3358,3476,3477,60,60,30,2
515,MVN-J-Slicing-87-001,2,3418,3536,3537,60,60,30,2
515,MVN-J-Slicing-87-001,2,3478,3596,3597,60,60,30,2
515,MVN-J-Slicing-87-001,2,3538,3656,3657,60,60,30,2
515,MVN-J-Slicing-87-001,2,3598,3716,3717,60,60,30,2
515,MVN-J-Slicing-87-001,2,3658,3776,3777,60,60,30,2
515,MVN-J-Slicing-87-001,2,3718,3836,3837,60,60,30,2
515,MVN-J-Slicing-87-001,2,3778,3896,3897,60,60,30,2
515,MVN-J-Slicing-87-001,2,3838,3956,3957,60,60,30,2
515,MVN-J-Slicing-87-001,2,3898,4016,4017,60,60,30,2
515,MVN-J-Slicing-87-001,2,3958,4076,4077,60,60,30,2
515,MVN-J-Slicing-87-001,2,4018,4136,4137,60,60,30,2
515,MVN-J-Slicing-87-001,2,4078,4196,4197,60,60,30,2
515,MVN-J-Slicing-87-001,2,4138,4256,4257,60,60,30,2
515,MVN-J-Slicing-87-001,2,4258,4290,4291,17,60,30,2
516,MVN-J-Slicing-87-001,5,4292,4351,4352,60,60,20,1
516,MVN-J-Slicing-87-001,5,4312,4371,4372,60,60,20,1
516,MVN-J-Slicing-87-001,5,4332,4391,4392,60,60,20,1
516,MVN-J-Slicing-87-001,5,4352,4411,4412,60,60,20,1
516,MVN-J-Slicing-87-001,5,4372,4431,4432,60,60,20,1
516,MVN-J-Slicing-87-001,5,4392,4451,4452,60,60,20,1
516,MVN-J-Slicing-87-001,5,4412,4471,4472,60,60,20,1
516,MVN-J-Slicing-87-001,5,4432,4491,4492,60,60,20,1
516,MVN-J-Slicing-87-001,5,4452,4511,4512,60,60,20,1
516,MVN-J-Slicing-87-001,5,4472,4531,4532,60,60,20,1
516,MVN-J-Slicing-87-001,5,4492,4551,4552,60,60,20,1
516,MVN-J-Slicing-87-001,5,4512,4571,4572,60,60,20,1
516,MVN-J-Slicing-87-001,5,4532,4591,4592,60,60,20,1
516,MVN-J-Slicing-87-001,5,4552,4611,4612,60,60,20,1
516,MVN-J-Slicing-87-001,5,4572,4631,4632,60,60,20,1
516,MVN-J-Slicing-87-001,5,4592,4651,4652,60,60,20,1
516,MVN-J-Slicing-87-001,5,4612,4671,4672,60,60,20,1
516,MVN-J-Slicing-87-001,5,4632,4691,4692,60,60,20,1
516,MVN-J-Slicing-87-001,5,4652,4711,4712,60,60,20,1
516,MVN-J-Slicing-87-001,5,4672,4731,4732,60,60,20,1
516,MVN-J-Slicing-87-001,5,4692,4751,4752,60,60,20,1
516,MVN-J-Slicing-87-001,5,4712,4771,4772,60,60,20,1
516,MVN-J-Slicing-87-001,5,4732,4791,4792,60,60,20,1
516,MVN-J-Slicing-87-001,5,4752,4811,4812,60,60,20,1
516,MVN-J-Slicing-87-001,5,4772,4831,4832,60,60,20,1
516,MVN-J-Slicing-87-001,5,4792,4851,4852,60,60,20,1
516,MVN-J-Slicing-87-001,5,4812,4871,4872,60,60,20,1
516,MVN-J-Slicing-87-001,5,4832,4891,4892,60,60,20,1
516,MVN-J-Slicing-87-001,5,4852,4911,4912,60,60,20,1
516,MVN-J-Slicing-87-001,5,4872,4931,4932,60,60,20,1
516,MVN-J-Slicing-87-001,5,4892,4951,4952,60,60,20,1
516,MVN-J-Slicing-87-001,5,4912,4971,4972,60,60,20,1
516,MVN-J-Slicing-87-001,5,4932,4991,4992,60,60,20,1
516,MVN-J-Slicing-87-001,5,4952,5011,5012,60,60,20,1
516,MVN-J-Slicing-87-001,5,4972,5031,5032,60,60,20,1
516,MVN-J-Slicing-87-001,5,4992,5051,5052,60,60,20,1
516,MVN-J-Slicing-87-001,5,5012,5071,5072,60,60,20,1
516,MVN-J-Slicing-87-001,5,5032,5091,5092,60,60,20,1
516,MVN-J-Slicing-87-001,5,5052,5111,5112,60,60,20,1
516,MVN-J-Slicing-87-001,5,5072,5131,5132,60,60,20,1
516,MVN-J-Slicing-87-001,5,5092,5151,5152,60,60,20,1
516,MVN-J-Slicing-87-001,5,5112,5171,5172,60,60,20,1
516,MVN-J-Slicing-87-001,5,5132,5191,5192,60,60,20,1
516,MVN-J-Slicing-87-001,5,5152,5211,5212,60,60,20,1
516,MVN-J-Slicing-87-001,5,5172,5231,5232,60,60,20,1
516,MVN-J-Slicing-87-001,5,5192,5251,5252,60,60,20,1
516,MVN-J-Slicing-87-001,5,5212,5271,5272,60,60,20,1
516,MVN-J-Slicing-87-001,5,5232,5291,5292,60,60,20,1
516,MVN-J-Slicing-87-001,5,5252,5311,5312,60,60,20,1
516,MVN-J-Slicing-87-001,5,5272,5331,5332,60,60,20,1
516,MVN-J-Slicing-87-001,5,5292,5351,5352,60,60,20,1
516,MVN-J-Slicing-87-001,5,5312,5371,5372,60,60,20,1
516,MVN-J-Slicing-87-001,5,5372,5383,5384,12,60,20,1
517,MVN-J-Slicing-87-001,8,5384,5502,5503,60,60,20,2
517,MVN-J-Slicing-87-001,8,5424,5542,5543,60,60,20,2
517,MVN-J-Slicing-87-001,8,5464,5582,5583,60,60,20,2
517,MVN-J-Slicing-87-001,8,5504,5622,5623,60,60,20,2
517,MVN-J-Slicing-87-001,8,5544,5662,5663,60,60,20,2
517,MVN-J-Slicing-87-001,8,5584,5702,5703,60,60,20,2
517,MVN-J-Slicing-87-001,8,5624,5742,5743,60,60,20,2
517,MVN-J-Slicing-87-001,8,5664,5782,5783,60,60,20,2
517,MVN-J-Slicing-87-001,8,5704,5822,5823,60,60,20,2
517,MVN-J-Slicing-87-001,8,5824,5828,5829,3,60,20,2
518,MVN-J-Slicing-87-001,4,5829,6006,6007,60,60,30,3
518,MVN-J-Slicing-87-001,4,6009,6030,6031,8,60,30,3
519,MVN-J-Slicing-87-001,5,6032,6091,6092,60,60,20,1
519,MVN-J-Slicing-87-001,5,6052,6111,6112,60,60,20,1
519,MVN-J-Slicing-87-001,5,6072,6131,6132,60,60,20,1
519,MVN-J-Slicing-87-001,5,6092,6151,6152,60,60,20,1
519,MVN-J-Slicing-87-001,5,6112,6171,6172,60,60,20,1
519,MVN-J-Slicing-87-001,5,6132,6191,6192,60,60,20,1
519,MVN-J-Slicing-87-001,5,6152,6211,6212,60,60,20,1
519,MVN-J-Slicing-87-001,5,6172,6231,6232,60,60,20,1
519,MVN-J-Slicing-87-001,5,6192,6251,6252,60,60,20,1
519,MVN-J-Slicing-87-001,5,6212,6271,6272,60,60,20,1
519,MVN-J-Slicing-87-001,5,6232,6291,6292,60,60,20,1
519,MVN-J-Slicing-87-001,5,6252,6311,6312,60,60,20,1
519,MVN-J-Slicing-87-001,5,6272,6331,6332,60,60,20,1
519,MVN-J-Slicing-87-001,5,6292,6351,6352,60,60,20,1
519,MVN-J-Slicing-87-001,5,6312,6371,6372,60,60,20,1
519,MVN-J-Slicing-87-001,5,6332,6391,6392,60,60,20,1
519,MVN-J-Slicing-87-001,5,6352,6411,6412,60,60,20,1
519,MVN-J-Slicing-87-001,5,6372,6431,6432,60,60,20,1
519,MVN-J-Slicing-87-001,5,6392,6451,6452,60,60,20,1
519,MVN-J-Slicing-87-001,5,6412,6471,6472,60,60,20,1
519,MVN-J-Slicing-87-001,5,6432,6491,6492,60,60,20,1
519,MVN-J-Slicing-87-001,5,6452,6511,6512,60,60,20,1
519,MVN-J-Slicing-87-001,5,6472,6531,6532,60,60,20,1
519,MVN-J-Slicing-87-001,5,6492,6551,6552,60,60,20,1
519,MVN-J-Slicing-87-001,5,6512,6571,6572,60,60,20,1
519,MVN-J-Slicing-87-001,5,6532,6591,6592,60,60,20,1
519,MVN-J-Slicing-87-001,5,6552,6611,6612,60,60,20,1
519,MVN-J-Slicing-87-001,5,6572,6631,6632,60,60,20,1
519,MVN-J-Slicing-87-001,5,6592,6651,6652,60,60,20,1
519,MVN-J-Slicing-87-001,5,6612,6671,6672,60,60,20,1
519,MVN-J-Slicing-87-001,5,6632,6691,6692,60,60,20,1
519,MVN-J-Slicing-87-001,5,6692,6704,6705,13,60,20,1
520,MVN-J-Slicing-87-001,8,6705,6823,6824,60,60,20,2
520,MVN-J-Slicing-87-001,8,6745,6863,6864,60,60,20,2
520,MVN-J-Slicing-87-001,8,6785,6903,6904,60,60,20,2
520,MVN-J-Slicing-87-001,8,6825,6943,6944,60,60,20,2
520,MVN-J-Slicing-87-001,8,6865,6983,6984,60,60,20,2
520,MVN-J-Slicing-87-001,8,6905,7023,7024,60,60,20,2
520,MVN-J-Slicing-87-001,8,6945,7063,7064,60,60,20,2
520,MVN-J-Slicing-87-001,8,7065,7071,7072,4,60,20,2
521,MVN-J-Slicing-87-001,4,7073,7250,7251,60,60,30,3
521,MVN-J-Slicing-87-001,4,7163,7340,7341,60,60,30,3
521,MVN-J-Slicing-87-001,4,7253,7430,7431,60,60,30,3
521,MVN-J-Slicing-87-001,4,7433,7457,7458,9,60,30,3
522,MVN-J-Slicing-87-001,8,7459,7577,7578,60,60,20,2
522,MVN-J-Slicing-87-001,8,7499,7617,7618,60,60,20,2
522,MVN-J-Slicing-87-001,8,7539,7657,7658,60,60,20,2
522,MVN-J-Slicing-87-001,8,7579,7697,7698,60,60,20,2
522,MVN-J-Slicing-87-001,8,7619,7737,7738,60,60,20,2
522,MVN-J-Slicing-87-001,8,7659,7777,7778,60,60,20,2
522,MVN-J-Slicing-87-001,8,7699,7817,7818,60,60,20,2
522,MVN-J-Slicing-87-001,8,7739,7857,7858,60,60,20,2
522,MVN-J-Slicing-87-001,8,7779,7897,7898,60,60,20,2
522,MVN-J-Slicing-87-001,8,7899,7905,7906,4,60,20,2
523,MVN-J-Slicing-87-001,4,7906,8083,8084,60,60,30,3
523,MVN-J-Slicing-87-001,4,7996,8173,8174,60,60,30,3
523,MVN-J-Slicing-87-001,4,8176,8242,8243,23,60,30,3
524,MVN-J-Slicing-87-001,5,8245,8304,8305,60,60,20,1
524,MVN-J-Slicing-87-001,5,8265,8324,8325,60,60,20,1
524,MVN-J-Slicing-87-001,5,8285,8344,8345,60,60,20,1
524,MVN-J-Slicing-87-001,5,8305,8364,8365,60,60,20,1
524,MVN-J-Slicing-87-001,5,8325,8384,8385,60,60,20,1
524,MVN-J-Slicing-87-001,5,8345,8404,8405,60,60,20,1
524,MVN-J-Slicing-87-001,5,8365,8424,8425,60,60,20,1
524,MVN-J-Slicing-87-001,5,8385,8444,8445,60,60,20,1
524,MVN-J-Slicing-87-001,5,8405,8464,8465,60,60,20,1
524,MVN-J-Slicing-87-001,5,8425,8484,8485,60,60,20,1
524,MVN-J-Slicing-87-001,5,8445,8504,8505,60,60,20,1
524,MVN-J-Slicing-87-001,5,8465,8524,8525,60,60,20,1
524,MVN-J-Slicing-87-001,5,8485,8544,8545,60,60,20,1
524,MVN-J-Slicing-87-001,5,8505,8564,8565,60,60,20,1
524,MVN-J-Slicing-87-001,5,8525,8584,8585,60,60,20,1
524,MVN-J-Slicing-87-001,5,8545,8604,8605,60,60,20,1
524,MVN-J-Slicing-87-001,5,8565,8624,8625,60,60,20,1
524,MVN-J-Slicing-87-001,5,8585,8644,8645,60,60,20,1
524,MVN-J-Slicing-87-001,5,8605,8664,8665,60,60,20,1
524,MVN-J-Slicing-87-001,5,8625,8684,8685,60,60,20,1
524,MVN-J-Slicing-87-001,5,8645,8704,8705,60,60,20,1
524,MVN-J-Slicing-87-001,5,8665,8724,8725,60,60,20,1
524,MVN-J-Slicing-87-001,5,8685,8744,8745,60,60,20,1
524,MVN-J-Slicing-87-001,5,8705,8764,8765,60,60,20,1
524,MVN-J-Slicing-87-001,5,8725,8784,8785,60,60,20,1
524,MVN-J-Slicing-87-001,5,8745,8804,8805,60,60,20,1
524,MVN-J-Slicing-87-001,5,8765,8824,8825,60,60,20,1
524,MVN-J-Slicing-87-001,5,8785,8844,8845,60,60,20,1
524,MVN-J-Slicing-87-001,5,8805,8864,8865,60,60,20,1
525,MVN-J-Slicing-87-001,8,8865,8983,8984,60,60,20,2
525,MVN-J-Slicing-87-001,8,8905,9023,9024,60,60,20,2
525,MVN-J-Slicing-87-001,8,8945,9063,9064,60,60,20,2
525,MVN-J-Slicing-87-001,8,9065,9079,9080,8,60,20,2
526,MVN-J-Slicing-87-001,4,9081,9258,9259,60,60,30,3
526,MVN-J-Slicing-87-001,4,9261,9333,9334,25,60,30,3
527,MVN-J-Slicing-87-001,5,9335,9394,9395,60,60,20,1
527,MVN-J-Slicing-87-001,5,9355,9414,9415,60,60,20,1
527,MVN-J-Slicing-87-001,5,9375,9434,9435,60,60,20,1
527,MVN-J-Slicing-87-001,5,9395,9454,9455,60,60,20,1
527,MVN-J-Slicing-87-001,5,9415,9474,9475,60,60,20,1
527,MVN-J-Slicing-87-001,5,9435,9494,9495,60,60,20,1
527,MVN-J-Slicing-87-001,5,9455,9514,9515,60,60,20,1
527,MVN-J-Slicing-87-001,5,9475,9534,9535,60,60,20,1
527,MVN-J-Slicing-87-001,5,9495,9554,9555,60,60,20,1
527,MVN-J-Slicing-87-001,5,9515,9574,9575,60,60,20,1
527,MVN-J-Slicing-87-001,5,9535,9594,9595,60,60,20,1
527,MVN-J-Slicing-87-001,5,9555,9614,9615,60,60,20,1
527,MVN-J-Slicing-87-001,5,9575,9634,9635,60,60,20,1
527,MVN-J-Slicing-87-001,5,9595,9654,9655,60,60,20,1
527,MVN-J-Slicing-87-001,5,9615,9674,9675,60,60,20,1
527,MVN-J-Slicing-87-001,5,9635,9694,9695,60,60,20,1
527,MVN-J-Slicing-87-001,5,9695,9699,9700,5,60,20,1
528,MVN-J-Slicing-87-001,4,9700,9877,9878,60,60,30,3
528,MVN-J-Slicing-87-001,4,9790,9967,9968,60,60,30,3
528,MVN-J-Slicing-87-001,4,9970,9988,9989,7,60,30,3
529,MVN-J-Slicing-87-001,8,9989,10107,10108,60,60,20,2
529,MVN-J-Slicing-87-001,8,10029,10147,10148,60,60,20,2
529,MVN-J-Slicing-87-001,8,10069,10187,10188,60,60,20,2
529,MVN-J-Slicing-87-001,8,10189,10207,10208,10,60,20,2
530,MVN-J-Slicing-87-001,3,10209,10327,10328,60,60,30,2
530,MVN-J-Slicing-87-001,3,10329,10359,10360,16,60,30,2
531,MVN-J-Slicing-87-001,4,10360,10537,10538,60,60,30,3
531,MVN-J-Slicing-87-001,4,10450,10627,10628,60,60,30,3
531,MVN-J-Slicing-87-001,4,10540,10717,10718,60,60,30,3
531,MVN-J-Slicing-87-001,4,10720,10789,10790,24,60,30,3
532,MVN-J-Slicing-87-001,8,10790,10902,10903,57,60,20,2
533,MVN-J-Slicing-87-001,4,10903,10966,10967,22,60,30,3
534,MVN-J-Slicing-87-001,8,10968,11086,11087,60,60,20,2
534,MVN-J-Slicing-87-001,8,11008,11126,11127,60,60,20,2
534,MVN-J-Slicing-87-001,8,11048,11166,11167,60,60,20,2
534,MVN-J-Slicing-87-001,8,11088,11206,11207,60,60,20,2
534,MVN-J-Slicing-87-001,8,11208,11224,11225,9,60,20,2
535,MVN-J-Slicing-87-001,3,11226,11314,11315,45,60,30,2
536,MVN-J-Slicing-87-001,4,11316,11493,11494,60,60,30,3
536,MVN-J-Slicing-87-001,4,11406,11583,11584,60,60,30,3
536,MVN-J-Slicing-87-001,4,11496,11673,11674,60,60,30,3
536,MVN-J-Slicing-87-001,4,11586,11763,11764,60,60,30,3
536,MVN-J-Slicing-87-001,4,11676,11853,11854,60,60,30,3
536,MVN-J-Slicing-87-001,4,11766,11943,11944,60,60,30,3
536,MVN-J-Slicing-87-001,4,11946,12018,12019,25,60,30,3
537,MVN-J-Slicing-87-001,5,12021,12080,12081,60,60,20,1
537,MVN-J-Slicing-87-001,5,12041,12100,12101,60,60,20,1
537,MVN-J-Slicing-87-001,5,12061,12120,12121,60,60,20,1
537,MVN-J-Slicing-87-001,5,12081,12140,12141,60,60,20,1
537,MVN-J-Slicing-87-001,5,12101,12160,12161,60,60,20,1
537,MVN-J-Slicing-87-001,5,12121,12180,12181,60,60,20,1
537,MVN-J-Slicing-87-001,5,12141,12200,12201,60,60,20,1
537,MVN-J-Slicing-87-001,5,12161,12220,12221,60,60,20,1
537,MVN-J-Slicing-87-001,5,12181,12240,12241,60,60,20,1
537,MVN-J-Slicing-87-001,5,12201,12260,12261,60,60,20,1
537,MVN-J-Slicing-87-001,5,12221,12280,12281,60,60,20,1
537,MVN-J-Slicing-87-001,5,12241,12300,12301,60,60,20,1
537,MVN-J-Slicing-87-001,5,12261,12320,12321,60,60,20,1
537,MVN-J-Slicing-87-001,5,12281,12340,12341,60,60,20,1
537,MVN-J-Slicing-87-001,5,12301,12360,12361,60,60,20,1
537,MVN-J-Slicing-87-001,5,12321,12380,12381,60,60,20,1
537,MVN-J-Slicing-87-001,5,12341,12400,12401,60,60,20,1
537,MVN-J-Slicing-87-001,5,12361,12420,12421,60,60,20,1
537,MVN-J-Slicing-87-001,5,12381,12440,12441,60,60,20,1
537,MVN-J-Slicing-87-001,5,12401,12460,12461,60,60,20,1
537,MVN-J-Slicing-87-001,5,12421,12480,12481,60,60,20,1
537,MVN-J-Slicing-87-001,5,12441,12500,12501,60,60,20,1
537,MVN-J-Slicing-87-001,5,12461,12520,12521,60,60,20,1
537,MVN-J-Slicing-87-001,5,12481,12540,12541,60,60,20,1
537,MVN-J-Slicing-87-001,5,12501,12560,12561,60,60,20,1
537,MVN-J-Slicing-87-001,5,12521,12580,12581,60,60,20,1
537,MVN-J-Slicing-87-001,5,12541,12600,12601,60,60,20,1
537,MVN-J-Slicing-87-001,5,12561,12620,12621,60,60,20,1
537,MVN-J-Slicing-87-001,5,12581,12640,12641,60,60,20,1
537,MVN-J-Slicing-87-001,5,12601,12660,12661,60,60,20,1
537,MVN-J-Slicing-87-001,5,12621,12680,12681,60,60,20,1
537,MVN-J-Slicing-87-001,5,12641,12700,12701,60,60,20,1
537,MVN-J-Slicing-87-001,5,12661,12720,12721,60,60,20,1
537,MVN-J-Slicing-87-001,5,12681,12740,12741,60,60,20,1
537,MVN-J-Slicing-87-001,5,12701,12760,12761,60,60,20,1
537,MVN-J-Slicing-87-001,5,12721,12780,12781,60,60,20,1
537,MVN-J-Slicing-87-001,5,12741,12800,12801,60,60,20,1
537,MVN-J-Slicing-87-001,5,12761,12820,12821,60,60,20,1
537,MVN-J-Slicing-87-001,5,12781,12840,12841,60,60,20,1
537,MVN-J-Slicing-87-001,5,12801,12860,12861,60,60,20,1
537,MVN-J-Slicing-87-001,5,12821,12880,12881,60,60,20,1
537,MVN-J-Slicing-87-001,5,12841,12900,12901,60,60,20,1
537,MVN-J-Slicing-87-001,5,12861,12920,12921,60,60,20,1
537,MVN-J-Slicing-87-001,5,12881,12940,12941,60,60,20,1
537,MVN-J-Slicing-87-001,5,12901,12960,12961,60,60,20,1
537,MVN-J-Slicing-87-001,5,12921,12980,12981,60,60,20,1
537,MVN-J-Slicing-87-001,5,12941,13000,13001,60,60,20,1
537,MVN-J-Slicing-87-001,5,12961,13020,13021,60,60,20,1
537,MVN-J-Slicing-87-001,5,12981,13040,13041,60,60,20,1
537,MVN-J-Slicing-87-001,5,13001,13060,13061,60,60,20,1
537,MVN-J-Slicing-87-001,5,13021,13080,13081,60,60,20,1
537,MVN-J-Slicing-87-001,5,13041,13100,13101,60,60,20,1
537,MVN-J-Slicing-87-001,5,13061,13120,13121,60,60,20,1
537,MVN-J-Slicing-87-001,5,13081,13140,13141,60,60,20,1
537,MVN-J-Slicing-87-001,5,13101,13160,13161,60,60,20,1
537,MVN-J-Slicing-87-001,5,13121,13180,13181,60,60,20,1
537,MVN-J-Slicing-87-001,5,13141,13200,13201,60,60,20,1
537,MVN-J-Slicing-87-001,5,13161,13220,13221,60,60,20,1
537,MVN-J-Slicing-87-001,5,13181,13240,13241,60,60,20,1
537,MVN-J-Slicing-87-001,5,13201,13260,13261,60,60,20,1
537,MVN-J-Slicing-87-001,5,13221,13280,13281,60,60,20,1
537,MVN-J-Slicing-87-001,5,13241,13300,13301,60,60,20,1
537,MVN-J-Slicing-87-001,5,13261,13320,13321,60,60,20,1
537,MVN-J-Slicing-87-001,5,13281,13340,13341,60,60,20,1
537,MVN-J-Slicing-87-001,5,13301,13360,13361,60,60,20,1
537,MVN-J-Slicing-87-001,5,13321,13380,13381,60,60,20,1
537,MVN-J-Slicing-87-001,5,13341,13400,13401,60,60,20,1
537,MVN-J-Slicing-87-001,5,13361,13420,13421,60,60,20,1
537,MVN-J-Slicing-87-001,5,13381,13440,13441,60,60,20,1
537,MVN-J-Slicing-87-001,5,13401,13460,13461,60,60,20,1
537,MVN-J-Slicing-87-001,5,13421,13480,13481,60,60,20,1
537,MVN-J-Slicing-87-001,5,13441,13500,13501,60,60,20,1
537,MVN-J-Slicing-87-001,5,13461,13520,13521,60,60,20,1
537,MVN-J-Slicing-87-001,5,13481,13540,13541,60,60,20,1
537,MVN-J-Slicing-87-001,5,13501,13560,13561,60,60,20,1
537,MVN-J-Slicing-87-001,5,13521,13580,13581,60,60,20,1
537,MVN-J-Slicing-87-001,5,13541,13600,13601,60,60,20,1
537,MVN-J-Slicing-87-001,5,13561,13620,13621,60,60,20,1
537,MVN-J-Slicing-87-001,5,13581,13640,13641,60,60,20,1
537,MVN-J-Slicing-87-001,5,13601,13660,13661,60,60,20,1
537,MVN-J-Slicing-87-001,5,13621,13680,13681,60,60,20,1
537,MVN-J-Slicing-87-001,5,13641,13700,13701,60,60,20,1
537,MVN-J-Slicing-87-001,5,13661,13720,13721,60,60,20,1
537,MVN-J-Slicing-87-001,5,13681,13740,13741,60,60,20,1
537,MVN-J-Slicing-87-001,5,13701,13760,13761,60,60,20,1
537,MVN-J-Slicing-87-001,5,13721,13780,13781,60,60,20,1
537,MVN-J-Slicing-87-001,5,13741,13800,13801,60,60,20,1
537,MVN-J-Slicing-87-001,5,13761,13820,13821,60,60,20,1
537,MVN-J-Slicing-87-001,5,13781,13840,13841,60,60,20,1
537,MVN-J-Slicing-87-001,5,13801,13860,13861,60,60,20,1
537,MVN-J-Slicing-87-001,5,13821,13880,13881,60,60,20,1
537,MVN-J-Slicing-87-001,5,13881,13894,13895,14,60,20,1
538,MVN-J-Slicing-87-001,4,13895,14072,14073,60,60,30,3
538,MVN-J-Slicing-87-001,4,13985,14162,14163,60,60,30,3
538,MVN-J-Slicing-87-001,4,14075,14252,14253,60,60,30,3
538,MVN-J-Slicing-87-001,4,14165,14342,14343,60,60,30,3
538,MVN-J-Slicing-87-001,4,14255,14432,14433,60,60,30,3
538,MVN-J-Slicing-87-001,4,14345,14522,14523,60,60,30,3
538,MVN-J-Slicing-87-001,4,14525,14525,14526,1,60,30,3
539,MVN-J-Slicing-87-001,8,14527,14645,14646,60,60,20,2
539,MVN-J-Slicing-87-001,8,14647,14649,14650,2,60,20,2
540,MVN-J-Slicing-87-001,3,14650,14768,14769,60,60,30,2
540,MVN-J-Slicing-87-001,3,14710,14828,14829,60,60,30,2
540,MVN-J-Slicing-87-001,3,14830,14874,14875,23,60,30,2
541,MVN-J-Slicing-87-001,4,14875,15052,15053,60,60,30,3
541,MVN-J-Slicing-87-001,4,14965,15142,15143,60,60,30,3
541,MVN-J-Slicing-87-001,4,15055,15232,15233,60,60,30,3
541,MVN-J-Slicing-87-001,4,15145,15322,15323,60,60,30,3
541,MVN-J-Slicing-87-001,4,15235,15412,15413,60,60,30,3
541,MVN-J-Slicing-87-001,4,15415,15478,15479,22,60,30,3
542,MVN-J-Slicing-87-001,8,15481,15531,15532,26,60,20,2
543,MVN-J-Slicing-87-001,3,15533,15627,15628,48,60,30,2
544,MVN-J-Slicing-87-001,4,15629,15806,15807,60,60,30,3
544,MVN-J-Slicing-87-001,4,15719,15896,15897,60,60,30,3
544,MVN-J-Slicing-87-001,4,15809,15986,15987,60,60,30,3
544,MVN-J-Slicing-87-001,4,15899,16076,16077,60,60,30,3
544,MVN-J-Slicing-87-001,4,16079,16124,16125,16,60,30,3
545,MVN-J-Slicing-87-001,8,16126,16184,16185,30,60,20,2
546,MVN-J-Slicing-87-001,3,16185,16273,16274,45,60,30,2
547,MVN-J-Slicing-87-001,4,16275,16452,16453,60,60,30,3
547,MVN-J-Slicing-87-001,4,16365,16542,16543,60,60,30,3
547,MVN-J-Slicing-87-001,4,16455,16632,16633,60,60,30,3
547,MVN-J-Slicing-87-001,4,16545,16722,16723,60,60,30,3
547,MVN-J-Slicing-87-001,4,16725,16770,16771,16,60,30,3
548,MVN-J-Slicing-87-001,8,16772,16862,16863,46,60,20,2
549,MVN-J-Slicing-87-001,3,16864,16982,16983,60,60,30,2
549,MVN-J-Slicing-87-001,3,16984,16992,16993,5,60,30,2
550,MVN-J-Slicing-87-001,4,16993,17170,17171,60,60,30,3
550,MVN-J-Slicing-87-001,4,17083,17260,17261,60,60,30,3
550,MVN-J-Slicing-87-001,4,17173,17350,17351,60,60,30,3
550,MVN-J-Slicing-87-001,4,17263,17440,17441,60,60,30,3
550,MVN-J-Slicing-87-001,4,17353,17530,17531,60,60,30,3
550,MVN-J-Slicing-87-001,4,17443,17620,17621,60,60,30,3
550,MVN-J-Slicing-87-001,4,17623,17665,17666,15,60,30,3
551,MVN-J-Slicing-87-001,8,17667,17737,17738,36,60,20,2
552,MVN-J-Slicing-87-001,3,17739,17857,17858,60,60,30,2
552,MVN-J-Slicing-87-001,3,17859,17879,17880,11,60,30,2
553,MVN-J-Slicing-87-001,4,17881,18058,18059,60,60,30,3
553,MVN-J-Slicing-87-001,4,17971,18148,18149,60,60,30,3
553,MVN-J-Slicing-87-001,4,18061,18238,18239,60,60,30,3
553,MVN-J-Slicing-87-001,4,18151,18328,18329,60,60,30,3
553,MVN-J-Slicing-87-001,4,18241,18418,18419,60,60,30,3
553,MVN-J-Slicing-87-001,4,18331,18508,18509,60,60,30,3
553,MVN-J-Slicing-87-001,4,18511,18580,18581,24,60,30,3
554,MVN-J-Slicing-87-001,7,18582,18626,18627,45,60,20,1
555,MVN-J-Slicing-87-001,4,18627,18804,18805,60,60,30,3
555,MVN-J-Slicing-87-001,4,18807,18819,18820,5,60,30,3
556,MVN-J-Slicing-87-001,8,18822,18940,18941,60,60,20,2
556,MVN-J-Slicing-87-001,8,18942,18942,18943,1,60,20,2
557,MVN-J-Slicing-87-001,4,18944,19097,19098,52,60,30,3
558,MVN-J-Slicing-87-001,7,19098,19157,19158,60,60,20,1
558,MVN-J-Slicing-87-001,7,19118,19177,19178,60,60,20,1
558,MVN-J-Slicing-87-001,7,19138,19197,19198,60,60,20,1
558,MVN-J-Slicing-87-001,7,19198,19203,19204,6,60,20,1
559,MVN-J-Slicing-87-001,4,19204,19279,19280,26,60,30,3
560,MVN-J-Slicing-87-001,8,19281,19399,19400,60,60,20,2
560,MVN-J-Slicing-87-001,8,19401,19407,19408,4,60,20,2
561,MVN-J-Slicing-87-001,3,19408,19512,19513,53,60,30,2
562,MVN-J-Slicing-87-001,4,19513,19690,19691,60,60,30,3
562,MVN-J-Slicing-87-001,4,19603,19780,19781,60,60,30,3
562,MVN-J-Slicing-87-001,4,19693,19870,19871,60,60,30,3
562,MVN-J-Slicing-87-001,4,19873,19873,19874,1,60,30,3
563,MVN-J-Slicing-87-001,5,19875,19934,19935,60,60,20,1
563,MVN-J-Slicing-87-001,5,19895,19954,19955,60,60,20,1
563,MVN-J-Slicing-87-001,5,19915,19974,19975,60,60,20,1
563,MVN-J-Slicing-87-001,5,19935,19994,19995,60,60,20,1
563,MVN-J-Slicing-87-001,5,19955,20014,20015,60,60,20,1
563,MVN-J-Slicing-87-001,5,19975,20034,20035,60,60,20,1
563,MVN-J-Slicing-87-001,5,19995,20054,20055,60,60,20,1
563,MVN-J-Slicing-87-001,5,20015,20074,20075,60,60,20,1
563,MVN-J-Slicing-87-001,5,20035,20094,20095,60,60,20,1
563,MVN-J-Slicing-87-001,5,20055,20114,20115,60,60,20,1
563,MVN-J-Slicing-87-001,5,20075,20134,20135,60,60,20,1
563,MVN-J-Slicing-87-001,5,20095,20154,20155,60,60,20,1
563,MVN-J-Slicing-87-001,5,20115,20174,20175,60,60,20,1
563,MVN-J-Slicing-87-001,5,20135,20194,20195,60,60,20,1
563,MVN-J-Slicing-87-001,5,20155,20214,20215,60,60,20,1
563,MVN-J-Slicing-87-001,5,20175,20234,20235,60,60,20,1
563,MVN-J-Slicing-87-001,5,20195,20254,20255,60,60,20,1
563,MVN-J-Slicing-87-001,5,20215,20274,20275,60,60,20,1
563,MVN-J-Slicing-87-001,5,20235,20294,20295,60,60,20,1
563,MVN-J-Slicing-87-001,5,20255,20314,20315,60,60,20,1
563,MVN-J-Slicing-87-001,5,20275,20334,20335,60,60,20,1
563,MVN-J-Slicing-87-001,5,20295,20354,20355,60,60,20,1
563,MVN-J-Slicing-87-001,5,20315,20374,20375,60,60,20,1
563,MVN-J-Slicing-87-001,5,20335,20394,20395,60,60,20,1
563,MVN-J-Slicing-87-001,5,20355,20414,20415,60,60,20,1
563,MVN-J-Slicing-87-001,5,20375,20434,20435,60,60,20,1
563,MVN-J-Slicing-87-001,5,20395,20454,20455,60,60,20,1
563,MVN-J-Slicing-87-001,5,20415,20474,20475,60,60,20,1
563,MVN-J-Slicing-87-001,5,20435,20494,20495,60,60,20,1
563,MVN-J-Slicing-87-001,5,20455,20514,20515,60,60,20,1
563,MVN-J-Slicing-87-001,5,20475,20534,20535,60,60,20,1
563,MVN-J-Slicing-87-001,5,20495,20554,20555,60,60,20,1
563,MVN-J-Slicing-87-001,5,20515,20574,20575,60,60,20,1
563,MVN-J-Slicing-87-001,5,20535,20594,20595,60,60,20,1
563,MVN-J-Slicing-87-001,5,20555,20614,20615,60,60,20,1
563,MVN-J-Slicing-87-001,5,20575,20634,20635,60,60,20,1
563,MVN-J-Slicing-87-001,5,20595,20654,20655,60,60,20,1
563,MVN-J-Slicing-87-001,5,20615,20674,20675,60,60,20,1
563,MVN-J-Slicing-87-001,5,20635,20694,20695,60,60,20,1
563,MVN-J-Slicing-87-001,5,20655,20714,20715,60,60,20,1
563,MVN-J-Slicing-87-001,5,20675,20734,20735,60,60,20,1
563,MVN-J-Slicing-87-001,5,20695,20754,20755,60,60,20,1
563,MVN-J-Slicing-87-001,5,20715,20774,20775,60,60,20,1
563,MVN-J-Slicing-87-001,5,20735,20794,20795,60,60,20,1
563,MVN-J-Slicing-87-001,5,20755,20814,20815,60,60,20,1
563,MVN-J-Slicing-87-001,5,20775,20834,20835,60,60,20,1
563,MVN-J-Slicing-87-001,5,20795,20854,20855,60,60,20,1
563,MVN-J-Slicing-87-001,5,20815,20874,20875,60,60,20,1
563,MVN-J-Slicing-87-001,5,20835,20894,20895,60,60,20,1
563,MVN-J-Slicing-87-001,5,20855,20914,20915,60,60,20,1
563,MVN-J-Slicing-87-001,5,20875,20934,20935,60,60,20,1
563,MVN-J-Slicing-87-001,5,20895,20954,20955,60,60,20,1
563,MVN-J-Slicing-87-001,5,20915,20974,20975,60,60,20,1
563,MVN-J-Slicing-87-001,5,20935,20994,20995,60,60,20,1
563,MVN-J-Slicing-87-001,5,20955,21014,21015,60,60,20,1
563,MVN-J-Slicing-87-001,5,20975,21034,21035,60,60,20,1
563,MVN-J-Slicing-87-001,5,20995,21054,21055,60,60,20,1
563,MVN-J-Slicing-87-001,5,21015,21074,21075,60,60,20,1
563,MVN-J-Slicing-87-001,5,21035,21094,21095,60,60,20,1
563,MVN-J-Slicing-87-001,5,21055,21114,21115,60,60,20,1
563,MVN-J-Slicing-87-001,5,21075,21134,21135,60,60,20,1
563,MVN-J-Slicing-87-001,5,21095,21154,21155,60,60,20,1
563,MVN-J-Slicing-87-001,5,21115,21174,21175,60,60,20,1
563,MVN-J-Slicing-87-001,5,21135,21194,21195,60,60,20,1
563,MVN-J-Slicing-87-001,5,21155,21214,21215,60,60,20,1
563,MVN-J-Slicing-87-001,5,21175,21234,21235,60,60,20,1
563,MVN-J-Slicing-87-001,5,21195,21254,21255,60,60,20,1
563,MVN-J-Slicing-87-001,5,21215,21274,21275,60,60,20,1
563,MVN-J-Slicing-87-001,5,21235,21294,21295,60,60,20,1
563,MVN-J-Slicing-87-001,5,21255,21314,21315,60,60,20,1
563,MVN-J-Slicing-87-001,5,21275,21334,21335,60,60,20,1
563,MVN-J-Slicing-87-001,5,21295,21354,21355,60,60,20,1
563,MVN-J-Slicing-87-001,5,21315,21374,21375,60,60,20,1
563,MVN-J-Slicing-87-001,5,21335,21394,21395,60,60,20,1
563,MVN-J-Slicing-87-001,5,21355,21414,21415,60,60,20,1
563,MVN-J-Slicing-87-001,5,21375,21434,21435,60,60,20,1
563,MVN-J-Slicing-87-001,5,21395,21454,21455,60,60,20,1
563,MVN-J-Slicing-87-001,5,21415,21474,21475,60,60,20,1
563,MVN-J-Slicing-87-001,5,21435,21494,21495,60,60,20,1
563,MVN-J-Slicing-87-001,5,21455,21514,21515,60,60,20,1
563,MVN-J-Slicing-87-001,5,21475,21534,21535,60,60,20,1
563,MVN-J-Slicing-87-001,5,21535,21542,21543,8,60,20,1
564,MVN-J-Slicing-87-001,8,21543,21661,21662,60,60,20,2
564,MVN-J-Slicing-87-001,8,21583,21701,21702,60,60,20,2
564,MVN-J-Slicing-87-001,8,21623,21741,21742,60,60,20,2
564,MVN-J-Slicing-87-001,8,21743,21747,21748,3,60,20,2
565,MVN-J-Slicing-87-001,4,21749,21926,21927,60,60,30,3
565,MVN-J-Slicing-87-001,4,21839,22016,22017,60,60,30,3
565,MVN-J-Slicing-87-001,4,22019,22040,22041,8,60,30,3
566,MVN-J-Slicing-87-001,7,22041,22091,22092,51,60,20,1
567,MVN-J-Slicing-87-001,4,22092,22269,22270,60,60,30,3
567,MVN-J-Slicing-87-001,4,22182,22359,22360,60,60,30,3
567,MVN-J-Slicing-87-001,4,22272,22449,22450,60,60,30,3
567,MVN-J-Slicing-87-001,4,22362,22539,22540,60,60,30,3
567,MVN-J-Slicing-87-001,4,22542,22623,22624,28,60,30,3
568,MVN-J-Slicing-87-001,5,22625,22684,22685,60,60,20,1
568,MVN-J-Slicing-87-001,5,22645,22704,22705,60,60,20,1
568,MVN-J-Slicing-87-001,5,22665,22724,22725,60,60,20,1
568,MVN-J-Slicing-87-001,5,22725,22734,22735,10,60,20,1
569,MVN-J-Slicing-87-001,8,22735,22785,22786,26,60,20,2
570,MVN-J-Slicing-87-001,4,22786,22963,22964,60,60,30,3
570,MVN-J-Slicing-87-001,4,22876,23053,23054,60,60,30,3
570,MVN-J-Slicing-87-001,4,22966,23143,23144,60,60,30,3
570,MVN-J-Slicing-87-001,4,23056,23233,23234,60,60,30,3
570,MVN-J-Slicing-87-001,4,23146,23323,23324,60,60,30,3
570,MVN-J-Slicing-87-001,4,23236,23413,23414,60,60,30,3
570,MVN-J-Slicing-87-001,4,23326,23503,23504,60,60,30,3
570,MVN-J-Slicing-87-001,4,23416,23593,23594,60,60,30,3
570,MVN-J-Slicing-87-001,4,23506,23683,23684,60,60,30,3
570,MVN-J-Slicing-87-001,4,23596,23773,23774,60,60,30,3
570,MVN-J-Slicing-87-001,4,23686,23863,23864,60,60,30,3
570,MVN-J-Slicing-87-001,4,23866,23866,23867,1,60,30,3
571,MVN-J-Slicing-87-001,8,23869,23987,23988,60,60,20,2
571,MVN-J-Slicing-87-001,8,23989,24001,24002,7,60,20,2
572,MVN-J-Slicing-87-001,3,24003,24097,24098,48,60,30,2
573,MVN-J-Slicing-87-001,4,24098,24275,24276,60,60,30,3
573,MVN-J-Slicing-87-001,4,24188,24365,24366,60,60,30,3
573,MVN-J-Slicing-87-001,4,24278,24455,24456,60,60,30,3
573,MVN-J-Slicing-87-001,4,24458,24542,24543,29,60,30,3
574,MVN-J-Slicing-87-001,8,24543,24661,24662,60,60,20,2
574,MVN-J-Slicing-87-001,8,24663,24693,24694,16,60,20,2
575,MVN-J-Slicing-87-001,3,24694,24812,24813,60,60,30,2
575,MVN-J-Slicing-87-001,3,24754,24872,24873,60,60,30,2
575,MVN-J-Slicing-87-001,3,24814,24932,24933,60,60,30,2
575,MVN-J-Slicing-87-001,3,24934,24962,24963,15,60,30,2
576,MVN-J-Slicing-87-001,7,24963,25022,25023,60,60,20,1
576,MVN-J-Slicing-87-001,7,24983,25042,25043,60,60,20,1
576,MVN-J-Slicing-87-001,7,25043,25048,25049,6,60,20,1
577,MVN-J-Slicing-87-001,4,25049,25226,25227,60,60,30,3
577,MVN-J-Slicing-87-001,4,25139,25316,25317,60,60,30,3
577,MVN-J-Slicing-87-001,4,25229,25406,25407,60,60,30,3
577,MVN-J-Slicing-87-001,4,25409,25436,25437,10,60,30,3
578,MVN-J-Slicing-87-001,8,25438,25556,25557,60,60,20,2
578,MVN-J-Slicing-87-001,8,25478,25596,25597,60,60,20,2
578,MVN-J-Slicing-87-001,8,25518,25636,25637,60,60,20,2
578,MVN-J-Slicing-87-001,8,25638,25668,25669,16,60,20,2
579,MVN-J-Slicing-87-001,4,25670,25847,25848,60,60,30,3
579,MVN-J-Slicing-87-001,4,25760,25937,25938,60,60,30,3
579,MVN-J-Slicing-87-001,4,25940,26012,26013,25,60,30,3
580,MVN-J-Slicing-87-001,8,26013,26097,26098,43,60,20,2
581,MVN-J-Slicing-87-001,3,26099,26217,26218,60,60,30,2
581,MVN-J-Slicing-87-001,3,26159,26277,26278,60,60,30,2
581,MVN-J-Slicing-87-001,3,26279,26321,26322,22,60,30,2
582,MVN-J-Slicing-87-001,4,26322,26499,26500,60,60,30,3
582,MVN-J-Slicing-87-001,4,26412,26589,26590,60,60,30,3
582,MVN-J-Slicing-87-001,4,26592,26622,26623,11,60,30,3
583,MVN-J-Slicing-87-001,7,26625,26680,26681,56,60,20,1
584,MVN-J-Slicing-87-001,4,26681,26858,26859,60,60,30,3
584,MVN-J-Slicing-87-001,4,26771,26948,26949,60,60,30,3
584,MVN-J-Slicing-87-001,4,26951,26996,26997,16,60,30,3
585,MVN-J-Slicing-87-001,8,26998,27072,27073,38,60,20,2
586,MVN-J-Slicing-87-001,3,27074,27192,27193,60,60,30,2
586,MVN-J-Slicing-87-001,3,27194,27236,27237,22,60,30,2
587,MVN-J-Slicing-87-001,4,27237,27414,27415,60,60,30,3
587,MVN-J-Slicing-87-001,4,27327,27504,27505,60,60,30,3
587,MVN-J-Slicing-87-001,4,27417,27594,27595,60,60,30,3
587,MVN-J-Slicing-87-001,4,27597,27624,27625,10,60,30,3
588,MVN-J-Slicing-87-001,5,27626,27685,27686,60,60,20,1
588,MVN-J-Slicing-87-001,5,27646,27705,27706,60,60,20,1
588,MVN-J-Slicing-87-001,5,27666,27725,27726,60,60,20,1
588,MVN-J-Slicing-87-001,5,27686,27745,27746,60,60,20,1
588,MVN-J-Slicing-87-001,5,27706,27765,27766,60,60,20,1
588,MVN-J-Slicing-87-001,5,27726,27785,27786,60,60,20,1
588,MVN-J-Slicing-87-001,5,27746,27805,27806,60,60,20,1
588,MVN-J-Slicing-87-001,5,27766,27825,27826,60,60,20,1
588,MVN-J-Slicing-87-001,5,27786,27845,27846,60,60,20,1
588,MVN-J-Slicing-87-001,5,27806,27865,27866,60,60,20,1
588,MVN-J-Slicing-87-001,5,27826,27885,27886,60,60,20,1
588,MVN-J-Slicing-87-001,5,27846,27905,27906,60,60,20,1
588,MVN-J-Slicing-87-001,5,27866,27925,27926,60,60,20,1
588,MVN-J-Slicing-87-001,5,27886,27945,27946,60,60,20,1
588,MVN-J-Slicing-87-001,5,27906,27965,27966,60,60,20,1
588,MVN-J-Slicing-87-001,5,27926,27985,27986,60,60,20,1
588,MVN-J-Slicing-87-001,5,27946,28005,28006,60,60,20,1
588,MVN-J-Slicing-87-001,5,27966,28025,28026,60,60,20,1
588,MVN-J-Slicing-87-001,5,27986,28045,28046,60,60,20,1
588,MVN-J-Slicing-87-001,5,28006,28065,28066,60,60,20,1
588,MVN-J-Slicing-87-001,5,28026,28085,28086,60,60,20,1
588,MVN-J-Slicing-87-001,5,28046,28105,28106,60,60,20,1
588,MVN-J-Slicing-87-001,5,28066,28125,28126,60,60,20,1
588,MVN-J-Slicing-87-001,5,28086,28145,28146,60,60,20,1
588,MVN-J-Slicing-87-001,5,28106,28165,28166,60,60,20,1
588,MVN-J-Slicing-87-001,5,28126,28185,28186,60,60,20,1
588,MVN-J-Slicing-87-001,5,28146,28205,28206,60,60,20,1
588,MVN-J-Slicing-87-001,5,28166,28225,28226,60,60,20,1
588,MVN-J-Slicing-87-001,5,28186,28245,28246,60,60,20,1
588,MVN-J-Slicing-87-001,5,28206,28265,28266,60,60,20,1
588,MVN-J-Slicing-87-001,5,28226,28285,28286,60,60,20,1
588,MVN-J-Slicing-87-001,5,28246,28305,28306,60,60,20,1
588,MVN-J-Slicing-87-001,5,28266,28325,28326,60,60,20,1
588,MVN-J-Slicing-87-001,5,28286,28345,28346,60,60,20,1
588,MVN-J-Slicing-87-001,5,28306,28365,28366,60,60,20,1
588,MVN-J-Slicing-87-001,5,28326,28385,28386,60,60,20,1
588,MVN-J-Slicing-87-001,5,28346,28405,28406,60,60,20,1
588,MVN-J-Slicing-87-001,5,28366,28425,28426,60,60,20,1
588,MVN-J-Slicing-87-001,5,28386,28445,28446,60,60,20,1
588,MVN-J-Slicing-87-001,5,28406,28465,28466,60,60,20,1
588,MVN-J-Slicing-87-001,5,28426,28485,28486,60,60,20,1
588,MVN-J-Slicing-87-001,5,28446,28505,28506,60,60,20,1
588,MVN-J-Slicing-87-001,5,28466,28525,28526,60,60,20,1
588,MVN-J-Slicing-87-001,5,28526,28537,28538,12,60,20,1
589,MVN-J-Slicing-87-001,8,28538,28656,28657,60,60,20,2
589,MVN-J-Slicing-87-001,8,28658,28692,28693,18,60,20,2
590,MVN-J-Slicing-87-001,2,28694,28812,28813,60,60,30,2
590,MVN-J-Slicing-87-001,2,28754,28872,28873,60,60,30,2
590,MVN-J-Slicing-87-001,2,28814,28932,28933,60,60,30,2
590,MVN-J-Slicing-87-001,2,28874,28992,28993,60,60,30,2
590,MVN-J-Slicing-87-001,2,28934,29052,29053,60,60,30,2
590,MVN-J-Slicing-87-001,2,28994,29112,29113,60,60,30,2
590,MVN-J-Slicing-87-001,2,29114,29168,29169,28,60,30,2
591,MVN-J-Slicing-87-001,5,29169,29228,29229,60,60,20,1
591,MVN-J-Slicing-87-001,5,29189,29248,29249,60,60,20,1
591,MVN-J-Slicing-87-001,5,29209,29268,29269,60,60,20,1
591,MVN-J-Slicing-87-001,5,29229,29288,29289,60,60,20,1
591,MVN-J-Slicing-87-001,5,29249,29308,29309,60,60,20,1
591,MVN-J-Slicing-87-001,5,29269,29328,29329,60,60,20,1
591,MVN-J-Slicing-87-001,5,29289,29348,29349,60,60,20,1
591,MVN-J-Slicing-87-001,5,29309,29368,29369,60,60,20,1
591,MVN-J-Slicing-87-001,5,29329,29388,29389,60,60,20,1
591,MVN-J-Slicing-87-001,5,29349,29408,29409,60,60,20,1
591,MVN-J-Slicing-87-001,5,29369,29428,29429,60,60,20,1
591,MVN-J-Slicing-87-001,5,29389,29448,29449,60,60,20,1
591,MVN-J-Slicing-87-001,5,29409,29468,29469,60,60,20,1
591,MVN-J-Slicing-87-001,5,29429,29488,29489,60,60,20,1
591,MVN-J-Slicing-87-001,5,29449,29508,29509,60,60,20,1
591,MVN-J-Slicing-87-001,5,29469,29528,29529,60,60,20,1
591,MVN-J-Slicing-87-001,5,29489,29548,29549,60,60,20,1
591,MVN-J-Slicing-87-001,5,29509,29568,29569,60,60,20,1
591,MVN-J-Slicing-87-001,5,29529,29588,29589,60,60,20,1
591,MVN-J-Slicing-87-001,5,29549,29608,29609,60,60,20,1
591,MVN-J-Slicing-87-001,5,29569,29628,29629,60,60,20,1
591,MVN-J-Slicing-87-001,5,29589,29648,29649,60,60,20,1
591,MVN-J-Slicing-87-001,5,29609,29668,29669,60,60,20,1
591,MVN-J-Slicing-87-001,5,29629,29688,29689,60,60,20,1
591,MVN-J-Slicing-87-001,5,29649,29708,29709,60,60,20,1
591,MVN-J-Slicing-87-001,5,29669,29728,29729,60,60,20,1
591,MVN-J-Slicing-87-001,5,29689,29748,29749,60,60,20,1
591,MVN-J-Slicing-87-001,5,29709,29768,29769,60,60,20,1
591,MVN-J-Slicing-87-001,5,29729,29788,29789,60,60,20,1
591,MVN-J-Slicing-87-001,5,29749,29808,29809,60,60,20,1
591,MVN-J-Slicing-87-001,5,29769,29828,29829,60,60,20,1
591,MVN-J-Slicing-87-001,5,29789,29848,29849,60,60,20,1
591,MVN-J-Slicing-87-001,5,29809,29868,29869,60,60,20,1
591,MVN-J-Slicing-87-001,5,29829,29888,29889,60,60,20,1
591,MVN-J-Slicing-87-001,5,29849,29908,29909,60,60,20,1
591,MVN-J-Slicing-87-001,5,29869,29928,29929,60,60,20,1
591,MVN-J-Slicing-87-001,5,29889,29948,29949,60,60,20,1
591,MVN-J-Slicing-87-001,5,29909,29968,29969,60,60,20,1
591,MVN-J-Slicing-87-001,5,29929,29988,29989,60,60,20,1
591,MVN-J-Slicing-87-001,5,29949,30008,30009,60,60,20,1
591,MVN-J-Slicing-87-001,5,29969,30028,30029,60,60,20,1
591,MVN-J-Slicing-87-001,5,29989,30048,30049,60,60,20,1
591,MVN-J-Slicing-87-001,5,30009,30068,30069,60,60,20,1
591,MVN-J-Slicing-87-001,5,30069,30084,30085,16,60,20,1
592,MVN-J-Slicing-87-001,4,30085,30262,30263,60,60,30,3
592,MVN-J-Slicing-87-001,4,30175,30352,30353,60,60,30,3
592,MVN-J-Slicing-87-001,4,30265,30442,30443,60,60,30,3
592,MVN-J-Slicing-87-001,4,30355,30532,30533,60,60,30,3
592,MVN-J-Slicing-87-001,4,30445,30622,30623,60,60,30,3
592,MVN-J-Slicing-87-001,4,30535,30712,30713,60,60,30,3
592,MVN-J-Slicing-87-001,4,30715,30748,30749,12,60,30,3
593,MVN-J-Slicing-87-001,5,30749,30808,30809,60,60,20,1
593,MVN-J-Slicing-87-001,5,30769,30828,30829,60,60,20,1
593,MVN-J-Slicing-87-001,5,30789,30848,30849,60,60,20,1
593,MVN-J-Slicing-87-001,5,30809,30868,30869,60,60,20,1
593,MVN-J-Slicing-87-001,5,30829,30888,30889,60,60,20,1
593,MVN-J-Slicing-87-001,5,30849,30908,30909,60,60,20,1
593,MVN-J-Slicing-87-001,5,30869,30928,30929,60,60,20,1
593,MVN-J-Slicing-87-001,5,30889,30948,30949,60,60,20,1
593,MVN-J-Slicing-87-001,5,30909,30968,30969,60,60,20,1
593,MVN-J-Slicing-87-001,5,30929,30988,30989,60,60,20,1
593,MVN-J-Slicing-87-001,5,30949,31008,31009,60,60,20,1
593,MVN-J-Slicing-87-001,5,30969,31028,31029,60,60,20,1
593,MVN-J-Slicing-87-001,5,30989,31048,31049,60,60,20,1
593,MVN-J-Slicing-87-001,5,31009,31068,31069,60,60,20,1
593,MVN-J-Slicing-87-001,5,31029,31088,31089,60,60,20,1
593,MVN-J-Slicing-87-001,5,31049,31108,31109,60,60,20,1
593,MVN-J-Slicing-87-001,5,31069,31128,31129,60,60,20,1
593,MVN-J-Slicing-87-001,5,31089,31148,31149,60,60,20,1
593,MVN-J-Slicing-87-001,5,31109,31168,31169,60,60,20,1
593,MVN-J-Slicing-87-001,5,31129,31188,31189,60,60,20,1
593,MVN-J-Slicing-87-001,5,31149,31208,31209,60,60,20,1
593,MVN-J-Slicing-87-001,5,31169,31228,31229,60,60,20,1
593,MVN-J-Slicing-87-001,5,31189,31248,31249,60,60,20,1
593,MVN-J-Slicing-87-001,5,31209,31268,31269,60,60,20,1
593,MVN-J-Slicing-87-001,5,31229,31288,31289,60,60,20,1
593,MVN-J-Slicing-87-001,5,31249,31308,31309,60,60,20,1
593,MVN-J-Slicing-87-001,5,31269,31328,31329,60,60,20,1
593,MVN-J-Slicing-87-001,5,31289,31348,31349,60,60,20,1
593,MVN-J-Slicing-87-001,5,31309,31368,31369,60,60,20,1
593,MVN-J-Slicing-87-001,5,31329,31388,31389,60,60,20,1
593,MVN-J-Slicing-87-001,5,31349,31408,31409,60,60,20,1
593,MVN-J-Slicing-87-001,5,31369,31428,31429,60,60,20,1
593,MVN-J-Slicing-87-001,5,31389,31448,31449,60,60,20,1
593,MVN-J-Slicing-87-001,5,31409,31468,31469,60,60,20,1
593,MVN-J-Slicing-87-001,5,31429,31488,31489,60,60,20,1
593,MVN-J-Slicing-87-001,5,31449,31508,31509,60,60,20,1
593,MVN-J-Slicing-87-001,5,31469,31528,31529,60,60,20,1
593,MVN-J-Slicing-87-001,5,31489,31548,31549,60,60,20,1
593,MVN-J-Slicing-87-001,5,31509,31568,31569,60,60,20,1
593,MVN-J-Slicing-87-001,5,31529,31588,31589,60,60,20,1
593,MVN-J-Slicing-87-001,5,31549,31608,31609,60,60,20,1
593,MVN-J-Slicing-87-001,5,31569,31628,31629,60,60,20,1
593,MVN-J-Slicing-87-001,5,31589,31648,31649,60,60,20,1
593,MVN-J-Slicing-87-001,5,31609,31668,31669,60,60,20,1
593,MVN-J-Slicing-87-001,5,31629,31688,31689,60,60,20,1
593,MVN-J-Slicing-87-001,5,31649,31708,31709,60,60,20,1
593,MVN-J-Slicing-87-001,5,31669,31728,31729,60,60,20,1
593,MVN-J-Slicing-87-001,5,31689,31748,31749,60,60,20,1
593,MVN-J-Slicing-87-001,5,31709,31768,31769,60,60,20,1
593,MVN-J-Slicing-87-001,5,31729,31788,31789,60,60,20,1
593,MVN-J-Slicing-87-001,5,31749,31808,31809,60,60,20,1
593,MVN-J-Slicing-87-001,5,31769,31828,31829,60,60,20,1
593,MVN-J-Slicing-87-001,5,31789,31848,31849,60,60,20,1
593,MVN-J-Slicing-87-001,5,31809,31868,31869,60,60,20,1
593,MVN-J-Slicing-87-001,5,31829,31888,31889,60,60,20,1
593,MVN-J-Slicing-87-001,5,31849,31908,31909,60,60,20,1
593,MVN-J-Slicing-87-001,5,31869,31928,31929,60,60,20,1
593,MVN-J-Slicing-87-001,5,31889,31948,31949,60,60,20,1
593,MVN-J-Slicing-87-001,5,31909,31968,31969,60,60,20,1
593,MVN-J-Slicing-87-001,5,31929,31988,31989,60,60,20,1
593,MVN-J-Slicing-87-001,5,31949,32008,32009,60,60,20,1
593,MVN-J-Slicing-87-001,5,31969,32028,32029,60,60,20,1
593,MVN-J-Slicing-87-001,5,31989,32048,32049,60,60,20,1
593,MVN-J-Slicing-87-001,5,32009,32068,32069,60,60,20,1
593,MVN-J-Slicing-87-001,5,32029,32088,32089,60,60,20,1
593,MVN-J-Slicing-87-001,5,32049,32108,32109,60,60,20,1
593,MVN-J-Slicing-87-001,5,32069,32128,32129,60,60,20,1
593,MVN-J-Slicing-87-001,5,32089,32148,32149,60,60,20,1
593,MVN-J-Slicing-87-001,5,32109,32168,32169,60,60,20,1
593,MVN-J-Slicing-87-001,5,32129,32188,32189,60,60,20,1
593,MVN-J-Slicing-87-001,5,32149,32208,32209,60,60,20,1
593,MVN-J-Slicing-87-001,5,32169,32228,32229,60,60,20,1
593,MVN-J-Slicing-87-001,5,32189,32248,32249,60,60,20,1
593,MVN-J-Slicing-87-001,5,32209,32268,32269,60,60,20,1
593,MVN-J-Slicing-87-001,5,32229,32288,32289,60,60,20,1
593,MVN-J-Slicing-87-001,5,32249,32308,32309,60,60,20,1
593,MVN-J-Slicing-87-001,5,32269,32328,32329,60,60,20,1
593,MVN-J-Slicing-87-001,5,32289,32348,32349,60,60,20,1
593,MVN-J-Slicing-87-001,5,32309,32368,32369,60,60,20,1
593,MVN-J-Slicing-87-001,5,32329,32388,32389,60,60,20,1
593,MVN-J-Slicing-87-001,5,32349,32408,32409,60,60,20,1
593,MVN-J-Slicing-87-001,5,32369,32428,32429,60,60,20,1
593,MVN-J-Slicing-87-001,5,32389,32448,32449,60,60,20,1
593,MVN-J-Slicing-87-001,5,32409,32468,32469,60,60,20,1
593,MVN-J-Slicing-87-001,5,32429,32488,32489,60,60,20,1
593,MVN-J-Slicing-87-001,5,32449,32508,32509,60,60,20,1
593,MVN-J-Slicing-87-001,5,32469,32528,32529,60,60,20,1
593,MVN-J-Slicing-87-001,5,32489,32548,32549,60,60,20,1
593,MVN-J-Slicing-87-001,5,32509,32568,32569,60,60,20,1
593,MVN-J-Slicing-87-001,5,32529,32588,32589,60,60,20,1
593,MVN-J-Slicing-87-001,5,32549,32608,32609,60,60,20,1
593,MVN-J-Slicing-87-001,5,32569,32628,32629,60,60,20,1
593,MVN-J-Slicing-87-001,5,32589,32648,32649,60,60,20,1
593,MVN-J-Slicing-87-001,5,32609,32668,32669,60,60,20,1
593,MVN-J-Slicing-87-001,5,32629,32688,32689,60,60,20,1
593,MVN-J-Slicing-87-001,5,32649,32708,32709,60,60,20,1
593,MVN-J-Slicing-87-001,5,32669,32728,32729,60,60,20,1
593,MVN-J-Slicing-87-001,5,32689,32748,32749,60,60,20,1
593,MVN-J-Slicing-87-001,5,32709,32768,32769,60,60,20,1
593,MVN-J-Slicing-87-001,5,32769,32774,32775,6,60,20,1
594,MVN-J-Slicing-87-001,8,32775,32811,32812,19,60,20,2
595,MVN-J-Slicing-87-001,3,32812,32930,32931,60,60,30,2
595,MVN-J-Slicing-87-001,3,32932,32946,32947,8,60,30,2
596,MVN-J-Slicing-87-001,4,32947,33124,33125,60,60,30,3
596,MVN-J-Slicing-87-001,4,33127,33160,33161,12,60,30,3
597,MVN-J-Slicing-87-001,5,33163,33222,33223,60,60,20,1
597,MVN-J-Slicing-87-001,5,33183,33242,33243,60,60,20,1
597,MVN-J-Slicing-87-001,5,33203,33262,33263,60,60,20,1
597,MVN-J-Slicing-87-001,5,33223,33282,33283,60,60,20,1
597,MVN-J-Slicing-87-001,5,33243,33302,33303,60,60,20,1
597,MVN-J-Slicing-87-001,5,33263,33322,33323,60,60,20,1
597,MVN-J-Slicing-87-001,5,33283,33342,33343,60,60,20,1
597,MVN-J-Slicing-87-001,5,33303,33362,33363,60,60,20,1
597,MVN-J-Slicing-87-001,5,33323,33382,33383,60,60,20,1
597,MVN-J-Slicing-87-001,5,33343,33402,33403,60,60,20,1
597,MVN-J-Slicing-87-001,5,33363,33422,33423,60,60,20,1
597,MVN-J-Slicing-87-001,5,33383,33442,33443,60,60,20,1
597,MVN-J-Slicing-87-001,5,33403,33462,33463,60,60,20,1
597,MVN-J-Slicing-87-001,5,33423,33482,33483,60,60,20,1
597,MVN-J-Slicing-87-001,5,33443,33502,33503,60,60,20,1
597,MVN-J-Slicing-87-001,5,33463,33522,33523,60,60,20,1
597,MVN-J-Slicing-87-001,5,33483,33542,33543,60,60,20,1
597,MVN-J-Slicing-87-001,5,33503,33562,33563,60,60,20,1
597,MVN-J-Slicing-87-001,5,33523,33582,33583,60,60,20,1
597,MVN-J-Slicing-87-001,5,33543,33602,33603,60,60,20,1
597,MVN-J-Slicing-87-001,5,33563,33622,33623,60,60,20,1
597,MVN-J-Slicing-87-001,5,33583,33642,33643,60,60,20,1
597,MVN-J-Slicing-87-001,5,33603,33662,33663,60,60,20,1
597,MVN-J-Slicing-87-001,5,33623,33682,33683,60,60,20,1
597,MVN-J-Slicing-87-001,5,33643,33702,33703,60,60,20,1
597,MVN-J-Slicing-87-001,5,33663,33722,33723,60,60,20,1
597,MVN-J-Slicing-87-001,5,33683,33742,33743,60,60,20,1
597,MVN-J-Slicing-87-001,5,33703,33762,33763,60,60,20,1
597,MVN-J-Slicing-87-001,5,33723,33782,33783,60,60,20,1
597,MVN-J-Slicing-87-001,5,33743,33802,33803,60,60,20,1
597,MVN-J-Slicing-87-001,5,33763,33822,33823,60,60,20,1
597,MVN-J-Slicing-87-001,5,33783,33842,33843,60,60,20,1
597,MVN-J-Slicing-87-001,5,33803,33862,33863,60,60,20,1
597,MVN-J-Slicing-87-001,5,33823,33882,33883,60,60,20,1
597,MVN-J-Slicing-87-001,5,33843,33902,33903,60,60,20,1
597,MVN-J-Slicing-87-001,5,33863,33922,33923,60,60,20,1
597,MVN-J-Slicing-87-001,5,33883,33942,33943,60,60,20,1
597,MVN-J-Slicing-87-001,5,33903,33962,33963,60,60,20,1
597,MVN-J-Slicing-87-001,5,33923,33982,33983,60,60,20,1
597,MVN-J-Slicing-87-001,5,33943,34002,34003,60,60,20,1
597,MVN-J-Slicing-87-001,5,33963,34022,34023,60,60,20,1
597,MVN-J-Slicing-87-001,5,33983,34042,34043,60,60,20,1
597,MVN-J-Slicing-87-001,5,34003,34062,34063,60,60,20,1
597,MVN-J-Slicing-87-001,5,34023,34082,34083,60,60,20,1
597,MVN-J-Slicing-87-001,5,34043,34102,34103,60,60,20,1
597,MVN-J-Slicing-87-001,5,34063,34122,34123,60,60,20,1
597,MVN-J-Slicing-87-001,5,34083,34142,34143,60,60,20,1
597,MVN-J-Slicing-87-001,5,34103,34162,34163,60,60,20,1
597,MVN-J-Slicing-87-001,5,34123,34182,34183,60,60,20,1
597,MVN-J-Slicing-87-001,5,34143,34202,34203,60,60,20,1
597,MVN-J-Slicing-87-001,5,34163,34222,34223,60,60,20,1
597,MVN-J-Slicing-87-001,5,34183,34242,34243,60,60,20,1
597,MVN-J-Slicing-87-001,5,34203,34262,34263,60,60,20,1
597,MVN-J-Slicing-87-001,5,34223,34282,34283,60,60,20,1
597,MVN-J-Slicing-87-001,5,34243,34302,34303,60,60,20,1
597,MVN-J-Slicing-87-001,5,34263,34322,34323,60,60,20,1
597,MVN-J-Slicing-87-001,5,34283,34342,34343,60,60,20,1
597,MVN-J-Slicing-87-001,5,34303,34362,34363,60,60,20,1
597,MVN-J-Slicing-87-001,5,34323,34382,34383,60,60,20,1
597,MVN-J-Slicing-87-001,5,34343,34402,34403,60,60,20,1
597,MVN-J-Slicing-87-001,5,34363,34422,34423,60,60,20,1
597,MVN-J-Slicing-87-001,5,34383,34442,34443,60,60,20,1
597,MVN-J-Slicing-87-001,5,34403,34462,34463,60,60,20,1
597,MVN-J-Slicing-87-001,5,34423,34482,34483,60,60,20,1
597,MVN-J-Slicing-87-001,5,34483,34501,34502,19,60,20,1
598,MVN-J-Slicing-87-001,7,34502,34561,34562,60,60,20,1
598,MVN-J-Slicing-87-001,7,34522,34581,34582,60,60,20,1
599,MVN-J-Slicing-87-001,4,34582,34759,34760,60,60,30,3
599,MVN-J-Slicing-87-001,4,34672,34849,34850,60,60,30,3
599,MVN-J-Slicing-87-001,4,34762,34939,34940,60,60,30,3
599,MVN-J-Slicing-87-001,4,34852,35029,35030,60,60,30,3
599,MVN-J-Slicing-87-001,4,34942,35119,35120,60,60,30,3
599,MVN-J-Slicing-87-001,4,35032,35209,35210,60,60,30,3
599,MVN-J-Slicing-87-001,4,35122,35299,35300,60,60,30,3
599,MVN-J-Slicing-87-001,4,35212,35389,35390,60,60,30,3
599,MVN-J-Slicing-87-001,4,35302,35479,35480,60,60,30,3
599,MVN-J-Slicing-87-001,4,35482,35527,35528,16,60,30,3
600,MVN-J-Slicing-87-001,5,35529,35588,35589,60,60,20,1
600,MVN-J-Slicing-87-001,5,35549,35608,35609,60,60,20,1
600,MVN-J-Slicing-87-001,5,35569,35628,35629,60,60,20,1
600,MVN-J-Slicing-87-001,5,35589,35648,35649,60,60,20,1
600,MVN-J-Slicing-87-001,5,35609,35668,35669,60,60,20,1
600,MVN-J-Slicing-87-001,5,35629,35688,35689,60,60,20,1
600,MVN-J-Slicing-87-001,5,35649,35708,35709,60,60,20,1
600,MVN-J-Slicing-87-001,5,35669,35728,35729,60,60,20,1
600,MVN-J-Slicing-87-001,5,35689,35748,35749,60,60,20,1
600,MVN-J-Slicing-87-001,5,35709,35768,35769,60,60,20,1
600,MVN-J-Slicing-87-001,5,35729,35788,35789,60,60,20,1
600,MVN-J-Slicing-87-001,5,35749,35808,35809,60,60,20,1
600,MVN-J-Slicing-87-001,5,35769,35828,35829,60,60,20,1
600,MVN-J-Slicing-87-001,5,35789,35848,35849,60,60,20,1
600,MVN-J-Slicing-87-001,5,35809,35868,35869,60,60,20,1
600,MVN-J-Slicing-87-001,5,35829,35888,35889,60,60,20,1
600,MVN-J-Slicing-87-001,5,35849,35908,35909,60,60,20,1
600,MVN-J-Slicing-87-001,5,35869,35928,35929,60,60,20,1
600,MVN-J-Slicing-87-001,5,35929,35938,35939,10,60,20,1
601,MVN-J-Slicing-87-001,8,35939,36057,36058,60,60,20,2
601,MVN-J-Slicing-87-001,8,35979,36097,36098,60,60,20,2
601,MVN-J-Slicing-87-001,8,36019,36137,36138,60,60,20,2
601,MVN-J-Slicing-87-001,8,36059,36177,36178,60,60,20,2
601,MVN-J-Slicing-87-001,8,36099,36217,36218,60,60,20,2
601,MVN-J-Slicing-87-001,8,36139,36257,36258,60,60,20,2
601,MVN-J-Slicing-87-001,8,36179,36297,36298,60,60,20,2
601,MVN-J-Slicing-87-001,8,36299,36317,36318,10,60,20,2
602,MVN-J-Slicing-87-001,4,36319,36496,36497,60,60,30,3
602,MVN-J-Slicing-87-001,4,36409,36586,36587,60,60,30,3
602,MVN-J-Slicing-87-001,4,36499,36676,36677,60,60,30,3
602,MVN-J-Slicing-87-001,4,36589,36766,36767,60,60,30,3
602,MVN-J-Slicing-87-001,4,36679,36856,36857,60,60,30,3
602,MVN-J-Slicing-87-001,4,36769,36946,36947,60,60,30,3
602,MVN-J-Slicing-87-001,4,36859,37036,37037,60,60,30,3
602,MVN-J-Slicing-87-001,4,36949,37126,37127,60,60,30,3
602,MVN-J-Slicing-87-001,4,37039,37216,37217,60,60,30,3
602,MVN-J-Slicing-87-001,4,37129,37306,37307,60,60,30,3
602,MVN-J-Slicing-87-001,4,37219,37396,37397,60,60,30,3
602,MVN-J-Slicing-87-001,4,37309,37486,37487,60,60,30,3
602,MVN-J-Slicing-87-001,4,37399,37576,37577,60,60,30,3
602,MVN-J-Slicing-87-001,4,37489,37666,37667,60,60,30,3
602,MVN-J-Slicing-87-001,4,37579,37756,37757,60,60,30,3
602,MVN-J-Slicing-87-001,4,37669,37846,37847,60,60,30,3
602,MVN-J-Slicing-87-001,4,37759,37936,37937,60,60,30,3
602,MVN-J-Slicing-87-001,4,37849,38026,38027,60,60,30,3
602,MVN-J-Slicing-87-001,4,37939,38116,38117,60,60,30,3
602,MVN-J-Slicing-87-001,4,38029,38206,38207,60,60,30,3
602,MVN-J-Slicing-87-001,4,38119,38296,38297,60,60,30,3
602,MVN-J-Slicing-87-001,4,38209,38386,38387,60,60,30,3
602,MVN-J-Slicing-87-001,4,38299,38476,38477,60,60,30,3
602,MVN-J-Slicing-87-001,4,38389,38566,38567,60,60,30,3
602,MVN-J-Slicing-87-001,4,38479,38656,38657,60,60,30,3
602,MVN-J-Slicing-87-001,4,38569,38746,38747,60,60,30,3
602,MVN-J-Slicing-87-001,4,38749,38773,38774,9,60,30,3
603,MVN-J-Slicing-87-001,8,38774,38858,38859,43,60,20,2
604,MVN-J-Slicing-87-001,3,38859,38917,38918,30,60,30,2
605,MVN-J-Slicing-87-001,4,38918,39095,39096,60,60,30,3
605,MVN-J-Slicing-87-001,4,39008,39185,39186,60,60,30,3
605,MVN-J-Slicing-87-001,4,39098,39275,39276,60,60,30,3
605,MVN-J-Slicing-87-001,4,39188,39365,39366,60,60,30,3
605,MVN-J-Slicing-87-001,4,39368,39395,39396,10,60,30,3
606,MVN-J-Slicing-87-001,8,39397,39487,39488,46,60,20,2
607,MVN-J-Slicing-87-001,3,39489,39607,39608,60,60,30,2
607,MVN-J-Slicing-87-001,3,39549,39667,39668,60,60,30,2
607,MVN-J-Slicing-87-001,3,39669,39671,39672,2,60,30,2
608,MVN-J-Slicing-87-001,4,39673,39850,39851,60,60,30,3
608,MVN-J-Slicing-87-001,4,39763,39940,39941,60,60,30,3
608,MVN-J-Slicing-87-001,4,39853,40030,40031,60,60,30,3
608,MVN-J-Slicing-87-001,4,39943,40120,40121,60,60,30,3
608,MVN-J-Slicing-87-001,4,40033,40210,40211,60,60,30,3
608,MVN-J-Slicing-87-001,4,40213,40255,40256,15,60,30,3
609,MVN-J-Slicing-87-001,5,40256,40315,40316,60,60,20,1
609,MVN-J-Slicing-87-001,5,40276,40335,40336,60,60,20,1
609,MVN-J-Slicing-87-001,5,40296,40355,40356,60,60,20,1
609,MVN-J-Slicing-87-001,5,40316,40375,40376,60,60,20,1
609,MVN-J-Slicing-87-001,5,40336,40395,40396,60,60,20,1
609,MVN-J-Slicing-87-001,5,40356,40415,40416,60,60,20,1
609,MVN-J-Slicing-87-001,5,40376,40435,40436,60,60,20,1
609,MVN-J-Slicing-87-001,5,40396,40455,40456,60,60,20,1
609,MVN-J-Slicing-87-001,5,40416,40475,40476,60,60,20,1
609,MVN-J-Slicing-87-001,5,40436,40495,40496,60,60,20,1
609,MVN-J-Slicing-87-001,5,40456,40515,40516,60,60,20,1
609,MVN-J-Slicing-87-001,5,40476,40535,40536,60,60,20,1
609,MVN-J-Slicing-87-001,5,40496,40555,40556,60,60,20,1
609,MVN-J-Slicing-87-001,5,40516,40575,40576,60,60,20,1
609,MVN-J-Slicing-87-001,5,40536,40595,40596,60,60,20,1
609,MVN-J-Slicing-87-001,5,40556,40615,40616,60,60,20,1
609,MVN-J-Slicing-87-001,5,40576,40635,40636,60,60,20,1
609,MVN-J-Slicing-87-001,5,40596,40655,40656,60,60,20,1
609,MVN-J-Slicing-87-001,5,40616,40675,40676,60,60,20,1
609,MVN-J-Slicing-87-001,5,40636,40695,40696,60,60,20,1
609,MVN-J-Slicing-87-001,5,40656,40715,40716,60,60,20,1
609,MVN-J-Slicing-87-001,5,40676,40735,40736,60,60,20,1
609,MVN-J-Slicing-87-001,5,40696,40755,40756,60,60,20,1
609,MVN-J-Slicing-87-001,5,40716,40775,40776,60,60,20,1
609,MVN-J-Slicing-87-001,5,40736,40795,40796,60,60,20,1
609,MVN-J-Slicing-87-001,5,40756,40815,40816,60,60,20,1
609,MVN-J-Slicing-87-001,5,40776,40835,40836,60,60,20,1
609,MVN-J-Slicing-87-001,5,40796,40855,40856,60,60,20,1
609,MVN-J-Slicing-87-001,5,40816,40875,40876,60,60,20,1
609,MVN-J-Slicing-87-001,5,40836,40895,40896,60,60,20,1
609,MVN-J-Slicing-87-001,5,40856,40915,40916,60,60,20,1
609,MVN-J-Slicing-87-001,5,40876,40935,40936,60,60,20,1
609,MVN-J-Slicing-87-001,5,40896,40955,40956,60,60,20,1
609,MVN-J-Slicing-87-001,5,40916,40975,40976,60,60,20,1
609,MVN-J-Slicing-87-001,5,40936,40995,40996,60,60,20,1
609,MVN-J-Slicing-87-001,5,40996,41010,41011,15,60,20,1
610,MVN-J-Slicing-87-001,7,41011,41062,41063,52,60,20,1
611,MVN-J-Slicing-87-001,4,41063,41240,41241,60,60,30,3
611,MVN-J-Slicing-87-001,4,41153,41330,41331,60,60,30,3
611,MVN-J-Slicing-87-001,4,41243,41420,41421,60,60,30,3
611,MVN-J-Slicing-87-001,4,41333,41510,41511,60,60,30,3
611,MVN-J-Slicing-87-001,4,41423,41600,41601,60,60,30,3
611,MVN-J-Slicing-87-001,4,41513,41690,41691,60,60,30,3
611,MVN-J-Slicing-87-001,4,41603,41780,41781,60,60,30,3
611,MVN-J-Slicing-87-001,4,41693,41870,41871,60,60,30,3
611,MVN-J-Slicing-87-001,4,41783,41960,41961,60,60,30,3
611,MVN-J-Slicing-87-001,4,41963,42047,42048,29,60,30,3
612,MVN-J-Slicing-87-001,8,42048,42092,42093,23,60,20,2
613,MVN-J-Slicing-87-001,3,42094,42212,42213,60,60,30,2
613,MVN-J-Slicing-87-001,3,42214,42224,42225,6,60,30,2
614,MVN-J-Slicing-87-001,4,42225,42402,42403,60,60,30,3
614,MVN-J-Slicing-87-001,4,42405,42432,42433,10,60,30,3
615,MVN-J-Slicing-87-001,7,42435,42494,42495,60,60,20,1
615,MVN-J-Slicing-87-001,7,42495,42503,42504,9,60,20,1
616,MVN-J-Slicing-87-001,4,42504,42681,42682,60,60,30,3
616,MVN-J-Slicing-87-001,4,42594,42771,42772,60,60,30,3
616,MVN-J-Slicing-87-001,4,42684,42861,42862,60,60,30,3
616,MVN-J-Slicing-87-001,4,42774,42951,42952,60,60,30,3
616,MVN-J-Slicing-87-001,4,42864,43041,43042,60,60,30,3
616,MVN-J-Slicing-87-001,4,42954,43131,43132,60,60,30,3
616,MVN-J-Slicing-87-001,4,43044,43221,43222,60,60,30,3
616,MVN-J-Slicing-87-001,4,43134,43311,43312,60,60,30,3
616,MVN-J-Slicing-87-001,4,43314,43314,43315,1,60,30,3
617,MVN-J-Slicing-87-001,7,43317,43376,43377,60,60,20,1
617,MVN-J-Slicing-87-001,7,43337,43396,43397,60,60,20,1
618,MVN-J-Slicing-87-001,8,43397,43479,43480,42,60,20,2
619,MVN-J-Slicing-87-001,3,43481,43599,43600,60,60,30,2
619,MVN-J-Slicing-87-001,3,43601,43619,43620,10,60,30,2
620,MVN-J-Slicing-87-001,4,43621,43798,43799,60,60,30,3
620,MVN-J-Slicing-87-001,4,43711,43888,43889,60,60,30,3
620,MVN-J-Slicing-87-001,4,43801,43978,43979,60,60,30,3
620,MVN-J-Slicing-87-001,4,43891,44068,44069,60,60,30,3
620,MVN-J-Slicing-87-001,4,43981,44158,44159,60,60,30,3
620,MVN-J-Slicing-87-001,4,44071,44248,44249,60,60,30,3
620,MVN-J-Slicing-87-001,4,44161,44338,44339,60,60,30,3
620,MVN-J-Slicing-87-001,4,44251,44428,44429,60,60,30,3
620,MVN-J-Slicing-87-001,4,44431,44443,44444,5,60,30,3
621,MVN-J-Slicing-87-001,5,44444,44503,44504,60,60,20,1
621,MVN-J-Slicing-87-001,5,44464,44523,44524,60,60,20,1
621,MVN-J-Slicing-87-001,5,44484,44543,44544,60,60,20,1
621,MVN-J-Slicing-87-001,5,44504,44563,44564,60,60,20,1
621,MVN-J-Slicing-87-001,5,44524,44583,44584,60,60,20,1
621,MVN-J-Slicing-87-001,5,44544,44603,44604,60,60,20,1
621,MVN-J-Slicing-87-001,5,44564,44623,44624,60,60,20,1
621,MVN-J-Slicing-87-001,5,44584,44643,44644,60,60,20,1
621,MVN-J-Slicing-87-001,5,44604,44663,44664,60,60,20,1
621,MVN-J-Slicing-87-001,5,44624,44683,44684,60,60,20,1
621,MVN-J-Slicing-87-001,5,44644,44703,44704,60,60,20,1
621,MVN-J-Slicing-87-001,5,44664,44723,44724,60,60,20,1
621,MVN-J-Slicing-87-001,5,44684,44743,44744,60,60,20,1
621,MVN-J-Slicing-87-001,5,44704,44763,44764,60,60,20,1
621,MVN-J-Slicing-87-001,5,44724,44783,44784,60,60,20,1
621,MVN-J-Slicing-87-001,5,44744,44803,44804,60,60,20,1
621,MVN-J-Slicing-87-001,5,44804,44814,44815,11,60,20,1
622,MVN-J-Slicing-87-001,8,44815,44933,44934,60,60,20,2
622,MVN-J-Slicing-87-001,8,44855,44973,44974,60,60,20,2
622,MVN-J-Slicing-87-001,8,44895,45013,45014,60,60,20,2
622,MVN-J-Slicing-87-001,8,44935,45053,45054,60,60,20,2
622,MVN-J-Slicing-87-001,8,44975,45093,45094,60,60,20,2
622,MVN-J-Slicing-87-001,8,45015,45133,45134,60,60,20,2
622,MVN-J-Slicing-87-001,8,45055,45173,45174,60,60,20,2
622,MVN-J-Slicing-87-001,8,45095,45213,45214,60,60,20,2
622,MVN-J-Slicing-87-001,8,45135,45253,45254,60,60,20,2
622,MVN-J-Slicing-87-001,8,45255,45285,45286,16,60,20,2
623,MVN-J-Slicing-87-001,5,45287,45346,45347,60,60,20,1
623,MVN-J-Slicing-87-001,5,45307,45366,45367,60,60,20,1
623,MVN-J-Slicing-87-001,5,45327,45386,45387,60,60,20,1
623,MVN-J-Slicing-87-001,5,45347,45406,45407,60,60,20,1
623,MVN-J-Slicing-87-001,5,45367,45426,45427,60,60,20,1
623,MVN-J-Slicing-87-001,5,45387,45446,45447,60,60,20,1
623,MVN-J-Slicing-87-001,5,45407,45466,45467,60,60,20,1
623,MVN-J-Slicing-87-001,5,45427,45486,45487,60,60,20,1
623,MVN-J-Slicing-87-001,5,45447,45506,45507,60,60,20,1
623,MVN-J-Slicing-87-001,5,45467,45526,45527,60,60,20,1
623,MVN-J-Slicing-87-001,5,45487,45546,45547,60,60,20,1
623,MVN-J-Slicing-87-001,5,45507,45566,45567,60,60,20,1
623,MVN-J-Slicing-87-001,5,45527,45586,45587,60,60,20,1
623,MVN-J-Slicing-87-001,5,45547,45606,45607,60,60,20,1
623,MVN-J-Slicing-87-001,5,45567,45626,45627,60,60,20,1
623,MVN-J-Slicing-87-001,5,45587,45646,45647,60,60,20,1
623,MVN-J-Slicing-87-001,5,45607,45666,45667,60,60,20,1
623,MVN-J-Slicing-87-001,5,45627,45686,45687,60,60,20,1
623,MVN-J-Slicing-87-001,5,45647,45706,45707,60,60,20,1
623,MVN-J-Slicing-87-001,5,45667,45726,45727,60,60,20,1
623,MVN-J-Slicing-87-001,5,45687,45746,45747,60,60,20,1
623,MVN-J-Slicing-87-001,5,45707,45766,45767,60,60,20,1
623,MVN-J-Slicing-87-001,5,45727,45786,45787,60,60,20,1
623,MVN-J-Slicing-87-001,5,45747,45806,45807,60,60,20,1
623,MVN-J-Slicing-87-001,5,45767,45826,45827,60,60,20,1
623,MVN-J-Slicing-87-001,5,45787,45846,45847,60,60,20,1
623,MVN-J-Slicing-87-001,5,45807,45866,45867,60,60,20,1
623,MVN-J-Slicing-87-001,5,45827,45886,45887,60,60,20,1
623,MVN-J-Slicing-87-001,5,45847,45906,45907,60,60,20,1
623,MVN-J-Slicing-87-001,5,45867,45926,45927,60,60,20,1
623,MVN-J-Slicing-87-001,5,45887,45946,45947,60,60,20,1
623,MVN-J-Slicing-87-001,5,45907,45966,45967,60,60,20,1
623,MVN-J-Slicing-87-001,5,45927,45986,45987,60,60,20,1
623,MVN-J-Slicing-87-001,5,45947,46006,46007,60,60,20,1
623,MVN-J-Slicing-87-001,5,45967,46026,46027,60,60,20,1
623,MVN-J-Slicing-87-001,5,45987,46046,46047,60,60,20,1
623,MVN-J-Slicing-87-001,5,46007,46066,46067,60,60,20,1
623,MVN-J-Slicing-87-001,5,46027,46086,46087,60,60,20,1
623,MVN-J-Slicing-87-001,5,46047,46106,46107,60,60,20,1
623,MVN-J-Slicing-87-001,5,46067,46126,46127,60,60,20,1
623,MVN-J-Slicing-87-001,5,46087,46146,46147,60,60,20,1
623,MVN-J-Slicing-87-001,5,46107,46166,46167,60,60,20,1
623,MVN-J-Slicing-87-001,5,46127,46186,46187,60,60,20,1
623,MVN-J-Slicing-87-001,5,46147,46206,46207,60,60,20,1
623,MVN-J-Slicing-87-001,5,46167,46226,46227,60,60,20,1
623,MVN-J-Slicing-87-001,5,46187,46246,46247,60,60,20,1
623,MVN-J-Slicing-87-001,5,46207,46266,46267,60,60,20,1
623,MVN-J-Slicing-87-001,5,46227,46286,46287,60,60,20,1
623,MVN-J-Slicing-87-001,5,46247,46306,46307,60,60,20,1
623,MVN-J-Slicing-87-001,5,46267,46326,46327,60,60,20,1
623,MVN-J-Slicing-87-001,5,46287,46346,46347,60,60,20,1
623,MVN-J-Slicing-87-001,5,46307,46366,46367,60,60,20,1
623,MVN-J-Slicing-87-001,5,46327,46386,46387,60,60,20,1
623,MVN-J-Slicing-87-001,5,46347,46406,46407,60,60,20,1
623,MVN-J-Slicing-87-001,5,46367,46426,46427,60,60,20,1
623,MVN-J-Slicing-87-001,5,46387,46446,46447,60,60,20,1
623,MVN-J-Slicing-87-001,5,46407,46466,46467,60,60,20,1
623,MVN-J-Slicing-87-001,5,46427,46486,46487,60,60,20,1
623,MVN-J-Slicing-87-001,5,46447,46506,46507,60,60,20,1
623,MVN-J-Slicing-87-001,5,46467,46526,46527,60,60,20,1
623,MVN-J-Slicing-87-001,5,46487,46546,46547,60,60,20,1
623,MVN-J-Slicing-87-001,5,46507,46566,46567,60,60,20,1
623,MVN-J-Slicing-87-001,5,46527,46586,46587,60,60,20,1
623,MVN-J-Slicing-87-001,5,46547,46606,46607,60,60,20,1
623,MVN-J-Slicing-87-001,5,46567,46626,46627,60,60,20,1
623,MVN-J-Slicing-87-001,5,46587,46646,46647,60,60,20,1
623,MVN-J-Slicing-87-001,5,46607,46666,46667,60,60,20,1
623,MVN-J-Slicing-87-001,5,46627,46686,46687,60,60,20,1
623,MVN-J-Slicing-87-001,5,46647,46706,46707,60,60,20,1
623,MVN-J-Slicing-87-001,5,46707,46722,46723,16,60,20,1
624,MVN-J-Slicing-87-001,7,46723,46768,46769,46,60,20,1
625,MVN-J-Slicing-87-001,4,46769,46946,46947,60,60,30,3
625,MVN-J-Slicing-87-001,4,46859,47036,47037,60,60,30,3
625,MVN-J-Slicing-87-001,4,46949,47126,47127,60,60,30,3
625,MVN-J-Slicing-87-001,4,47039,47216,47217,60,60,30,3
625,MVN-J-Slicing-87-001,4,47129,47306,47307,60,60,30,3
625,MVN-J-Slicing-87-001,4,47219,47396,47397,60,60,30,3
625,MVN-J-Slicing-87-001,4,47309,47486,47487,60,60,30,3
625,MVN-J-Slicing-87-001,4,47399,47576,47577,60,60,30,3
625,MVN-J-Slicing-87-001,4,47489,47666,47667,60,60,30,3
625,MVN-J-Slicing-87-001,4,47579,47756,47757,60,60,30,3
625,MVN-J-Slicing-87-001,4,47669,47846,47847,60,60,30,3
625,MVN-J-Slicing-87-001,4,47849,47861,47862,5,60,30,3
626,MVN-J-Slicing-87-001,5,47864,47923,47924,60,60,20,1
626,MVN-J-Slicing-87-001,5,47884,47943,47944,60,60,20,1
626,MVN-J-Slicing-87-001,5,47904,47963,47964,60,60,20,1
626,MVN-J-Slicing-87-001,5,47924,47983,47984,60,60,20,1
626,MVN-J-Slicing-87-001,5,47944,48003,48004,60,60,20,1
626,MVN-J-Slicing-87-001,5,47964,48023,48024,60,60,20,1
626,MVN-J-Slicing-87-001,5,47984,48043,48044,60,60,20,1
626,MVN-J-Slicing-87-001,5,48004,48063,48064,60,60,20,1
626,MVN-J-Slicing-87-001,5,48024,48083,48084,60,60,20,1
626,MVN-J-Slicing-87-001,5,48044,48103,48104,60,60,20,1
626,MVN-J-Slicing-87-001,5,48064,48123,48124,60,60,20,1
626,MVN-J-Slicing-87-001,5,48084,48143,48144,60,60,20,1
626,MVN-J-Slicing-87-001,5,48104,48163,48164,60,60,20,1
626,MVN-J-Slicing-87-001,5,48124,48183,48184,60,60,20,1
626,MVN-J-Slicing-87-001,5,48144,48203,48204,60,60,20,1
626,MVN-J-Slicing-87-001,5,48164,48223,48224,60,60,20,1
626,MVN-J-Slicing-87-001,5,48184,48243,48244,60,60,20,1
626,MVN-J-Slicing-87-001,5,48204,48263,48264,60,60,20,1
626,MVN-J-Slicing-87-001,5,48224,48283,48284,60,60,20,1
626,MVN-J-Slicing-87-001,5,48244,48303,48304,60,60,20,1
626,MVN-J-Slicing-87-001,5,48264,48323,48324,60,60,20,1
626,MVN-J-Slicing-87-001,5,48284,48343,48344,60,60,20,1
626,MVN-J-Slicing-87-001,5,48304,48363,48364,60,60,20,1
626,MVN-J-Slicing-87-001,5,48324,48383,48384,60,60,20,1
626,MVN-J-Slicing-87-001,5,48344,48403,48404,60,60,20,1
626,MVN-J-Slicing-87-001,5,48364,48423,48424,60,60,20,1
626,MVN-J-Slicing-87-001,5,48384,48443,48444,60,60,20,1
626,MVN-J-Slicing-87-001,5,48404,48463,48464,60,60,20,1
626,MVN-J-Slicing-87-001,5,48424,48483,48484,60,60,20,1
626,MVN-J-Slicing-87-001,5,48444,48503,48504,60,60,20,1
626,MVN-J-Slicing-87-001,5,48464,48523,48524,60,60,20,1
626,MVN-J-Slicing-87-001,5,48484,48543,48544,60,60,20,1
626,MVN-J-Slicing-87-001,5,48504,48563,48564,60,60,20,1
626,MVN-J-Slicing-87-001,5,48524,48583,48584,60,60,20,1
626,MVN-J-Slicing-87-001,5,48544,48603,48604,60,60,20,1
626,MVN-J-Slicing-87-001,5,48564,48623,48624,60,60,20,1
626,MVN-J-Slicing-87-001,5,48584,48643,48644,60,60,20,1
626,MVN-J-Slicing-87-001,5,48604,48663,48664,60,60,20,1
626,MVN-J-Slicing-87-001,5,48624,48683,48684,60,60,20,1
626,MVN-J-Slicing-87-001,5,48644,48703,48704,60,60,20,1
626,MVN-J-Slicing-87-001,5,48664,48723,48724,60,60,20,1
626,MVN-J-Slicing-87-001,5,48684,48743,48744,60,60,20,1
626,MVN-J-Slicing-87-001,5,48704,48763,48764,60,60,20,1
626,MVN-J-Slicing-87-001,5,48724,48783,48784,60,60,20,1
626,MVN-J-Slicing-87-001,5,48744,48803,48804,60,60,20,1
626,MVN-J-Slicing-87-001,5,48764,48823,48824,60,60,20,1
626,MVN-J-Slicing-87-001,5,48784,48843,48844,60,60,20,1
626,MVN-J-Slicing-87-001,5,48804,48863,48864,60,60,20,1
626,MVN-J-Slicing-87-001,5,48824,48883,48884,60,60,20,1
626,MVN-J-Slicing-87-001,5,48844,48903,48904,60,60,20,1
626,MVN-J-Slicing-87-001,5,48864,48923,48924,60,60,20,1
626,MVN-J-Slicing-87-001,5,48884,48943,48944,60,60,20,1
626,MVN-J-Slicing-87-001,5,48904,48963,48964,60,60,20,1
626,MVN-J-Slicing-87-001,5,48924,48983,48984,60,60,20,1
626,MVN-J-Slicing-87-001,5,48944,49003,49004,60,60,20,1
626,MVN-J-Slicing-87-001,5,48964,49023,49024,60,60,20,1
626,MVN-J-Slicing-87-001,5,48984,49043,49044,60,60,20,1
626,MVN-J-Slicing-87-001,5,49004,49063,49064,60,60,20,1
626,MVN-J-Slicing-87-001,5,49024,49083,49084,60,60,20,1
626,MVN-J-Slicing-87-001,5,49044,49103,49104,60,60,20,1
626,MVN-J-Slicing-87-001,5,49064,49123,49124,60,60,20,1
626,MVN-J-Slicing-87-001,5,49084,49143,49144,60,60,20,1
626,MVN-J-Slicing-87-001,5,49104,49163,49164,60,60,20,1
626,MVN-J-Slicing-87-001,5,49124,49183,49184,60,60,20,1
626,MVN-J-Slicing-87-001,5,49144,49203,49204,60,60,20,1
626,MVN-J-Slicing-87-001,5,49164,49223,49224,60,60,20,1
626,MVN-J-Slicing-87-001,5,49184,49243,49244,60,60,20,1
626,MVN-J-Slicing-87-001,5,49204,49263,49264,60,60,20,1
626,MVN-J-Slicing-87-001,5,49224,49283,49284,60,60,20,1
626,MVN-J-Slicing-87-001,5,49244,49303,49304,60,60,20,1
626,MVN-J-Slicing-87-001,5,49264,49323,49324,60,60,20,1
626,MVN-J-Slicing-87-001,5,49284,49343,49344,60,60,20,1
626,MVN-J-Slicing-87-001,5,49304,49363,49364,60,60,20,1
626,MVN-J-Slicing-87-001,5,49324,49383,49384,60,60,20,1
626,MVN-J-Slicing-87-001,5,49344,49403,49404,60,60,20,1
626,MVN-J-Slicing-87-001,5,49364,49423,49424,60,60,20,1
626,MVN-J-Slicing-87-001,5,49384,49443,49444,60,60,20,1
626,MVN-J-Slicing-87-001,5,49444,49458,49459,15,60,20,1
627,MVN-J-Slicing-87-001,8,49459,49577,49578,60,60,20,2
627,MVN-J-Slicing-87-001,8,49579,49611,49612,17,60,20,2
628,MVN-J-Slicing-87-001,3,49612,49722,49723,56,60,30,2
629,MVN-J-Slicing-87-001,4,49724,49901,49902,60,60,30,3
629,MVN-J-Slicing-87-001,4,49814,49991,49992,60,60,30,3
629,MVN-J-Slicing-87-001,4,49994,50039,50040,16,60,30,3
630,MVN-J-Slicing-87-001,8,50041,50081,50082,21,60,20,2
631,MVN-J-Slicing-87-001,3,50082,50200,50201,60,60,30,2
631,MVN-J-Slicing-87-001,3,50142,50260,50261,60,60,30,2
631,MVN-J-Slicing-87-001,3,50262,50302,50303,21,60,30,2
632,MVN-J-Slicing-87-001,4,50304,50481,50482,60,60,30,3
632,MVN-J-Slicing-87-001,4,50394,50571,50572,60,60,30,3
632,MVN-J-Slicing-87-001,4,50484,50661,50662,60,60,30,3
632,MVN-J-Slicing-87-001,4,50574,50751,50752,60,60,30,3
632,MVN-J-Slicing-87-001,4,50664,50841,50842,60,60,30,3
632,MVN-J-Slicing-87-001,4,50754,50931,50932,60,60,30,3
632,MVN-J-Slicing-87-001,4,50844,51021,51022,60,60,30,3
632,MVN-J-Slicing-87-001,4,51024,51054,51055,11,60,30,3
633,MVN-J-Slicing-87-001,7,51056,51115,51116,60,60,20,1
633,MVN-J-Slicing-87-001,7,51116,51124,51125,9,60,20,1
634,MVN-J-Slicing-87-001,4,51125,51302,51303,60,60,30,3
634,MVN-J-Slicing-87-001,4,51215,51392,51393,60,60,30,3
634,MVN-J-Slicing-87-001,4,51395,51440,51441,16,60,30,3
635,MVN-J-Slicing-87-001,8,51442,51510,51511,35,60,20,2
636,MVN-J-Slicing-87-001,3,51511,51627,51628,59,60,30,2
637,MVN-J-Slicing-87-001,4,51629,51806,51807,60,60,30,3
637,MVN-J-Slicing-87-001,4,51719,51896,51897,60,60,30,3
637,MVN-J-Slicing-87-001,4,51809,51986,51987,60,60,30,3
637,MVN-J-Slicing-87-001,4,51899,52076,52077,60,60,30,3
637,MVN-J-Slicing-87-001,4,51989,52166,52167,60,60,30,3
637,MVN-J-Slicing-87-001,4,52079,52256,52257,60,60,30,3
637,MVN-J-Slicing-87-001,4,52169,52346,52347,60,60,30,3
637,MVN-J-Slicing-87-001,4,52259,52436,52437,60,60,30,3
637,MVN-J-Slicing-87-001,4,52349,52526,52527,60,60,30,3
637,MVN-J-Slicing-87-001,4,52439,52616,52617,60,60,30,3
637,MVN-J-Slicing-87-001,4,52529,52706,52707,60,60,30,3
637,MVN-J-Slicing-87-001,4,52619,52796,52797,60,60,30,3
637,MVN-J-Slicing-87-001,4,52799,52802,52803,2,60,30,3
638,MVN-J-Slicing-87-001,5,52803,52862,52863,60,60,20,1
638,MVN-J-Slicing-87-001,5,52823,52882,52883,60,60,20,1
638,MVN-J-Slicing-87-001,5,52843,52902,52903,60,60,20,1
638,MVN-J-Slicing-87-001,5,52863,52922,52923,60,60,20,1
638,MVN-J-Slicing-87-001,5,52883,52942,52943,60,60,20,1
638,MVN-J-Slicing-87-001,5,52903,52962,52963,60,60,20,1
638,MVN-J-Slicing-87-001,5,52923,52982,52983,60,60,20,1
638,MVN-J-Slicing-87-001,5,52943,53002,53003,60,60,20,1
638,MVN-J-Slicing-87-001,5,52963,53022,53023,60,60,20,1
638,MVN-J-Slicing-87-001,5,52983,53042,53043,60,60,20,1
638,MVN-J-Slicing-87-001,5,53003,53062,53063,60,60,20,1
638,MVN-J-Slicing-87-001,5,53023,53082,53083,60,60,20,1
638,MVN-J-Slicing-87-001,5,53043,53102,53103,60,60,20,1
638,MVN-J-Slicing-87-001,5,53063,53122,53123,60,60,20,1
638,MVN-J-Slicing-87-001,5,53083,53142,53143,60,60,20,1
638,MVN-J-Slicing-87-001,5,53103,53162,53163,60,60,20,1
638,MVN-J-Slicing-87-001,5,53123,53182,53183,60,60,20,1
638,MVN-J-Slicing-87-001,5,53143,53202,53203,60,60,20,1
638,MVN-J-Slicing-87-001,5,53163,53222,53223,60,60,20,1
638,MVN-J-Slicing-87-001,5,53223,53232,53233,10,60,20,1
639,MVN-J-Slicing-87-001,4,53233,53410,53411,60,60,30,3
639,MVN-J-Slicing-87-001,4,53323,53500,53501,60,60,30,3
639,MVN-J-Slicing-87-001,4,53503,53536,53537,12,60,30,3
640,MVN-J-Slicing-87-001,7,53539,53585,53586,47,60,20,1
641,MVN-J-Slicing-87-001,4,53586,53763,53764,60,60,30,3
641,MVN-J-Slicing-87-001,4,53676,53853,53854,60,60,30,3
641,MVN-J-Slicing-87-001,4,53766,53943,53944,60,60,30,3
641,MVN-J-Slicing-87-001,4,53856,54033,54034,60,60,30,3
641,MVN-J-Slicing-87-001,4,53946,54123,54124,60,60,30,3
641,MVN-J-Slicing-87-001,4,54036,54213,54214,60,60,30,3
641,MVN-J-Slicing-87-001,4,54126,54303,54304,60,60,30,3
641,MVN-J-Slicing-87-001,4,54216,54393,54394,60,60,30,3
641,MVN-J-Slicing-87-001,4,54396,54429,54430,12,60,30,3
642,MVN-J-Slicing-87-001,8,54431,54513,54514,42,60,20,2
643,MVN-J-Slicing-87-001,3,54514,54632,54633,60,60,30,2
643,MVN-J-Slicing-87-001,3,54574,54692,54693,60,60,30,2
643,MVN-J-Slicing-87-001,3,54694,54718,54719,13,60,30,2
644,MVN-S-Boning-63-001,4,0,177,178,60,60,30,3
644,MVN-S-Boning-63-001,4,90,267,268,60,60,30,3
644,MVN-S-Boning-63-001,4,180,357,358,60,60,30,3
644,MVN-S-Boning-63-001,4,270,447,448,60,60,30,3
644,MVN-S-Boning-63-001,4,360,537,538,60,60,30,3
644,MVN-S-Boning-63-001,4,450,627,628,60,60,30,3
644,MVN-S-Boning-63-001,4,540,717,718,60,60,30,3
644,MVN-S-Boning-63-001,4,630,807,808,60,60,30,3
644,MVN-S-Boning-63-001,4,720,897,898,60,60,30,3
644,MVN-S-Boning-63-001,4,810,987,988,60,60,30,3
644,MVN-S-Boning-63-001,4,900,1077,1078,60,60,30,3
644,MVN-S-Boning-63-001,4,990,1167,1168,60,60,30,3
644,MVN-S-Boning-63-001,4,1080,1257,1258,60,60,30,3
644,MVN-S-Boning-63-001,4,1170,1347,1348,60,60,30,3
644,MVN-S-Boning-63-001,4,1350,1365,1366,6,60,30,3
645,MVN-S-Boning-63-001,8,1366,1484,1485,60,60,20,2
645,MVN-S-Boning-63-001,8,1486,1508,1509,12,60,20,2
646,MVN-S-Boning-63-001,1,1510,1628,1629,60,60,30,2
646,MVN-S-Boning-63-001,1,1570,1688,1689,60,60,30,2
646,MVN-S-Boning-63-001,1,1630,1748,1749,60,60,30,2
646,MVN-S-Boning-63-001,1,1690,1808,1809,60,60,30,2
646,MVN-S-Boning-63-001,1,1750,1868,1869,60,60,30,2
646,MVN-S-Boning-63-001,1,1810,1928,1929,60,60,30,2
646,MVN-S-Boning-63-001,1,1870,1988,1989,60,60,30,2
646,MVN-S-Boning-63-001,1,1990,2046,2047,29,60,30,2
647,MVN-S-Boning-63-001,2,2047,2165,2166,60,60,30,2
647,MVN-S-Boning-63-001,2,2107,2225,2226,60,60,30,2
647,MVN-S-Boning-63-001,2,2167,2285,2286,60,60,30,2
647,MVN-S-Boning-63-001,2,2227,2345,2346,60,60,30,2
647,MVN-S-Boning-63-001,2,2287,2405,2406,60,60,30,2
647,MVN-S-Boning-63-001,2,2347,2465,2466,60,60,30,2
647,MVN-S-Boning-63-001,2,2407,2525,2526,60,60,30,2
647,MVN-S-Boning-63-001,2,2467,2585,2586,60,60,30,2
647,MVN-S-Boning-63-001,2,2527,2645,2646,60,60,30,2
647,MVN-S-Boning-63-001,2,2587,2705,2706,60,60,30,2
647,MVN-S-Boning-63-001,2,2647,2765,2766,60,60,30,2
647,MVN-S-Boning-63-001,2,2707,2825,2826,60,60,30,2
647,MVN-S-Boning-63-001,2,2767,2885,2886,60,60,30,2
647,MVN-S-Boning-63-001,2,2827,2945,2946,60,60,30,2
647,MVN-S-Boning-63-001,2,2887,3005,3006,60,60,30,2
647,MVN-S-Boning-63-001,2,3007,3043,3044,19,60,30,2
648,MVN-S-Boning-63-001,0,3045,3163,3164,60,60,30,2
648,MVN-S-Boning-63-001,0,3105,3223,3224,60,60,30,2
648,MVN-S-Boning-63-001,0,3165,3283,3284,60,60,30,2
648,MVN-S-Boning-63-001,0,3225,3343,3344,60,60,30,2
648,MVN-S-Boning-63-001,0,3285,3403,3404,60,60,30,2
648,MVN-S-Boning-63-001,0,3345,3463,3464,60,60,30,2
648,MVN-S-Boning-63-001,0,3405,3523,3524,60,60,30,2
648,MVN-S-Boning-63-001,0,3465,3583,3584,60,60,30,2
648,MVN-S-Boning-63-001,0,3525,3643,3644,60,60,30,2
648,MVN-S-Boning-63-001,0,3585,3703,3704,60,60,30,2
648,MVN-S-Boning-63-001,0,3645,3763,3764,60,60,30,2
648,MVN-S-Boning-63-001,0,3705,3823,3824,60,60,30,2
648,MVN-S-Boning-63-001,0,3765,3883,3884,60,60,30,2
648,MVN-S-Boning-63-001,0,3825,3943,3944,60,60,30,2
648,MVN-S-Boning-63-001,0,3885,4003,4004,60,60,30,2
648,MVN-S-Boning-63-001,0,3945,4063,4064,60,60,30,2
648,MVN-S-Boning-63-001,0,4005,4123,4124,60,60,30,2
648,MVN-S-Boning-63-001,0,4065,4183,4184,60,60,30,2
648,MVN-S-Boning-63-001,0,4125,4243,4244,60,60,30,2
648,MVN-S-Boning-63-001,0,4185,4303,4304,60,60,30,2
648,MVN-S-Boning-63-001,0,4245,4363,4364,60,60,30,2
648,MVN-S-Boning-63-001,0,4305,4423,4424,60,60,30,2
648,MVN-S-Boning-63-001,0,4365,4483,4484,60,60,30,2
648,MVN-S-Boning-63-001,0,4425,4543,4544,60,60,30,2
648,MVN-S-Boning-63-001,0,4485,4603,4604,60,60,30,2
648,MVN-S-Boning-63-001,0,4545,4663,4664,60,60,30,2
648,MVN-S-Boning-63-001,0,4605,4723,4724,60,60,30,2
648,MVN-S-Boning-63-001,0,4665,4783,4784,60,60,30,2
648,MVN-S-Boning-63-001,0,4725,4843,4844,60,60,30,2
648,MVN-S-Boning-63-001,0,4785,4903,4904,60,60,30,2
648,MVN-S-Boning-63-001,0,4845,4963,4964,60,60,30,2
648,MVN-S-Boning-63-001,0,4905,5023,5024,60,60,30,2
648,MVN-S-Boning-63-001,0,4965,5083,5084,60,60,30,2
648,MVN-S-Boning-63-001,0,5085,5103,5104,10,60,30,2
649,MVN-S-Boning-63-002,3,0,82,83,42,60,30,2
650,MVN-S-Boning-63-002,4,83,260,261,60,60,30,3
650,MVN-S-Boning-63-002,4,173,350,351,60,60,30,3
650,MVN-S-Boning-63-002,4,263,440,441,60,60,30,3
650,MVN-S-Boning-63-002,4,353,530,531,60,60,30,3
650,MVN-S-Boning-63-002,4,443,620,621,60,60,30,3
650,MVN-S-Boning-63-002,4,533,710,711,60,60,30,3
650,MVN-S-Boning-63-002,4,623,800,801,60,60,30,3
650,MVN-S-Boning-63-002,4,713,890,891,60,60,30,3
650,MVN-S-Boning-63-002,4,803,980,981,60,60,30,3
650,MVN-S-Boning-63-002,4,893,1070,1071,60,60,30,3
650,MVN-S-Boning-63-002,4,983,1160,1161,60,60,30,3
650,MVN-S-Boning-63-002,4,1073,1250,1251,60,60,30,3
650,MVN-S-Boning-63-002,4,1163,1340,1341,60,60,30,3
650,MVN-S-Boning-63-002,4,1253,1430,1431,60,60,30,3
650,MVN-S-Boning-63-002,4,1343,1520,1521,60,60,30,3
650,MVN-S-Boning-63-002,4,1433,1610,1611,60,60,30,3
650,MVN-S-Boning-63-002,4,1523,1700,1701,60,60,30,3
650,MVN-S-Boning-63-002,4,1703,1772,1773,24,60,30,3
651,MVN-S-Boning-63-002,1,1773,1891,1892,60,60,30,2
651,MVN-S-Boning-63-002,1,1833,1951,1952,60,60,30,2
651,MVN-S-Boning-63-002,1,1953,1961,1962,5,60,30,2
652,MVN-S-Boning-63-002,2,1962,2080,2081,60,60,30,2
652,MVN-S-Boning-63-002,2,2022,2140,2141,60,60,30,2
652,MVN-S-Boning-63-002,2,2142,2154,2155,7,60,30,2
653,MVN-S-Boning-63-002,3,2155,2223,2224,35,60,30,2
654,MVN-S-Boning-63-002,4,2225,2402,2403,60,60,30,3
654,MVN-S-Boning-63-002,4,2315,2492,2493,60,60,30,3
654,MVN-S-Boning-63-002,4,2405,2582,2583,60,60,30,3
654,MVN-S-Boning-63-002,4,2495,2672,2673,60,60,30,3
654,MVN-S-Boning-63-002,4,2585,2762,2763,60,60,30,3
654,MVN-S-Boning-63-002,4,2675,2852,2853,60,60,30,3
654,MVN-S-Boning-63-002,4,2765,2942,2943,60,60,30,3
654,MVN-S-Boning-63-002,4,2855,3032,3033,60,60,30,3
654,MVN-S-Boning-63-002,4,2945,3122,3123,60,60,30,3
654,MVN-S-Boning-63-002,4,3035,3212,3213,60,60,30,3
654,MVN-S-Boning-63-002,4,3125,3302,3303,60,60,30,3
654,MVN-S-Boning-63-002,4,3215,3392,3393,60,60,30,3
654,MVN-S-Boning-63-002,4,3395,3404,3405,4,60,30,3
655,MVN-S-Boning-63-002,8,3405,3435,3436,16,60,20,2
656,MVN-S-Boning-63-002,2,3436,3554,3555,60,60,30,2
656,MVN-S-Boning-63-002,2,3556,3596,3597,21,60,30,2
657,MVN-S-Boning-63-002,3,3597,3715,3716,60,60,30,2
657,MVN-S-Boning-63-002,3,3657,3775,3776,60,60,30,2
657,MVN-S-Boning-63-002,3,3717,3835,3836,60,60,30,2
657,MVN-S-Boning-63-002,3,3837,3879,3880,22,60,30,2
658,MVN-S-Boning-63-002,4,3880,4057,4058,60,60,30,3
658,MVN-S-Boning-63-002,4,3970,4147,4148,60,60,30,3
658,MVN-S-Boning-63-002,4,4060,4237,4238,60,60,30,3
658,MVN-S-Boning-63-002,4,4150,4327,4328,60,60,30,3
658,MVN-S-Boning-63-002,4,4240,4417,4418,60,60,30,3
658,MVN-S-Boning-63-002,4,4330,4507,4508,60,60,30,3
658,MVN-S-Boning-63-002,4,4420,4597,4598,60,60,30,3
658,MVN-S-Boning-63-002,4,4510,4687,4688,60,60,30,3
658,MVN-S-Boning-63-002,4,4600,4777,4778,60,60,30,3
658,MVN-S-Boning-63-002,4,4780,4813,4814,12,60,30,3
659,MVN-S-Boning-63-002,8,4815,4913,4914,50,60,20,2
660,MVN-S-Boning-63-002,2,4914,5032,5033,60,60,30,2
660,MVN-S-Boning-63-002,2,4974,5092,5093,60,60,30,2
660,MVN-S-Boning-63-002,2,5094,5120,5121,14,60,30,2
661,MVN-S-Boning-63-002,0,5121,5239,5240,60,60,30,2
661,MVN-S-Boning-63-002,0,5181,5299,5300,60,60,30,2
661,MVN-S-Boning-63-002,0,5241,5359,5360,60,60,30,2
661,MVN-S-Boning-63-002,0,5301,5419,5420,60,60,30,2
661,MVN-S-Boning-63-002,0,5421,5431,5432,6,60,30,2
662,MVN-S-Boning-63-002,3,5432,5468,5469,19,60,30,2
663,MVN-S-Boning-63-002,4,5470,5647,5648,60,60,30,3
663,MVN-S-Boning-63-002,4,5560,5737,5738,60,60,30,3
663,MVN-S-Boning-63-002,4,5650,5827,5828,60,60,30,3
663,MVN-S-Boning-63-002,4,5740,5917,5918,60,60,30,3
663,MVN-S-Boning-63-002,4,5830,6007,6008,60,60,30,3
663,MVN-S-Boning-63-002,4,5920,6097,6098,60,60,30,3
663,MVN-S-Boning-63-002,4,6010,6187,6188,60,60,30,3
663,MVN-S-Boning-63-002,4,6100,6277,6278,60,60,30,3
663,MVN-S-Boning-63-002,4,6190,6367,6368,60,60,30,3
663,MVN-S-Boning-63-002,4,6280,6457,6458,60,60,30,3
663,MVN-S-Boning-63-002,4,6370,6547,6548,60,60,30,3
663,MVN-S-Boning-63-002,4,6460,6637,6638,60,60,30,3
663,MVN-S-Boning-63-002,4,6550,6727,6728,60,60,30,3
663,MVN-S-Boning-63-002,4,6640,6817,6818,60,60,30,3
663,MVN-S-Boning-63-002,4,6730,6907,6908,60,60,30,3
663,MVN-S-Boning-63-002,4,6820,6997,6998,60,60,30,3
663,MVN-S-Boning-63-002,4,6910,7087,7088,60,60,30,3
663,MVN-S-Boning-63-002,4,7090,7141,7142,18,60,30,3
664,MVN-S-Boning-63-002,8,7143,7259,7260,59,60,20,2
665,MVN-S-Boning-63-002,2,7260,7378,7379,60,60,30,2
665,MVN-S-Boning-63-002,2,7320,7438,7439,60,60,30,2
665,MVN-S-Boning-63-002,2,7440,7462,7463,12,60,30,2
666,MVN-S-Boning-63-002,3,7464,7582,7583,60,60,30,2
666,MVN-S-Boning-63-002,3,7584,7610,7611,14,60,30,2
667,MVN-S-Boning-63-002,4,7611,7788,7789,60,60,30,3
667,MVN-S-Boning-63-002,4,7701,7878,7879,60,60,30,3
667,MVN-S-Boning-63-002,4,7791,7968,7969,60,60,30,3
667,MVN-S-Boning-63-002,4,7881,8058,8059,60,60,30,3
667,MVN-S-Boning-63-002,4,7971,8148,8149,60,60,30,3
667,MVN-S-Boning-63-002,4,8061,8238,8239,60,60,30,3
667,MVN-S-Boning-63-002,4,8151,8328,8329,60,60,30,3
667,MVN-S-Boning-63-002,4,8241,8418,8419,60,60,30,3
667,MVN-S-Boning-63-002,4,8331,8508,8509,60,60,30,3
667,MVN-S-Boning-63-002,4,8421,8598,8599,60,60,30,3
667,MVN-S-Boning-63-002,4,8511,8688,8689,60,60,30,3
667,MVN-S-Boning-63-002,4,8601,8778,8779,60,60,30,3
667,MVN-S-Boning-63-002,4,8691,8868,8869,60,60,30,3
667,MVN-S-Boning-63-002,4,8781,8958,8959,60,60,30,3
667,MVN-S-Boning-63-002,4,8871,9048,9049,60,60,30,3
667,MVN-S-Boning-63-002,4,8961,9138,9139,60,60,30,3
667,MVN-S-Boning-63-002,4,9051,9228,9229,60,60,30,3
667,MVN-S-Boning-63-002,4,9141,9318,9319,60,60,30,3
667,MVN-S-Boning-63-002,4,9231,9408,9409,60,60,30,3
667,MVN-S-Boning-63-002,4,9411,9423,9424,5,60,30,3
668,MVN-S-Boning-63-002,8,9425,9513,9514,45,60,20,2
669,MVN-S-Boning-63-003,0,0,118,119,60,60,30,2
669,MVN-S-Boning-63-003,0,60,178,179,60,60,30,2
669,MVN-S-Boning-63-003,0,120,238,239,60,60,30,2
669,MVN-S-Boning-63-003,0,180,298,299,60,60,30,2
669,MVN-S-Boning-63-003,0,240,358,359,60,60,30,2
669,MVN-S-Boning-63-003,0,360,382,383,12,60,30,2
670,MVN-S-Boning-63-003,3,384,456,457,37,60,30,2
671,MVN-S-Boning-63-003,4,458,635,636,60,60,30,3
671,MVN-S-Boning-63-003,4,548,725,726,60,60,30,3
671,MVN-S-Boning-63-003,4,638,815,816,60,60,30,3
671,MVN-S-Boning-63-003,4,728,905,906,60,60,30,3
671,MVN-S-Boning-63-003,4,818,995,996,60,60,30,3
671,MVN-S-Boning-63-003,4,908,1085,1086,60,60,30,3
671,MVN-S-Boning-63-003,4,998,1175,1176,60,60,30,3
671,MVN-S-Boning-63-003,4,1088,1265,1266,60,60,30,3
671,MVN-S-Boning-63-003,4,1178,1355,1356,60,60,30,3
671,MVN-S-Boning-63-003,4,1268,1445,1446,60,60,30,3
671,MVN-S-Boning-63-003,4,1358,1535,1536,60,60,30,3
671,MVN-S-Boning-63-003,4,1448,1625,1626,60,60,30,3
671,MVN-S-Boning-63-003,4,1628,1673,1674,16,60,30,3
672,MVN-S-Boning-63-003,8,1675,1781,1782,54,60,20,2
673,MVN-S-Boning-63-003,2,1782,1900,1901,60,60,30,2
673,MVN-S-Boning-63-003,2,1842,1960,1961,60,60,30,2
673,MVN-S-Boning-63-003,2,1962,1966,1967,3,60,30,2
674,MVN-S-Boning-63-003,3,1968,2086,2087,60,60,30,2
674,MVN-S-Boning-63-003,3,2028,2146,2147,60,60,30,2
674,MVN-S-Boning-63-003,3,2148,2148,2149,1,60,30,2
675,MVN-S-Boning-63-003,4,2149,2326,2327,60,60,30,3
675,MVN-S-Boning-63-003,4,2239,2416,2417,60,60,30,3
675,MVN-S-Boning-63-003,4,2329,2506,2507,60,60,30,3
675,MVN-S-Boning-63-003,4,2419,2596,2597,60,60,30,3
675,MVN-S-Boning-63-003,4,2509,2686,2687,60,60,30,3
675,MVN-S-Boning-63-003,4,2599,2776,2777,60,60,30,3
675,MVN-S-Boning-63-003,4,2689,2866,2867,60,60,30,3
675,MVN-S-Boning-63-003,4,2779,2956,2957,60,60,30,3
675,MVN-S-Boning-63-003,4,2869,3046,3047,60,60,30,3
675,MVN-S-Boning-63-003,4,2959,3136,3137,60,60,30,3
675,MVN-S-Boning-63-003,4,3049,3226,3227,60,60,30,3
675,MVN-S-Boning-63-003,4,3139,3316,3317,60,60,30,3
675,MVN-S-Boning-63-003,4,3229,3406,3407,60,60,30,3
675,MVN-S-Boning-63-003,4,3319,3496,3497,60,60,30,3
675,MVN-S-Boning-63-003,4,3409,3586,3587,60,60,30,3
675,MVN-S-Boning-63-003,4,3499,3676,3677,60,60,30,3
675,MVN-S-Boning-63-003,4,3589,3766,3767,60,60,30,3
675,MVN-S-Boning-63-003,4,3679,3856,3857,60,60,30,3
675,MVN-S-Boning-63-003,4,3769,3946,3947,60,60,30,3
675,MVN-S-Boning-63-003,4,3859,4036,4037,60,60,30,3
675,MVN-S-Boning-63-003,4,3949,4126,4127,60,60,30,3
675,MVN-S-Boning-63-003,4,4039,4216,4217,60,60,30,3
675,MVN-S-Boning-63-003,4,4129,4306,4307,60,60,30,3
675,MVN-S-Boning-63-003,4,4309,4384,4385,26,60,30,3
676,MVN-S-Boning-63-003,8,4385,4503,4504,60,60,20,2
676,MVN-S-Boning-63-003,8,4505,4529,4530,13,60,20,2
677,MVN-S-Boning-63-003,2,4530,4648,4649,60,60,30,2
677,MVN-S-Boning-63-003,2,4590,4708,4709,60,60,30,2
677,MVN-S-Boning-63-003,2,4650,4768,4769,60,60,30,2
677,MVN-S-Boning-63-003,2,4710,4828,4829,60,60,30,2
677,MVN-S-Boning-63-003,2,4770,4888,4889,60,60,30,2
677,MVN-S-Boning-63-003,2,4830,4948,4949,60,60,30,2
677,MVN-S-Boning-63-003,2,4950,4980,4981,16,60,30,2
678,MVN-S-Boning-63-003,0,4982,5100,5101,60,60,30,2
678,MVN-S-Boning-63-003,0,5042,5160,5161,60,60,30,2
678,MVN-S-Boning-63-003,0,5102,5220,5221,60,60,30,2
678,MVN-S-Boning-63-003,0,5162,5280,5281,60,60,30,2
678,MVN-S-Boning-63-003,0,5222,5340,5341,60,60,30,2
678,MVN-S-Boning-63-003,0,5282,5400,5401,60,60,30,2
678,MVN-S-Boning-63-003,0,5342,5460,5461,60,60,30,2
678,MVN-S-Boning-63-003,0,5402,5520,5521,60,60,30,2
678,MVN-S-Boning-63-003,0,5462,5580,5581,60,60,30,2
678,MVN-S-Boning-63-003,0,5522,5640,5641,60,60,30,2
678,MVN-S-Boning-63-003,0,5582,5700,5701,60,60,30,2
678,MVN-S-Boning-63-003,0,5642,5760,5761,60,60,30,2
678,MVN-S-Boning-63-003,0,5702,5820,5821,60,60,30,2
678,MVN-S-Boning-63-003,0,5762,5880,5881,60,60,30,2
678,MVN-S-Boning-63-003,0,5822,5940,5941,60,60,30,2
678,MVN-S-Boning-63-003,0,5882,6000,6001,60,60,30,2
678,MVN-S-Boning-63-003,0,5942,6060,6061,60,60,30,2
678,MVN-S-Boning-63-003,0,6002,6120,6121,60,60,30,2
678,MVN-S-Boning-63-003,0,6062,6180,6181,60,60,30,2
678,MVN-S-Boning-63-003,0,6122,6240,6241,60,60,30,2
678,MVN-S-Boning-63-003,0,6242,6284,6285,22,60,30,2
679,MVN-S-Boning-63-003,3,6285,6403,6404,60,60,30,2
679,MVN-S-Boning-63-003,3,6345,6463,6464,60,60,30,2
679,MVN-S-Boning-63-003,3,6465,6475,6476,6,60,30,2
680,MVN-S-Boning-63-003,4,6476,6653,6654,60,60,30,3
680,MVN-S-Boning-63-003,4,6566,6743,6744,60,60,30,3
680,MVN-S-Boning-63-003,4,6656,6833,6834,60,60,30,3
680,MVN-S-Boning-63-003,4,6746,6923,6924,60,60,30,3
680,MVN-S-Boning-63-003,4,6836,7013,7014,60,60,30,3
680,MVN-S-Boning-63-003,4,6926,7103,7104,60,60,30,3
680,MVN-S-Boning-63-003,4,7016,7193,7194,60,60,30,3
680,MVN-S-Boning-63-003,4,7106,7283,7284,60,60,30,3
680,MVN-S-Boning-63-003,4,7196,7373,7374,60,60,30,3
680,MVN-S-Boning-63-003,4,7286,7463,7464,60,60,30,3
680,MVN-S-Boning-63-003,4,7376,7553,7554,60,60,30,3
680,MVN-S-Boning-63-003,4,7466,7643,7644,60,60,30,3
680,MVN-S-Boning-63-003,4,7556,7733,7734,60,60,30,3
680,MVN-S-Boning-63-003,4,7736,7769,7770,12,60,30,3
681,MVN-S-Boning-63-003,8,7772,7862,7863,46,60,20,2
682,MVN-S-Boning-63-003,2,7864,7982,7983,60,60,30,2
682,MVN-S-Boning-63-003,2,7924,8042,8043,60,60,30,2
682,MVN-S-Boning-63-003,2,8044,8088,8089,23,60,30,2
683,MVN-S-Boning-63-003,3,8090,8168,8169,40,60,30,2
684,MVN-S-Boning-63-003,4,8169,8346,8347,60,60,30,3
684,MVN-S-Boning-63-003,4,8259,8436,8437,60,60,30,3
684,MVN-S-Boning-63-003,4,8349,8526,8527,60,60,30,3
684,MVN-S-Boning-63-003,4,8439,8616,8617,60,60,30,3
684,MVN-S-Boning-63-003,4,8529,8706,8707,60,60,30,3
684,MVN-S-Boning-63-003,4,8619,8796,8797,60,60,30,3
684,MVN-S-Boning-63-003,4,8709,8886,8887,60,60,30,3
684,MVN-S-Boning-63-003,4,8799,8976,8977,60,60,30,3
684,MVN-S-Boning-63-003,4,8889,9066,9067,60,60,30,3
684,MVN-S-Boning-63-003,4,8979,9156,9157,60,60,30,3
684,MVN-S-Boning-63-003,4,9069,9246,9247,60,60,30,3
684,MVN-S-Boning-63-003,4,9159,9336,9337,60,60,30,3
684,MVN-S-Boning-63-003,4,9249,9426,9427,60,60,30,3
684,MVN-S-Boning-63-003,4,9339,9516,9517,60,60,30,3
684,MVN-S-Boning-63-003,4,9429,9606,9607,60,60,30,3
684,MVN-S-Boning-63-003,4,9519,9696,9697,60,60,30,3
684,MVN-S-Boning-63-003,4,9609,9786,9787,60,60,30,3
684,MVN-S-Boning-63-003,4,9699,9876,9877,60,60,30,3
684,MVN-S-Boning-63-003,4,9789,9966,9967,60,60,30,3
684,MVN-S-Boning-63-003,4,9879,10056,10057,60,60,30,3
684,MVN-S-Boning-63-003,4,9969,10146,10147,60,60,30,3
684,MVN-S-Boning-63-003,4,10059,10236,10237,60,60,30,3
684,MVN-S-Boning-63-003,4,10149,10326,10327,60,60,30,3
684,MVN-S-Boning-63-003,4,10239,10416,10417,60,60,30,3
684,MVN-S-Boning-63-003,4,10329,10506,10507,60,60,30,3
684,MVN-S-Boning-63-003,4,10419,10596,10597,60,60,30,3
684,MVN-S-Boning-63-003,4,10509,10686,10687,60,60,30,3
684,MVN-S-Boning-63-003,4,10599,10776,10777,60,60,30,3
684,MVN-S-Boning-63-003,4,10689,10866,10867,60,60,30,3
684,MVN-S-Boning-63-003,4,10779,10956,10957,60,60,30,3
684,MVN-S-Boning-63-003,4,10869,11046,11047,60,60,30,3
684,MVN-S-Boning-63-003,4,10959,11136,11137,60,60,30,3
684,MVN-S-Boning-63-003,4,11139,11214,11215,26,60,30,3
685,MVN-S-Boning-63-003,8,11216,11308,11309,47,60,20,2
686,MVN-S-Boning-63-003,1,11309,11427,11428,60,60,30,2
686,MVN-S-Boning-63-003,1,11429,11463,11464,18,60,30,2
687,MVN-S-Boning-63-003,2,11465,11583,11584,60,60,30,2
687,MVN-S-Boning-63-003,2,11585,11585,11586,1,60,30,2
688,MVN-S-Boning-63-003,3,11586,11662,11663,39,60,30,2
689,MVN-S-Boning-63-003,4,11664,11841,11842,60,60,30,3
689,MVN-S-Boning-63-003,4,11754,11931,11932,60,60,30,3
689,MVN-S-Boning-63-003,4,11844,12021,12022,60,60,30,3
689,MVN-S-Boning-63-003,4,11934,12111,12112,60,60,30,3
689,MVN-S-Boning-63-003,4,12024,12201,12202,60,60,30,3
689,MVN-S-Boning-63-003,4,12114,12291,12292,60,60,30,3
689,MVN-S-Boning-63-003,4,12204,12381,12382,60,60,30,3
689,MVN-S-Boning-63-003,4,12294,12471,12472,60,60,30,3
689,MVN-S-Boning-63-003,4,12384,12561,12562,60,60,30,3
689,MVN-S-Boning-63-003,4,12474,12651,12652,60,60,30,3
689,MVN-S-Boning-63-003,4,12564,12741,12742,60,60,30,3
689,MVN-S-Boning-63-003,4,12654,12831,12832,60,60,30,3
689,MVN-S-Boning-63-003,4,12744,12921,12922,60,60,30,3
689,MVN-S-Boning-63-003,4,12834,13011,13012,60,60,30,3
689,MVN-S-Boning-63-003,4,12924,13101,13102,60,60,30,3
689,MVN-S-Boning-63-003,4,13014,13191,13192,60,60,30,3
689,MVN-S-Boning-63-003,4,13104,13281,13282,60,60,30,3
689,MVN-S-Boning-63-003,4,13194,13371,13372,60,60,30,3
689,MVN-S-Boning-63-003,4,13284,13461,13462,60,60,30,3
689,MVN-S-Boning-63-003,4,13374,13551,13552,60,60,30,3
689,MVN-S-Boning-63-003,4,13464,13641,13642,60,60,30,3
689,MVN-S-Boning-63-003,4,13554,13731,13732,60,60,30,3
689,MVN-S-Boning-63-003,4,13644,13821,13822,60,60,30,3
689,MVN-S-Boning-63-003,4,13824,13887,13888,22,60,30,3
690,MVN-S-Boning-63-003,8,13889,13973,13974,43,60,20,2
691,MVN-S-Boning-63-003,1,13975,14071,14072,49,60,30,2
692,MVN-S-Boning-63-003,4,14073,14250,14251,60,60,30,3
692,MVN-S-Boning-63-003,4,14163,14340,14341,60,60,30,3
692,MVN-S-Boning-63-003,4,14253,14430,14431,60,60,30,3
692,MVN-S-Boning-63-003,4,14343,14520,14521,60,60,30,3
692,MVN-S-Boning-63-003,4,14433,14610,14611,60,60,30,3
692,MVN-S-Boning-63-003,4,14523,14700,14701,60,60,30,3
692,MVN-S-Boning-63-003,4,14613,14790,14791,60,60,30,3
692,MVN-S-Boning-63-003,4,14703,14880,14881,60,60,30,3
692,MVN-S-Boning-63-003,4,14793,14970,14971,60,60,30,3
692,MVN-S-Boning-63-003,4,14883,15060,15061,60,60,30,3
692,MVN-S-Boning-63-003,4,14973,15150,15151,60,60,30,3
692,MVN-S-Boning-63-003,4,15063,15240,15241,60,60,30,3
692,MVN-S-Boning-63-003,4,15153,15330,15331,60,60,30,3
692,MVN-S-Boning-63-003,4,15243,15420,15421,60,60,30,3
692,MVN-S-Boning-63-003,4,15333,15510,15511,60,60,30,3
692,MVN-S-Boning-63-003,4,15423,15600,15601,60,60,30,3
692,MVN-S-Boning-63-003,4,15513,15690,15691,60,60,30,3
692,MVN-S-Boning-63-003,4,15603,15780,15781,60,60,30,3
692,MVN-S-Boning-63-003,4,15693,15870,15871,60,60,30,3
692,MVN-S-Boning-63-003,4,15783,15960,15961,60,60,30,3
692,MVN-S-Boning-63-003,4,15873,16050,16051,60,60,30,3
692,MVN-S-Boning-63-003,4,15963,16140,16141,60,60,30,3
692,MVN-S-Boning-63-003,4,16053,16230,16231,60,60,30,3
692,MVN-S-Boning-63-003,4,16143,16320,16321,60,60,30,3
692,MVN-S-Boning-63-003,4,16233,16410,16411,60,60,30,3
692,MVN-S-Boning-63-003,4,16323,16500,16501,60,60,30,3
692,MVN-S-Boning-63-003,4,16503,16575,16576,25,60,30,3
693,MVN-S-Boning-63-003,1,16577,16663,16664,44,60,30,2
694,MVN-S-Boning-63-003,2,16665,16783,16784,60,60,30,2
694,MVN-S-Boning-63-003,2,16785,16805,16806,11,60,30,2
695,MVN-S-Boning-63-003,3,16806,16852,16853,24,60,30,2
696,MVN-S-Boning-63-003,4,16853,17030,17031,60,60,30,3
696,MVN-S-Boning-63-003,4,16943,17120,17121,60,60,30,3
696,MVN-S-Boning-63-003,4,17033,17210,17211,60,60,30,3
696,MVN-S-Boning-63-003,4,17123,17300,17301,60,60,30,3
696,MVN-S-Boning-63-003,4,17213,17390,17391,60,60,30,3
696,MVN-S-Boning-63-003,4,17303,17480,17481,60,60,30,3
696,MVN-S-Boning-63-003,4,17393,17570,17571,60,60,30,3
696,MVN-S-Boning-63-003,4,17483,17660,17661,60,60,30,3
696,MVN-S-Boning-63-003,4,17573,17750,17751,60,60,30,3
696,MVN-S-Boning-63-003,4,17663,17840,17841,60,60,30,3
696,MVN-S-Boning-63-003,4,17753,17930,17931,60,60,30,3
696,MVN-S-Boning-63-003,4,17843,18020,18021,60,60,30,3
696,MVN-S-Boning-63-003,4,17933,18110,18111,60,60,30,3
696,MVN-S-Boning-63-003,4,18113,18179,18180,23,60,30,3
697,MVN-S-Boning-63-003,8,18182,18300,18301,60,60,20,2
697,MVN-S-Boning-63-003,8,18222,18340,18341,60,60,20,2
697,MVN-S-Boning-63-003,8,18262,18380,18381,60,60,20,2
698,MVN-S-Boning-63-003,1,18382,18500,18501,60,60,30,2
698,MVN-S-Boning-63-003,1,18502,18502,18503,1,60,30,2
699,MVN-S-Boning-63-003,0,18504,18622,18623,60,60,30,2
699,MVN-S-Boning-63-003,0,18564,18682,18683,60,60,30,2
699,MVN-S-Boning-63-003,0,18624,18742,18743,60,60,30,2
699,MVN-S-Boning-63-003,0,18744,18776,18777,17,60,30,2
700,MVN-S-Boning-76-001,4,0,177,178,60,60,30,3
700,MVN-S-Boning-76-001,4,90,267,268,60,60,30,3
700,MVN-S-Boning-76-001,4,180,357,358,60,60,30,3
700,MVN-S-Boning-76-001,4,270,447,448,60,60,30,3
700,MVN-S-Boning-76-001,4,360,537,538,60,60,30,3
700,MVN-S-Boning-76-001,4,450,627,628,60,60,30,3
700,MVN-S-Boning-76-001,4,540,717,718,60,60,30,3
700,MVN-S-Boning-76-001,4,630,807,808,60,60,30,3
700,MVN-S-Boning-76-001,4,720,897,898,60,60,30,3
700,MVN-S-Boning-76-001,4,810,987,988,60,60,30,3
700,MVN-S-Boning-76-001,4,990,1050,1051,21,60,30,3
701,MVN-S-Boning-76-001,8,1053,1171,1172,60,60,20,2
701,MVN-S-Boning-76-001,8,1173,1175,1176,2,60,20,2
702,MVN-S-Boning-76-001,1,1176,1294,1295,60,60,30,2
702,MVN-S-Boning-76-001,1,1236,1354,1355,60,60,30,2
702,MVN-S-Boning-76-001,1,1296,1414,1415,60,60,30,2
702,MVN-S-Boning-76-001,1,1356,1474,1475,60,60,30,2
702,MVN-S-Boning-76-001,1,1476,1486,1487,6,60,30,2
703,MVN-S-Boning-76-001,0,1488,1606,1607,60,60,30,2
703,MVN-S-Boning-76-001,0,1548,1666,1667,60,60,30,2
703,MVN-S-Boning-76-001,0,1608,1726,1727,60,60,30,2
703,MVN-S-Boning-76-001,0,1668,1786,1787,60,60,30,2
703,MVN-S-Boning-76-001,0,1788,1828,1829,21,60,30,2
704,MVN-S-Boning-76-001,2,1830,1948,1949,60,60,30,2
704,MVN-S-Boning-76-001,2,1890,2008,2009,60,60,30,2
704,MVN-S-Boning-76-001,2,1950,2068,2069,60,60,30,2
704,MVN-S-Boning-76-001,2,2010,2128,2129,60,60,30,2
704,MVN-S-Boning-76-001,2,2070,2188,2189,60,60,30,2
704,MVN-S-Boning-76-001,2,2130,2248,2249,60,60,30,2
704,MVN-S-Boning-76-001,2,2190,2308,2309,60,60,30,2
704,MVN-S-Boning-76-001,2,2250,2368,2369,60,60,30,2
704,MVN-S-Boning-76-001,2,2310,2428,2429,60,60,30,2
704,MVN-S-Boning-76-001,2,2370,2488,2489,60,60,30,2
704,MVN-S-Boning-76-001,2,2430,2548,2549,60,60,30,2
704,MVN-S-Boning-76-001,2,2550,2554,2555,3,60,30,2
705,MVN-S-Boning-76-001,0,2555,2673,2674,60,60,30,2
705,MVN-S-Boning-76-001,0,2615,2733,2734,60,60,30,2
705,MVN-S-Boning-76-001,0,2675,2793,2794,60,60,30,2
705,MVN-S-Boning-76-001,0,2735,2853,2854,60,60,30,2
705,MVN-S-Boning-76-001,0,2795,2913,2914,60,60,30,2
705,MVN-S-Boning-76-001,0,2855,2973,2974,60,60,30,2
705,MVN-S-Boning-76-001,0,2915,3033,3034,60,60,30,2
705,MVN-S-Boning-76-001,0,3035,3053,3054,10,60,30,2
706,MVN-S-Boning-76-001,1,3054,3172,3173,60,60,30,2
706,MVN-S-Boning-76-001,1,3114,3232,3233,60,60,30,2
706,MVN-S-Boning-76-001,1,3174,3292,3293,60,60,30,2
706,MVN-S-Boning-76-001,1,3234,3352,3353,60,60,30,2
707,MVN-S-Boning-76-001,3,3354,3394,3395,21,60,30,2
708,MVN-S-Boning-76-001,4,3396,3573,3574,60,60,30,3
708,MVN-S-Boning-76-001,4,3486,3663,3664,60,60,30,3
708,MVN-S-Boning-76-001,4,3576,3753,3754,60,60,30,3
708,MVN-S-Boning-76-001,4,3666,3843,3844,60,60,30,3
708,MVN-S-Boning-76-001,4,3756,3933,3934,60,60,30,3
708,MVN-S-Boning-76-001,4,3846,4023,4024,60,60,30,3
708,MVN-S-Boning-76-001,4,3936,4113,4114,60,60,30,3
708,MVN-S-Boning-76-001,4,4026,4203,4204,60,60,30,3
708,MVN-S-Boning-76-001,4,4116,4293,4294,60,60,30,3
708,MVN-S-Boning-76-001,4,4206,4383,4384,60,60,30,3
708,MVN-S-Boning-76-001,4,4296,4473,4474,60,60,30,3
708,MVN-S-Boning-76-001,4,4386,4563,4564,60,60,30,3
708,MVN-S-Boning-76-001,4,4476,4653,4654,60,60,30,3
708,MVN-S-Boning-76-001,4,4566,4743,4744,60,60,30,3
708,MVN-S-Boning-76-001,4,4656,4833,4834,60,60,30,3
708,MVN-S-Boning-76-001,4,4746,4923,4924,60,60,30,3
708,MVN-S-Boning-76-001,4,4836,5013,5014,60,60,30,3
708,MVN-S-Boning-76-001,4,4926,5103,5104,60,60,30,3
708,MVN-S-Boning-76-001,4,5016,5193,5194,60,60,30,3
708,MVN-S-Boning-76-001,4,5106,5283,5284,60,60,30,3
708,MVN-S-Boning-76-001,4,5196,5373,5374,60,60,30,3
708,MVN-S-Boning-76-001,4,5286,5463,5464,60,60,30,3
708,MVN-S-Boning-76-001,4,5376,5553,5554,60,60,30,3
708,MVN-S-Boning-76-001,4,5466,5643,5644,60,60,30,3
708,MVN-S-Boning-76-001,4,5556,5733,5734,60,60,30,3
708,MVN-S-Boning-76-001,4,5646,5823,5824,60,60,30,3
708,MVN-S-Boning-76-001,4,5736,5913,5914,60,60,30,3
708,MVN-S-Boning-76-001,4,5826,6003,6004,60,60,30,3
708,MVN-S-Boning-76-001,4,5916,6093,6094,60,60,30,3
708,MVN-S-Boning-76-001,4,6006,6183,6184,60,60,30,3
708,MVN-S-Boning-76-001,4,6096,6273,6274,60,60,30,3
708,MVN-S-Boning-76-001,4,6186,6363,6364,60,60,30,3
708,MVN-S-Boning-76-001,4,6366,6375,6376,4,60,30,3
709,MVN-S-Boning-76-001,1,6377,6485,6486,55,60,30,2
710,MVN-S-Boning-76-001,4,6486,6588,6589,35,60,30,3
711,MVN-S-Boning-76-001,8,6590,6708,6709,60,60,20,2
711,MVN-S-Boning-76-001,8,6710,6728,6729,10,60,20,2
712,MVN-S-Boning-76-001,2,6730,6848,6849,60,60,30,2
712,MVN-S-Boning-76-001,2,6790,6908,6909,60,60,30,2
712,MVN-S-Boning-76-001,2,6850,6968,6969,60,60,30,2
712,MVN-S-Boning-76-001,2,6910,7028,7029,60,60,30,2
712,MVN-S-Boning-76-001,2,6970,7088,7089,60,60,30,2
712,MVN-S-Boning-76-001,2,7090,7122,7123,17,60,30,2
713,MVN-S-Boning-76-001,0,7123,7241,7242,60,60,30,2
713,MVN-S-Boning-76-001,0,7183,7301,7302,60,60,30,2
713,MVN-S-Boning-76-001,0,7243,7361,7362,60,60,30,2
713,MVN-S-Boning-76-001,0,7303,7421,7422,60,60,30,2
713,MVN-S-Boning-76-001,0,7363,7481,7482,60,60,30,2
713,MVN-S-Boning-76-001,0,7423,7541,7542,60,60,30,2
713,MVN-S-Boning-76-001,0,7483,7601,7602,60,60,30,2
713,MVN-S-Boning-76-001,0,7543,7661,7662,60,60,30,2
713,MVN-S-Boning-76-001,0,7603,7721,7722,60,60,30,2
713,MVN-S-Boning-76-001,0,7663,7781,7782,60,60,30,2
713,MVN-S-Boning-76-001,0,7723,7841,7842,60,60,30,2
713,MVN-S-Boning-76-001,0,7843,7889,7890,24,60,30,2
714,MVN-S-Boning-76-001,3,7890,7954,7955,33,60,30,2
715,MVN-S-Boning-76-001,4,7955,8132,8133,60,60,30,3
715,MVN-S-Boning-76-001,4,8045,8222,8223,60,60,30,3
715,MVN-S-Boning-76-001,4,8135,8312,8313,60,60,30,3
715,MVN-S-Boning-76-001,4,8225,8402,8403,60,60,30,3
715,MVN-S-Boning-76-001,4,8315,8492,8493,60,60,30,3
715,MVN-S-Boning-76-001,4,8405,8582,8583,60,60,30,3
715,MVN-S-Boning-76-001,4,8495,8672,8673,60,60,30,3
715,MVN-S-Boning-76-001,4,8585,8762,8763,60,60,30,3
715,MVN-S-Boning-76-001,4,8675,8852,8853,60,60,30,3
715,MVN-S-Boning-76-001,4,8765,8942,8943,60,60,30,3
715,MVN-S-Boning-76-001,4,8855,9032,9033,60,60,30,3
715,MVN-S-Boning-76-001,4,8945,9122,9123,60,60,30,3
715,MVN-S-Boning-76-001,4,9035,9212,9213,60,60,30,3
715,MVN-S-Boning-76-001,4,9125,9302,9303,60,60,30,3
715,MVN-S-Boning-76-001,4,9305,9383,9384,27,60,30,3
716,MVN-S-Boning-76-001,8,9385,9503,9504,60,60,20,2
716,MVN-S-Boning-76-001,8,9425,9543,9544,60,60,20,2
716,MVN-S-Boning-76-001,8,9545,9545,9546,1,60,20,2
717,MVN-S-Boning-76-001,0,9546,9664,9665,60,60,30,2
717,MVN-S-Boning-76-001,0,9666,9674,9675,5,60,30,2
718,MVN-S-Boning-76-001,2,9676,9794,9795,60,60,30,2
718,MVN-S-Boning-76-001,2,9796,9834,9835,20,60,30,2
719,MVN-S-Boning-76-001,0,9836,9954,9955,60,60,30,2
719,MVN-S-Boning-76-001,0,9896,10014,10015,60,60,30,2
719,MVN-S-Boning-76-001,0,9956,10074,10075,60,60,30,2
719,MVN-S-Boning-76-001,0,10016,10134,10135,60,60,30,2
719,MVN-S-Boning-76-001,0,10076,10194,10195,60,60,30,2
719,MVN-S-Boning-76-001,0,10136,10254,10255,60,60,30,2
719,MVN-S-Boning-76-001,0,10196,10314,10315,60,60,30,2
719,MVN-S-Boning-76-001,0,10256,10374,10375,60,60,30,2
719,MVN-S-Boning-76-001,0,10316,10434,10435,60,60,30,2
719,MVN-S-Boning-76-001,0,10436,10462,10463,14,60,30,2
720,MVN-S-Boning-76-001,1,10464,10582,10583,60,60,30,2
720,MVN-S-Boning-76-001,1,10584,10604,10605,11,60,30,2
721,MVN-S-Boning-76-001,3,10605,10667,10668,32,60,30,2
722,MVN-S-Boning-76-001,4,10669,10846,10847,60,60,30,3
722,MVN-S-Boning-76-001,4,10759,10936,10937,60,60,30,3
722,MVN-S-Boning-76-001,4,10849,11026,11027,60,60,30,3
722,MVN-S-Boning-76-001,4,10939,11116,11117,60,60,30,3
722,MVN-S-Boning-76-001,4,11029,11206,11207,60,60,30,3
722,MVN-S-Boning-76-001,4,11119,11296,11297,60,60,30,3
722,MVN-S-Boning-76-001,4,11209,11386,11387,60,60,30,3
722,MVN-S-Boning-76-001,4,11299,11476,11477,60,60,30,3
722,MVN-S-Boning-76-001,4,11389,11566,11567,60,60,30,3
722,MVN-S-Boning-76-001,4,11479,11656,11657,60,60,30,3
722,MVN-S-Boning-76-001,4,11569,11746,11747,60,60,30,3
722,MVN-S-Boning-76-001,4,11659,11836,11837,60,60,30,3
722,MVN-S-Boning-76-001,4,11749,11926,11927,60,60,30,3
722,MVN-S-Boning-76-001,4,11839,12016,12017,60,60,30,3
722,MVN-S-Boning-76-001,4,11929,12106,12107,60,60,30,3
722,MVN-S-Boning-76-001,4,12019,12196,12197,60,60,30,3
722,MVN-S-Boning-76-001,4,12109,12286,12287,60,60,30,3
722,MVN-S-Boning-76-001,4,12199,12376,12377,60,60,30,3
722,MVN-S-Boning-76-001,4,12379,12442,12443,22,60,30,3
723,MVN-S-Boning-76-001,8,12443,12561,12562,60,60,20,2
723,MVN-S-Boning-76-001,8,12483,12601,12602,60,60,20,2
723,MVN-S-Boning-76-001,8,12523,12641,12642,60,60,20,2
723,MVN-S-Boning-76-001,8,12563,12681,12682,60,60,20,2
723,MVN-S-Boning-76-001,8,12603,12721,12722,60,60,20,2
723,MVN-S-Boning-76-001,8,12723,12733,12734,6,60,20,2
724,MVN-S-Boning-76-001,2,12734,12852,12853,60,60,30,2
724,MVN-S-Boning-76-001,2,12794,12912,12913,60,60,30,2
724,MVN-S-Boning-76-001,2,12854,12972,12973,60,60,30,2
724,MVN-S-Boning-76-001,2,12914,13032,13033,60,60,30,2
724,MVN-S-Boning-76-001,2,13034,13040,13041,4,60,30,2
725,MVN-S-Boning-76-001,3,13042,13112,13113,36,60,30,2
726,MVN-S-Boning-76-001,4,13113,13290,13291,60,60,30,3
726,MVN-S-Boning-76-001,4,13203,13380,13381,60,60,30,3
726,MVN-S-Boning-76-001,4,13293,13470,13471,60,60,30,3
726,MVN-S-Boning-76-001,4,13383,13560,13561,60,60,30,3
726,MVN-S-Boning-76-001,4,13473,13650,13651,60,60,30,3
726,MVN-S-Boning-76-001,4,13563,13740,13741,60,60,30,3
726,MVN-S-Boning-76-001,4,13653,13830,13831,60,60,30,3
726,MVN-S-Boning-76-001,4,13743,13920,13921,60,60,30,3
726,MVN-S-Boning-76-001,4,13833,14010,14011,60,60,30,3
726,MVN-S-Boning-76-001,4,13923,14100,14101,60,60,30,3
726,MVN-S-Boning-76-001,4,14013,14190,14191,60,60,30,3
726,MVN-S-Boning-76-001,4,14103,14280,14281,60,60,30,3
726,MVN-S-Boning-76-001,4,14193,14370,14371,60,60,30,3
726,MVN-S-Boning-76-001,4,14283,14460,14461,60,60,30,3
726,MVN-S-Boning-76-001,4,14373,14550,14551,60,60,30,3
726,MVN-S-Boning-76-001,4,14463,14640,14641,60,60,30,3
726,MVN-S-Boning-76-001,4,14643,14646,14647,2,60,30,3
727,MVN-S-Boning-76-001,8,14648,14740,14741,47,60,20,2
728,MVN-S-Boning-76-001,1,14742,14860,14861,60,60,30,2
728,MVN-S-Boning-76-001,1,14802,14920,14921,60,60,30,2
728,MVN-S-Boning-76-001,1,14862,14980,14981,60,60,30,2
728,MVN-S-Boning-76-001,1,14922,15040,15041,60,60,30,2
728,MVN-S-Boning-76-001,1,14982,15100,15101,60,60,30,2
728,MVN-S-Boning-76-001,1,15042,15160,15161,60,60,30,2
728,MVN-S-Boning-76-001,1,15162,15172,15173,6,60,30,2
729,MVN-S-Boning-76-001,0,15173,15291,15292,60,60,30,2
729,MVN-S-Boning-76-001,0,15233,15351,15352,60,60,30,2
729,MVN-S-Boning-76-001,0,15293,15411,15412,60,60,30,2
729,MVN-S-Boning-76-001,0,15353,15471,15472,60,60,30,2
729,MVN-S-Boning-76-001,0,15413,15531,15532,60,60,30,2
729,MVN-S-Boning-76-001,0,15473,15591,15592,60,60,30,2
729,MVN-S-Boning-76-001,0,15533,15651,15652,60,60,30,2
729,MVN-S-Boning-76-001,0,15653,15695,15696,22,60,30,2
730,MVN-S-Boning-76-001,1,15696,15814,15815,60,60,30,2
730,MVN-S-Boning-76-001,1,15816,15858,15859,22,60,30,2
731,MVN-S-Boning-76-001,0,15860,15978,15979,60,60,30,2
731,MVN-S-Boning-76-001,0,15920,16038,16039,60,60,30,2
731,MVN-S-Boning-76-001,0,15980,16098,16099,60,60,30,2
731,MVN-S-Boning-76-001,0,16040,16158,16159,60,60,30,2
731,MVN-S-Boning-76-001,0,16100,16218,16219,60,60,30,2
731,MVN-S-Boning-76-001,0,16220,16250,16251,16,60,30,2
732,MVN-S-Boning-76-002,1,0,102,103,52,60,30,2
733,MVN-S-Boning-76-002,2,104,222,223,60,60,30,2
733,MVN-S-Boning-76-002,2,164,282,283,60,60,30,2
733,MVN-S-Boning-76-002,2,224,342,343,60,60,30,2
733,MVN-S-Boning-76-002,2,284,402,403,60,60,30,2
733,MVN-S-Boning-76-002,2,404,454,455,26,60,30,2
734,MVN-S-Boning-76-002,0,455,573,574,60,60,30,2
734,MVN-S-Boning-76-002,0,515,633,634,60,60,30,2
734,MVN-S-Boning-76-002,0,575,693,694,60,60,30,2
734,MVN-S-Boning-76-002,0,635,753,754,60,60,30,2
734,MVN-S-Boning-76-002,0,695,813,814,60,60,30,2
734,MVN-S-Boning-76-002,0,755,873,874,60,60,30,2
734,MVN-S-Boning-76-002,0,815,933,934,60,60,30,2
734,MVN-S-Boning-76-002,0,875,993,994,60,60,30,2
734,MVN-S-Boning-76-002,0,935,1053,1054,60,60,30,2
734,MVN-S-Boning-76-002,0,995,1113,1114,60,60,30,2
734,MVN-S-Boning-76-002,0,1055,1173,1174,60,60,30,2
734,MVN-S-Boning-76-002,0,1115,1233,1234,60,60,30,2
734,MVN-S-Boning-76-002,0,1235,1253,1254,10,60,30,2
735,MVN-S-Boning-76-002,1,1254,1372,1373,60,60,30,2
735,MVN-S-Boning-76-002,1,1374,1430,1431,29,60,30,2
736,MVN-S-Boning-76-002,0,1432,1550,1551,60,60,30,2
736,MVN-S-Boning-76-002,0,1492,1610,1611,60,60,30,2
736,MVN-S-Boning-76-002,0,1612,1640,1641,15,60,30,2
737,MVN-S-Boning-76-002,1,1642,1746,1747,53,60,30,2
738,MVN-S-Boning-76-002,3,1748,1784,1785,19,60,30,2
739,MVN-S-Boning-76-002,4,1785,1962,1963,60,60,30,3
739,MVN-S-Boning-76-002,4,1875,2052,2053,60,60,30,3
739,MVN-S-Boning-76-002,4,1965,2142,2143,60,60,30,3
739,MVN-S-Boning-76-002,4,2055,2232,2233,60,60,30,3
739,MVN-S-Boning-76-002,4,2145,2322,2323,60,60,30,3
739,MVN-S-Boning-76-002,4,2235,2412,2413,60,60,30,3
739,MVN-S-Boning-76-002,4,2325,2502,2503,60,60,30,3
739,MVN-S-Boning-76-002,4,2415,2592,2593,60,60,30,3
739,MVN-S-Boning-76-002,4,2505,2682,2683,60,60,30,3
739,MVN-S-Boning-76-002,4,2595,2772,2773,60,60,30,3
739,MVN-S-Boning-76-002,4,2685,2862,2863,60,60,30,3
739,MVN-S-Boning-76-002,4,2775,2952,2953,60,60,30,3
739,MVN-S-Boning-76-002,4,2865,3042,3043,60,60,30,3
739,MVN-S-Boning-76-002,4,2955,3132,3133,60,60,30,3
739,MVN-S-Boning-76-002,4,3045,3222,3223,60,60,30,3
739,MVN-S-Boning-76-002,4,3135,3312,3313,60,60,30,3
739,MVN-S-Boning-76-002,4,3225,3402,3403,60,60,30,3
739,MVN-S-Boning-76-002,4,3315,3492,3493,60,60,30,3
739,MVN-S-Boning-76-002,4,3405,3582,3583,60,60,30,3
739,MVN-S-Boning-76-002,4,3495,3672,3673,60,60,30,3
739,MVN-S-Boning-76-002,4,3585,3762,3763,60,60,30,3
739,MVN-S-Boning-76-002,4,3675,3852,3853,60,60,30,3
739,MVN-S-Boning-76-002,4,3765,3942,3943,60,60,30,3
739,MVN-S-Boning-76-002,4,3855,4032,4033,60,60,30,3
739,MVN-S-Boning-76-002,4,3945,4122,4123,60,60,30,3
739,MVN-S-Boning-76-002,4,4035,4212,4213,60,60,30,3
739,MVN-S-Boning-76-002,4,4125,4302,4303,60,60,30,3
739,MVN-S-Boning-76-002,4,4215,4392,4393,60,60,30,3
739,MVN-S-Boning-76-002,4,4305,4482,4483,60,60,30,3
739,MVN-S-Boning-76-002,4,4395,4572,4573,60,60,30,3
739,MVN-S-Boning-76-002,4,4485,4662,4663,60,60,30,3
739,MVN-S-Boning-76-002,4,4575,4752,4753,60,60,30,3
739,MVN-S-Boning-76-002,4,4665,4842,4843,60,60,30,3
739,MVN-S-Boning-76-002,4,4755,4932,4933,60,60,30,3
739,MVN-S-Boning-76-002,4,4935,4944,4945,4,60,30,3
740,MVN-S-Boning-76-002,8,4945,5063,5064,60,60,20,2
740,MVN-S-Boning-76-002,8,5065,5093,5094,15,60,20,2
741,MVN-S-Boning-76-002,0,5095,5213,5214,60,60,30,2
741,MVN-S-Boning-76-002,0,5155,5273,5274,60,60,30,2
741,MVN-S-Boning-76-002,0,5215,5333,5334,60,60,30,2
741,MVN-S-Boning-76-002,0,5275,5393,5394,60,60,30,2
741,MVN-S-Boning-76-002,0,5335,5453,5454,60,60,30,2
741,MVN-S-Boning-76-002,0,5395,5513,5514,60,60,30,2
741,MVN-S-Boning-76-002,0,5455,5573,5574,60,60,30,2
741,MVN-S-Boning-76-002,0,5575,5595,5596,11,60,30,2
742,MVN-S-Boning-76-002,2,5597,5715,5716,60,60,30,2
742,MVN-S-Boning-76-002,2,5657,5775,5776,60,60,30,2
742,MVN-S-Boning-76-002,2,5717,5835,5836,60,60,30,2
742,MVN-S-Boning-76-002,2,5837,5883,5884,24,60,30,2
743,MVN-S-Boning-76-002,0,5885,6003,6004,60,60,30,2
743,MVN-S-Boning-76-002,0,5945,6063,6064,60,60,30,2
743,MVN-S-Boning-76-002,0,6065,6067,6068,2,60,30,2
744,MVN-S-Boning-76-002,2,6068,6186,6187,60,60,30,2
744,MVN-S-Boning-76-002,2,6128,6246,6247,60,60,30,2
744,MVN-S-Boning-76-002,2,6188,6306,6307,60,60,30,2
744,MVN-S-Boning-76-002,2,6248,6366,6367,60,60,30,2
744,MVN-S-Boning-76-002,2,6308,6426,6427,60,60,30,2
744,MVN-S-Boning-76-002,2,6428,6432,6433,3,60,30,2
745,MVN-S-Boning-76-002,1,6433,6551,6552,60,60,30,2
745,MVN-S-Boning-76-002,1,6553,6597,6598,23,60,30,2
746,MVN-S-Boning-76-002,3,6598,6714,6715,59,60,30,2
747,MVN-S-Boning-76-002,4,6715,6892,6893,60,60,30,3
747,MVN-S-Boning-76-002,4,6805,6982,6983,60,60,30,3
747,MVN-S-Boning-76-002,4,6895,7072,7073,60,60,30,3
747,MVN-S-Boning-76-002,4,6985,7162,7163,60,60,30,3
747,MVN-S-Boning-76-002,4,7075,7252,7253,60,60,30,3
747,MVN-S-Boning-76-002,4,7165,7342,7343,60,60,30,3
747,MVN-S-Boning-76-002,4,7255,7432,7433,60,60,30,3
747,MVN-S-Boning-76-002,4,7345,7522,7523,60,60,30,3
747,MVN-S-Boning-76-002,4,7435,7612,7613,60,60,30,3
747,MVN-S-Boning-76-002,4,7525,7702,7703,60,60,30,3
747,MVN-S-Boning-76-002,4,7615,7792,7793,60,60,30,3
747,MVN-S-Boning-76-002,4,7705,7882,7883,60,60,30,3
747,MVN-S-Boning-76-002,4,7795,7972,7973,60,60,30,3
747,MVN-S-Boning-76-002,4,7885,8062,8063,60,60,30,3
747,MVN-S-Boning-76-002,4,7975,8152,8153,60,60,30,3
747,MVN-S-Boning-76-002,4,8155,8170,8171,6,60,30,3
748,MVN-S-Boning-76-002,8,8172,8290,8291,60,60,20,2
748,MVN-S-Boning-76-002,8,8212,8330,8331,60,60,20,2
748,MVN-S-Boning-76-002,8,8332,8338,8339,4,60,20,2
749,MVN-S-Boning-76-002,0,8339,8457,8458,60,60,30,2
749,MVN-S-Boning-76-002,0,8399,8517,8518,60,60,30,2
749,MVN-S-Boning-76-002,0,8459,8577,8578,60,60,30,2
749,MVN-S-Boning-76-002,0,8519,8637,8638,60,60,30,2
749,MVN-S-Boning-76-002,0,8579,8697,8698,60,60,30,2
749,MVN-S-Boning-76-002,0,8639,8757,8758,60,60,30,2
749,MVN-S-Boning-76-002,0,8699,8817,8818,60,60,30,2
749,MVN-S-Boning-76-002,0,8759,8877,8878,60,60,30,2
749,MVN-S-Boning-76-002,0,8819,8937,8938,60,60,30,2
749,MVN-S-Boning-76-002,0,8879,8997,8998,60,60,30,2
749,MVN-S-Boning-76-002,0,8939,9057,9058,60,60,30,2
749,MVN-S-Boning-76-002,0,8999,9117,9118,60,60,30,2
749,MVN-S-Boning-76-002,0,9059,9177,9178,60,60,30,2
749,MVN-S-Boning-76-002,0,9119,9237,9238,60,60,30,2
749,MVN-S-Boning-76-002,0,9179,9297,9298,60,60,30,2
749,MVN-S-Boning-76-002,0,9239,9357,9358,60,60,30,2
749,MVN-S-Boning-76-002,0,9299,9417,9418,60,60,30,2
749,MVN-S-Boning-76-002,0,9359,9477,9478,60,60,30,2
749,MVN-S-Boning-76-002,0,9419,9537,9538,60,60,30,2
749,MVN-S-Boning-76-002,0,9479,9597,9598,60,60,30,2
749,MVN-S-Boning-76-002,0,9539,9657,9658,60,60,30,2
749,MVN-S-Boning-76-002,0,9599,9717,9718,60,60,30,2
749,MVN-S-Boning-76-002,0,9719,9757,9758,20,60,30,2
750,MVN-S-Boning-76-002,1,9759,9877,9878,60,60,30,2
750,MVN-S-Boning-76-002,1,9879,9885,9886,4,60,30,2
751,MVN-S-Boning-76-002,0,9887,10005,10006,60,60,30,2
751,MVN-S-Boning-76-002,0,9947,10065,10066,60,60,30,2
751,MVN-S-Boning-76-002,0,10007,10125,10126,60,60,30,2
751,MVN-S-Boning-76-002,0,10067,10185,10186,60,60,30,2
751,MVN-S-Boning-76-002,0,10127,10245,10246,60,60,30,2
751,MVN-S-Boning-76-002,0,10187,10305,10306,60,60,30,2
751,MVN-S-Boning-76-002,0,10307,10333,10334,14,60,30,2
752,MVN-S-Boning-76-002,3,10334,10438,10439,53,60,30,2
753,MVN-S-Boning-76-002,4,10439,10616,10617,60,60,30,3
753,MVN-S-Boning-76-002,4,10529,10706,10707,60,60,30,3
753,MVN-S-Boning-76-002,4,10619,10796,10797,60,60,30,3
753,MVN-S-Boning-76-002,4,10709,10886,10887,60,60,30,3
753,MVN-S-Boning-76-002,4,10799,10976,10977,60,60,30,3
753,MVN-S-Boning-76-002,4,10889,11066,11067,60,60,30,3
753,MVN-S-Boning-76-002,4,10979,11156,11157,60,60,30,3
753,MVN-S-Boning-76-002,4,11069,11246,11247,60,60,30,3
753,MVN-S-Boning-76-002,4,11159,11336,11337,60,60,30,3
753,MVN-S-Boning-76-002,4,11249,11426,11427,60,60,30,3
753,MVN-S-Boning-76-002,4,11339,11516,11517,60,60,30,3
753,MVN-S-Boning-76-002,4,11429,11606,11607,60,60,30,3
753,MVN-S-Boning-76-002,4,11519,11696,11697,60,60,30,3
753,MVN-S-Boning-76-002,4,11609,11786,11787,60,60,30,3
753,MVN-S-Boning-76-002,4,11699,11876,11877,60,60,30,3
753,MVN-S-Boning-76-002,4,11789,11966,11967,60,60,30,3
753,MVN-S-Boning-76-002,4,11879,12056,12057,60,60,30,3
753,MVN-S-Boning-76-002,4,11969,12146,12147,60,60,30,3
753,MVN-S-Boning-76-002,4,12059,12236,12237,60,60,30,3
753,MVN-S-Boning-76-002,4,12239,12239,12240,1,60,30,3
754,MVN-S-Boning-76-002,8,12241,12359,12360,60,60,20,2
754,MVN-S-Boning-76-002,8,12361,12381,12382,11,60,20,2
755,MVN-S-Boning-76-002,0,12383,12501,12502,60,60,30,2
755,MVN-S-Boning-76-002,0,12443,12561,12562,60,60,30,2
755,MVN-S-Boning-76-002,0,12563,12573,12574,6,60,30,2
756,MVN-S-Boning-76-002,2,12575,12693,12694,60,60,30,2
756,MVN-S-Boning-76-002,2,12635,12753,12754,60,60,30,2
756,MVN-S-Boning-76-002,2,12695,12813,12814,60,60,30,2
756,MVN-S-Boning-76-002,2,12755,12873,12874,60,60,30,2
756,MVN-S-Boning-76-002,2,12815,12933,12934,60,60,30,2
756,MVN-S-Boning-76-002,2,12875,12993,12994,60,60,30,2
756,MVN-S-Boning-76-002,2,12995,13041,13042,24,60,30,2
757,MVN-S-Boning-76-002,3,13043,13161,13162,60,60,30,2
757,MVN-S-Boning-76-002,3,13103,13221,13222,60,60,30,2
757,MVN-S-Boning-76-002,3,13163,13281,13282,60,60,30,2
758,MVN-S-Boning-76-002,4,13282,13459,13460,60,60,30,3
758,MVN-S-Boning-76-002,4,13372,13549,13550,60,60,30,3
758,MVN-S-Boning-76-002,4,13462,13639,13640,60,60,30,3
758,MVN-S-Boning-76-002,4,13552,13729,13730,60,60,30,3
758,MVN-S-Boning-76-002,4,13642,13819,13820,60,60,30,3
758,MVN-S-Boning-76-002,4,13732,13909,13910,60,60,30,3
758,MVN-S-Boning-76-002,4,13822,13999,14000,60,60,30,3
758,MVN-S-Boning-76-002,4,13912,14089,14090,60,60,30,3
758,MVN-S-Boning-76-002,4,14002,14179,14180,60,60,30,3
758,MVN-S-Boning-76-002,4,14092,14269,14270,60,60,30,3
758,MVN-S-Boning-76-002,4,14182,14359,14360,60,60,30,3
758,MVN-S-Boning-76-002,4,14362,14398,14399,13,60,30,3
759,MVN-S-Boning-76-002,8,14401,14519,14520,60,60,20,2
759,MVN-S-Boning-76-002,8,14521,14535,14536,8,60,20,2
760,MVN-S-Boning-76-002,3,14537,14655,14656,60,60,30,2
760,MVN-S-Boning-76-002,3,14597,14715,14716,60,60,30,2
760,MVN-S-Boning-76-002,3,14717,14765,14766,25,60,30,2
761,MVN-S-Boning-76-002,4,14766,14943,14944,60,60,30,3
761,MVN-S-Boning-76-002,4,14856,15033,15034,60,60,30,3
761,MVN-S-Boning-76-002,4,14946,15123,15124,60,60,30,3
761,MVN-S-Boning-76-002,4,15036,15213,15214,60,60,30,3
761,MVN-S-Boning-76-002,4,15126,15303,15304,60,60,30,3
761,MVN-S-Boning-76-002,4,15216,15393,15394,60,60,30,3
761,MVN-S-Boning-76-002,4,15306,15483,15484,60,60,30,3
761,MVN-S-Boning-76-002,4,15396,15573,15574,60,60,30,3
761,MVN-S-Boning-76-002,4,15486,15663,15664,60,60,30,3
761,MVN-S-Boning-76-002,4,15576,15753,15754,60,60,30,3
761,MVN-S-Boning-76-002,4,15666,15843,15844,60,60,30,3
761,MVN-S-Boning-76-002,4,15756,15933,15934,60,60,30,3
761,MVN-S-Boning-76-002,4,15846,16023,16024,60,60,30,3
761,MVN-S-Boning-76-002,4,15936,16113,16114,60,60,30,3
761,MVN-S-Boning-76-002,4,16026,16203,16204,60,60,30,3
761,MVN-S-Boning-76-002,4,16206,16290,16291,29,60,30,3
762,MVN-S-Boning-76-002,8,16292,16410,16411,60,60,20,2
762,MVN-S-Boning-76-002,8,16332,16450,16451,60,60,20,2
762,MVN-S-Boning-76-002,8,16372,16490,16491,60,60,20,2
762,MVN-S-Boning-76-002,8,16492,16520,16521,15,60,20,2
763,MVN-S-Boning-76-002,2,16521,16639,16640,60,60,30,2
763,MVN-S-Boning-76-002,2,16581,16699,16700,60,60,30,2
763,MVN-S-Boning-76-002,2,16641,16759,16760,60,60,30,2
763,MVN-S-Boning-76-002,2,16761,16811,16812,26,60,30,2
764,MVN-S-Boning-76-002,0,16813,16931,16932,60,60,30,2
764,MVN-S-Boning-76-002,0,16873,16991,16992,60,60,30,2
764,MVN-S-Boning-76-002,0,16933,17051,17052,60,60,30,2
764,MVN-S-Boning-76-002,0,16993,17111,17112,60,60,30,2
764,MVN-S-Boning-76-002,0,17053,17171,17172,60,60,30,2
764,MVN-S-Boning-76-002,0,17113,17231,17232,60,60,30,2
764,MVN-S-Boning-76-002,0,17173,17291,17292,60,60,30,2
764,MVN-S-Boning-76-002,0,17233,17351,17352,60,60,30,2
764,MVN-S-Boning-76-002,0,17293,17411,17412,60,60,30,2
764,MVN-S-Boning-76-002,0,17353,17471,17472,60,60,30,2
764,MVN-S-Boning-76-002,0,17413,17531,17532,60,60,30,2
764,MVN-S-Boning-76-002,0,17473,17591,17592,60,60,30,2
764,MVN-S-Boning-76-002,0,17533,17651,17652,60,60,30,2
764,MVN-S-Boning-76-002,0,17593,17711,17712,60,60,30,2
764,MVN-S-Boning-76-002,0,17653,17771,17772,60,60,30,2
764,MVN-S-Boning-76-002,0,17713,17831,17832,60,60,30,2
764,MVN-S-Boning-76-002,0,17773,17891,17892,60,60,30,2
764,MVN-S-Boning-76-002,0,17833,17951,17952,60,60,30,2
764,MVN-S-Boning-76-002,0,17893,18011,18012,60,60,30,2
764,MVN-S-Boning-76-002,0,17953,18071,18072,60,60,30,2
764,MVN-S-Boning-76-002,0,18013,18131,18132,60,60,30,2
764,MVN-S-Boning-76-002,0,18133,18171,18172,20,60,30,2
765,MVN-S-Boning-76-002,1,18173,18277,18278,53,60,30,2
766,MVN-S-Boning-76-002,0,18278,18396,18397,60,60,30,2
766,MVN-S-Boning-76-002,0,18338,18456,18457,60,60,30,2
766,MVN-S-Boning-76-002,0,18398,18516,18517,60,60,30,2
766,MVN-S-Boning-76-002,0,18458,18576,18577,60,60,30,2
766,MVN-S-Boning-76-002,0,18518,18636,18637,60,60,30,2
766,MVN-S-Boning-76-002,0,18578,18696,18697,60,60,30,2
766,MVN-S-Boning-76-002,0,18638,18756,18757,60,60,30,2
766,MVN-S-Boning-76-002,0,18698,18816,18817,60,60,30,2
766,MVN-S-Boning-76-002,0,18758,18876,18877,60,60,30,2
766,MVN-S-Boning-76-002,0,18818,18936,18937,60,60,30,2
766,MVN-S-Boning-76-002,0,18878,18996,18997,60,60,30,2
766,MVN-S-Boning-76-002,0,18938,19056,19057,60,60,30,2
766,MVN-S-Boning-76-002,0,18998,19116,19117,60,60,30,2
766,MVN-S-Boning-76-002,0,19058,19176,19177,60,60,30,2
766,MVN-S-Boning-76-002,0,19118,19236,19237,60,60,30,2
766,MVN-S-Boning-76-002,0,19178,19296,19297,60,60,30,2
766,MVN-S-Boning-76-002,0,19238,19356,19357,60,60,30,2
766,MVN-S-Boning-76-002,0,19298,19416,19417,60,60,30,2
766,MVN-S-Boning-76-002,0,19358,19476,19477,60,60,30,2
766,MVN-S-Boning-76-002,0,19418,19536,19537,60,60,30,2
766,MVN-S-Boning-76-002,0,19478,19596,19597,60,60,30,2
766,MVN-S-Boning-76-002,0,19538,19656,19657,60,60,30,2
766,MVN-S-Boning-76-002,0,19598,19716,19717,60,60,30,2
766,MVN-S-Boning-76-002,0,19658,19776,19777,60,60,30,2
766,MVN-S-Boning-76-002,0,19778,19784,19785,4,60,30,2
767,MVN-S-Boning-76-002,3,19785,19877,19878,47,60,30,2
768,MVN-S-Boning-76-002,4,19879,20056,20057,60,60,30,3
768,MVN-S-Boning-76-002,4,19969,20146,20147,60,60,30,3
768,MVN-S-Boning-76-002,4,20059,20236,20237,60,60,30,3
768,MVN-S-Boning-76-002,4,20149,20326,20327,60,60,30,3
768,MVN-S-Boning-76-002,4,20239,20416,20417,60,60,30,3
768,MVN-S-Boning-76-002,4,20329,20506,20507,60,60,30,3
768,MVN-S-Boning-76-002,4,20419,20596,20597,60,60,30,3
768,MVN-S-Boning-76-002,4,20509,20686,20687,60,60,30,3
768,MVN-S-Boning-76-002,4,20599,20776,20777,60,60,30,3
768,MVN-S-Boning-76-002,4,20689,20866,20867,60,60,30,3
768,MVN-S-Boning-76-002,4,20779,20956,20957,60,60,30,3
768,MVN-S-Boning-76-002,4,20869,21046,21047,60,60,30,3
768,MVN-S-Boning-76-002,4,20959,21136,21137,60,60,30,3
768,MVN-S-Boning-76-002,4,21049,21226,21227,60,60,30,3
768,MVN-S-Boning-76-002,4,21229,21229,21230,1,60,30,3
769,MVN-S-Boning-76-002,8,21231,21349,21350,60,60,20,2
769,MVN-S-Boning-76-002,8,21271,21389,21390,60,60,20,2
769,MVN-S-Boning-76-002,8,21391,21395,21396,3,60,20,2
770,MVN-S-Boning-76-002,0,21397,21515,21516,60,60,30,2
770,MVN-S-Boning-76-002,0,21457,21575,21576,60,60,30,2
770,MVN-S-Boning-76-002,0,21517,21635,21636,60,60,30,2
770,MVN-S-Boning-76-002,0,21577,21695,21696,60,60,30,2
770,MVN-S-Boning-76-002,0,21637,21755,21756,60,60,30,2
770,MVN-S-Boning-76-002,0,21697,21815,21816,60,60,30,2
770,MVN-S-Boning-76-002,0,21757,21875,21876,60,60,30,2
770,MVN-S-Boning-76-002,0,21817,21935,21936,60,60,30,2
770,MVN-S-Boning-76-002,0,21877,21995,21996,60,60,30,2
770,MVN-S-Boning-76-002,0,21937,22055,22056,60,60,30,2
770,MVN-S-Boning-76-002,0,21997,22115,22116,60,60,30,2
770,MVN-S-Boning-76-002,0,22057,22175,22176,60,60,30,2
770,MVN-S-Boning-76-002,0,22117,22235,22236,60,60,30,2
770,MVN-S-Boning-76-002,0,22177,22295,22296,60,60,30,2
770,MVN-S-Boning-76-002,0,22237,22355,22356,60,60,30,2
770,MVN-S-Boning-76-002,0,22297,22415,22416,60,60,30,2
770,MVN-S-Boning-76-002,0,22357,22475,22476,60,60,30,2
770,MVN-S-Boning-76-002,0,22417,22535,22536,60,60,30,2
770,MVN-S-Boning-76-002,0,22477,22595,22596,60,60,30,2
770,MVN-S-Boning-76-002,0,22537,22655,22656,60,60,30,2
770,MVN-S-Boning-76-002,0,22657,22667,22668,6,60,30,2
771,MVN-S-Boning-76-002,1,22668,22786,22787,60,60,30,2
771,MVN-S-Boning-76-002,1,22728,22846,22847,60,60,30,2
771,MVN-S-Boning-76-002,1,22788,22906,22907,60,60,30,2
771,MVN-S-Boning-76-002,1,22848,22966,22967,60,60,30,2
771,MVN-S-Boning-76-002,1,22908,23026,23027,60,60,30,2
771,MVN-S-Boning-76-002,1,22968,23086,23087,60,60,30,2
771,MVN-S-Boning-76-002,1,23088,23134,23135,24,60,30,2
772,MVN-S-Boning-76-002,2,23136,23254,23255,60,60,30,2
772,MVN-S-Boning-76-002,2,23196,23314,23315,60,60,30,2
772,MVN-S-Boning-76-002,2,23316,23372,23373,29,60,30,2
773,MVN-S-Boning-76-002,3,23373,23491,23492,60,60,30,2
773,MVN-S-Boning-76-002,3,23493,23519,23520,14,60,30,2
774,MVN-S-Boning-76-002,4,23520,23697,23698,60,60,30,3
774,MVN-S-Boning-76-002,4,23610,23787,23788,60,60,30,3
774,MVN-S-Boning-76-002,4,23700,23877,23878,60,60,30,3
774,MVN-S-Boning-76-002,4,23790,23967,23968,60,60,30,3
774,MVN-S-Boning-76-002,4,23880,24057,24058,60,60,30,3
774,MVN-S-Boning-76-002,4,23970,24147,24148,60,60,30,3
774,MVN-S-Boning-76-002,4,24060,24237,24238,60,60,30,3
774,MVN-S-Boning-76-002,4,24150,24327,24328,60,60,30,3
774,MVN-S-Boning-76-002,4,24240,24417,24418,60,60,30,3
774,MVN-S-Boning-76-002,4,24330,24507,24508,60,60,30,3
774,MVN-S-Boning-76-002,4,24420,24597,24598,60,60,30,3
774,MVN-S-Boning-76-002,4,24510,24687,24688,60,60,30,3
774,MVN-S-Boning-76-002,4,24600,24777,24778,60,60,30,3
774,MVN-S-Boning-76-002,4,24690,24867,24868,60,60,30,3
774,MVN-S-Boning-76-002,4,24780,24957,24958,60,60,30,3
774,MVN-S-Boning-76-002,4,24870,25047,25048,60,60,30,3
774,MVN-S-Boning-76-002,4,24960,25137,25138,60,60,30,3
774,MVN-S-Boning-76-002,4,25050,25227,25228,60,60,30,3
774,MVN-S-Boning-76-002,4,25140,25317,25318,60,60,30,3
774,MVN-S-Boning-76-002,4,25320,25404,25405,29,60,30,3
775,MVN-S-Boning-76-002,8,25407,25453,25454,24,60,20,2
776,MVN-S-Boning-76-002,4,25454,25631,25632,60,60,30,3
776,MVN-S-Boning-76-002,4,25544,25721,25722,60,60,30,3
776,MVN-S-Boning-76-002,4,25634,25811,25812,60,60,30,3
776,MVN-S-Boning-76-002,4,25724,25901,25902,60,60,30,3
776,MVN-S-Boning-76-002,4,25814,25991,25992,60,60,30,3
776,MVN-S-Boning-76-002,4,25904,26081,26082,60,60,30,3
776,MVN-S-Boning-76-002,4,25994,26171,26172,60,60,30,3
776,MVN-S-Boning-76-002,4,26084,26261,26262,60,60,30,3
776,MVN-S-Boning-76-002,4,26174,26351,26352,60,60,30,3
776,MVN-S-Boning-76-002,4,26354,26405,26406,18,60,30,3
777,MVN-S-Boning-76-002,2,26408,26526,26527,60,60,30,2
777,MVN-S-Boning-76-002,2,26468,26586,26587,60,60,30,2
777,MVN-S-Boning-76-002,2,26588,26588,26589,1,60,30,2
778,MVN-S-Boning-76-002,3,26589,26661,26662,37,60,30,2
779,MVN-S-Boning-76-002,4,26663,26840,26841,60,60,30,3
779,MVN-S-Boning-76-002,4,26753,26930,26931,60,60,30,3
779,MVN-S-Boning-76-002,4,26843,27020,27021,60,60,30,3
779,MVN-S-Boning-76-002,4,26933,27110,27111,60,60,30,3
779,MVN-S-Boning-76-002,4,27023,27200,27201,60,60,30,3
779,MVN-S-Boning-76-002,4,27113,27290,27291,60,60,30,3
779,MVN-S-Boning-76-002,4,27203,27380,27381,60,60,30,3
779,MVN-S-Boning-76-002,4,27293,27470,27471,60,60,30,3
779,MVN-S-Boning-76-002,4,27383,27560,27561,60,60,30,3
779,MVN-S-Boning-76-002,4,27473,27650,27651,60,60,30,3
779,MVN-S-Boning-76-002,4,27563,27740,27741,60,60,30,3
779,MVN-S-Boning-76-002,4,27653,27830,27831,60,60,30,3
779,MVN-S-Boning-76-002,4,27743,27920,27921,60,60,30,3
779,MVN-S-Boning-76-002,4,27833,28010,28011,60,60,30,3
779,MVN-S-Boning-76-002,4,27923,28100,28101,60,60,30,3
779,MVN-S-Boning-76-002,4,28013,28190,28191,60,60,30,3
779,MVN-S-Boning-76-002,4,28103,28280,28281,60,60,30,3
779,MVN-S-Boning-76-002,4,28193,28370,28371,60,60,30,3
779,MVN-S-Boning-76-002,4,28373,28406,28407,12,60,30,3
780,MVN-S-Boning-76-002,8,28409,28477,28478,35,60,20,2
781,MVN-S-Boning-76-002,4,28479,28656,28657,60,60,30,3
781,MVN-S-Boning-76-002,4,28569,28746,28747,60,60,30,3
781,MVN-S-Boning-76-002,4,28659,28836,28837,60,60,30,3
781,MVN-S-Boning-76-002,4,28749,28926,28927,60,60,30,3
781,MVN-S-Boning-76-002,4,28839,29016,29017,60,60,30,3
781,MVN-S-Boning-76-002,4,29019,29100,29101,28,60,30,3
782,MVN-S-Boning-76-002,1,29101,29219,29220,60,60,30,2
782,MVN-S-Boning-76-002,1,29221,29257,29258,19,60,30,2
783,MVN-S-Boning-76-002,2,29258,29376,29377,60,60,30,2
783,MVN-S-Boning-76-002,2,29318,29436,29437,60,60,30,2
783,MVN-S-Boning-76-002,2,29378,29496,29497,60,60,30,2
783,MVN-S-Boning-76-002,2,29438,29556,29557,60,60,30,2
784,MVN-S-Boning-76-002,0,29557,29675,29676,60,60,30,2
784,MVN-S-Boning-76-002,0,29617,29735,29736,60,60,30,2
784,MVN-S-Boning-76-002,0,29677,29795,29796,60,60,30,2
784,MVN-S-Boning-76-002,0,29737,29855,29856,60,60,30,2
784,MVN-S-Boning-76-002,0,29797,29915,29916,60,60,30,2
784,MVN-S-Boning-76-002,0,29857,29975,29976,60,60,30,2
784,MVN-S-Boning-76-002,0,29917,30035,30036,60,60,30,2
784,MVN-S-Boning-76-002,0,29977,30095,30096,60,60,30,2
784,MVN-S-Boning-76-002,0,30037,30155,30156,60,60,30,2
784,MVN-S-Boning-76-002,0,30097,30215,30216,60,60,30,2
784,MVN-S-Boning-76-002,0,30157,30275,30276,60,60,30,2
784,MVN-S-Boning-76-002,0,30277,30333,30334,29,60,30,2
785,MVN-S-Boning-89-001,4,0,177,178,60,60,30,3
785,MVN-S-Boning-89-001,4,90,267,268,60,60,30,3
785,MVN-S-Boning-89-001,4,180,357,358,60,60,30,3
785,MVN-S-Boning-89-001,4,270,447,448,60,60,30,3
785,MVN-S-Boning-89-001,4,360,537,538,60,60,30,3
785,MVN-S-Boning-89-001,4,450,627,628,60,60,30,3
785,MVN-S-Boning-89-001,4,540,717,718,60,60,30,3
785,MVN-S-Boning-89-001,4,630,807,808,60,60,30,3
785,MVN-S-Boning-89-001,4,810,882,883,25,60,30,3
786,MVN-S-Boning-89-001,8,883,935,936,27,60,20,2
787,MVN-S-Boning-89-001,3,936,1002,1003,34,60,30,2
788,MVN-S-Boning-89-001,4,1004,1181,1182,60,60,30,3
788,MVN-S-Boning-89-001,4,1184,1241,1242,20,60,30,3
789,MVN-S-Boning-89-001,0,1243,1361,1362,60,60,30,2
789,MVN-S-Boning-89-001,0,1363,1363,1364,1,60,30,2
790,MVN-S-Boning-89-001,2,1365,1483,1484,60,60,30,2
790,MVN-S-Boning-89-001,2,1425,1543,1544,60,60,30,2
790,MVN-S-Boning-89-001,2,1485,1603,1604,60,60,30,2
790,MVN-S-Boning-89-001,2,1545,1663,1664,60,60,30,2
790,MVN-S-Boning-89-001,2,1665,1701,1702,19,60,30,2
791,MVN-S-Boning-89-001,3,1703,1819,1820,59,60,30,2
792,MVN-S-Boning-89-001,4,1821,1998,1999,60,60,30,3
792,MVN-S-Boning-89-001,4,1911,2088,2089,60,60,30,3
792,MVN-S-Boning-89-001,4,2001,2178,2179,60,60,30,3
792,MVN-S-Boning-89-001,4,2091,2268,2269,60,60,30,3
792,MVN-S-Boning-89-001,4,2181,2358,2359,60,60,30,3
792,MVN-S-Boning-89-001,4,2271,2448,2449,60,60,30,3
792,MVN-S-Boning-89-001,4,2361,2538,2539,60,60,30,3
792,MVN-S-Boning-89-001,4,2451,2628,2629,60,60,30,3
792,MVN-S-Boning-89-001,4,2541,2718,2719,60,60,30,3
792,MVN-S-Boning-89-001,4,2631,2808,2809,60,60,30,3
792,MVN-S-Boning-89-001,4,2721,2898,2899,60,60,30,3
792,MVN-S-Boning-89-001,4,2811,2988,2989,60,60,30,3
792,MVN-S-Boning-89-001,4,2901,3078,3079,60,60,30,3
792,MVN-S-Boning-89-001,4,2991,3168,3169,60,60,30,3
792,MVN-S-Boning-89-001,4,3081,3258,3259,60,60,30,3
792,MVN-S-Boning-89-001,4,3171,3348,3349,60,60,30,3
792,MVN-S-Boning-89-001,4,3261,3438,3439,60,60,30,3
792,MVN-S-Boning-89-001,4,3351,3528,3529,60,60,30,3
792,MVN-S-Boning-89-001,4,3531,3552,3553,8,60,30,3
793,MVN-S-Boning-89-001,8,3555,3585,3586,16,60,20,2
794,MVN-S-Boning-89-001,3,3586,3650,3651,33,60,30,2
795,MVN-S-Boning-89-001,4,3652,3829,3830,60,60,30,3
795,MVN-S-Boning-89-001,4,3742,3919,3920,60,60,30,3
795,MVN-S-Boning-89-001,4,3832,4009,4010,60,60,30,3
795,MVN-S-Boning-89-001,4,4012,4042,4043,11,60,30,3
796,MVN-S-Boning-89-001,8,4045,4117,4118,37,60,20,2
797,MVN-S-Boning-89-001,3,4118,4164,4165,24,60,30,2
798,MVN-S-Boning-89-001,4,4166,4343,4344,60,60,30,3
798,MVN-S-Boning-89-001,4,4346,4430,4431,29,60,30,3
799,MVN-S-Boning-89-001,1,4431,4523,4524,47,60,30,2
800,MVN-S-Boning-89-001,2,4525,4643,4644,60,60,30,2
800,MVN-S-Boning-89-001,2,4585,4703,4704,60,60,30,2
800,MVN-S-Boning-89-001,2,4645,4763,4764,60,60,30,2
800,MVN-S-Boning-89-001,2,4705,4823,4824,60,60,30,2
800,MVN-S-Boning-89-001,2,4765,4883,4884,60,60,30,2
800,MVN-S-Boning-89-001,2,4825,4943,4944,60,60,30,2
800,MVN-S-Boning-89-001,2,4885,5003,5004,60,60,30,2
800,MVN-S-Boning-89-001,2,4945,5063,5064,60,60,30,2
800,MVN-S-Boning-89-001,2,5005,5123,5124,60,60,30,2
800,MVN-S-Boning-89-001,2,5065,5183,5184,60,60,30,2
800,MVN-S-Boning-89-001,2,5185,5219,5220,18,60,30,2
801,MVN-S-Boning-89-001,0,5220,5338,5339,60,60,30,2
801,MVN-S-Boning-89-001,0,5280,5398,5399,60,60,30,2
801,MVN-S-Boning-89-001,0,5340,5458,5459,60,60,30,2
801,MVN-S-Boning-89-001,0,5400,5518,5519,60,60,30,2
801,MVN-S-Boning-89-001,0,5460,5578,5579,60,60,30,2
801,MVN-S-Boning-89-001,0,5520,5638,5639,60,60,30,2
801,MVN-S-Boning-89-001,0,5580,5698,5699,60,60,30,2
801,MVN-S-Boning-89-001,0,5640,5758,5759,60,60,30,2
801,MVN-S-Boning-89-001,0,5700,5818,5819,60,60,30,2
801,MVN-S-Boning-89-001,0,5760,5878,5879,60,60,30,2
801,MVN-S-Boning-89-001,0,5880,5916,5917,19,60,30,2
802,MVN-S-Boning-89-001,3,5917,6035,6036,60,60,30,2
802,MVN-S-Boning-89-001,3,6037,6039,6040,2,60,30,2
803,MVN-S-Boning-89-001,4,6041,6218,6219,60,60,30,3
803,MVN-S-Boning-89-001,4,6131,6308,6309,60,60,30,3
803,MVN-S-Boning-89-001,4,6221,6398,6399,60,60,30,3
803,MVN-S-Boning-89-001,4,6311,6488,6489,60,60,30,3
803,MVN-S-Boning-89-001,4,6401,6578,6579,60,60,30,3
803,MVN-S-Boning-89-001,4,6491,6668,6669,60,60,30,3
803,MVN-S-Boning-89-001,4,6581,6758,6759,60,60,30,3
803,MVN-S-Boning-89-001,4,6671,6848,6849,60,60,30,3
803,MVN-S-Boning-89-001,4,6761,6938,6939,60,60,30,3
803,MVN-S-Boning-89-001,4,6851,7028,7029,60,60,30,3
803,MVN-S-Boning-89-001,4,6941,7118,7119,60,60,30,3
803,MVN-S-Boning-89-001,4,7031,7208,7209,60,60,30,3
803,MVN-S-Boning-89-001,4,7121,7298,7299,60,60,30,3
803,MVN-S-Boning-89-001,4,7211,7388,7389,60,60,30,3
803,MVN-S-Boning-89-001,4,7301,7478,7479,60,60,30,3
803,MVN-S-Boning-89-001,4,7391,7568,7569,60,60,30,3
803,MVN-S-Boning-89-001,4,7481,7658,7659,60,60,30,3
803,MVN-S-Boning-89-001,4,7571,7748,7749,60,60,30,3
803,MVN-S-Boning-89-001,4,7661,7838,7839,60,60,30,3
803,MVN-S-Boning-89-001,4,7751,7928,7929,60,60,30,3
803,MVN-S-Boning-89-001,4,7841,8018,8019,60,60,30,3
803,MVN-S-Boning-89-001,4,8021,8102,8103,28,60,30,3
804,MVN-S-Boning-89-001,8,8105,8159,8160,28,60,20,2
805,MVN-S-Boning-89-001,3,8160,8228,8229,35,60,30,2
806,MVN-S-Boning-89-001,4,8229,8406,8407,60,60,30,3
806,MVN-S-Boning-89-001,4,8319,8496,8497,60,60,30,3
806,MVN-S-Boning-89-001,4,8499,8553,8554,19,60,30,3
807,MVN-S-Boning-89-001,0,8554,8672,8673,60,60,30,2
807,MVN-S-Boning-89-001,0,8614,8732,8733,60,60,30,2
807,MVN-S-Boning-89-001,0,8734,8736,8737,2,60,30,2
808,MVN-S-Boning-89-001,2,8737,8855,8856,60,60,30,2
808,MVN-S-Boning-89-001,2,8797,8915,8916,60,60,30,2
808,MVN-S-Boning-89-001,2,8857,8975,8976,60,60,30,2
808,MVN-S-Boning-89-001,2,8917,9035,9036,60,60,30,2
808,MVN-S-Boning-89-001,2,8977,9095,9096,60,60,30,2
808,MVN-S-Boning-89-001,2,9037,9155,9156,60,60,30,2
808,MVN-S-Boning-89-001,2,9097,9215,9216,60,60,30,2
808,MVN-S-Boning-89-001,2,9157,9275,9276,60,60,30,2
808,MVN-S-Boning-89-001,2,9217,9335,9336,60,60,30,2
808,MVN-S-Boning-89-001,2,9277,9395,9396,60,60,30,2
808,MVN-S-Boning-89-001,2,9337,9455,9456,60,60,30,2
808,MVN-S-Boning-89-001,2,9457,9473,9474,9,60,30,2
809,MVN-S-Boning-89-001,1,9474,9592,9593,60,60,30,2
809,MVN-S-Boning-89-001,1,9594,9638,9639,23,60,30,2
810,MVN-S-Boning-89-001,3,9640,9758,9759,60,60,30,2
810,MVN-S-Boning-89-001,3,9700,9818,9819,60,60,30,2
810,MVN-S-Boning-89-001,3,9820,9840,9841,11,60,30,2
811,MVN-S-Boning-89-001,4,9842,10019,10020,60,60,30,3
811,MVN-S-Boning-89-001,4,9932,10109,10110,60,60,30,3
811,MVN-S-Boning-89-001,4,10022,10199,10200,60,60,30,3
811,MVN-S-Boning-89-001,4,10112,10289,10290,60,60,30,3
811,MVN-S-Boning-89-001,4,10202,10379,10380,60,60,30,3
811,MVN-S-Boning-89-001,4,10292,10469,10470,60,60,30,3
811,MVN-S-Boning-89-001,4,10382,10559,10560,60,60,30,3
811,MVN-S-Boning-89-001,4,10472,10649,10650,60,60,30,3
811,MVN-S-Boning-89-001,4,10562,10739,10740,60,60,30,3
811,MVN-S-Boning-89-001,4,10652,10829,10830,60,60,30,3
811,MVN-S-Boning-89-001,4,10742,10919,10920,60,60,30,3
811,MVN-S-Boning-89-001,4,10832,11009,11010,60,60,30,3
811,MVN-S-Boning-89-001,4,10922,11099,11100,60,60,30,3
811,MVN-S-Boning-89-001,4,11012,11189,11190,60,60,30,3
811,MVN-S-Boning-89-001,4,11102,11279,11280,60,60,30,3
811,MVN-S-Boning-89-001,4,11192,11369,11370,60,60,30,3
811,MVN-S-Boning-89-001,4,11282,11459,11460,60,60,30,3
811,MVN-S-Boning-89-001,4,11372,11549,11550,60,60,30,3
811,MVN-S-Boning-89-001,4,11462,11639,11640,60,60,30,3
811,MVN-S-Boning-89-001,4,11552,11729,11730,60,60,30,3
811,MVN-S-Boning-89-001,4,11642,11819,11820,60,60,30,3
811,MVN-S-Boning-89-001,4,11822,11870,11871,17,60,30,3
812,MVN-S-Boning-89-001,8,11872,11912,11913,21,60,20,2
813,MVN-S-Boning-89-001,3,11914,11980,11981,34,60,30,2
814,MVN-S-Boning-89-001,4,11982,12159,12160,60,60,30,3
814,MVN-S-Boning-89-001,4,12072,12249,12250,60,60,30,3
814,MVN-S-Boning-89-001,4,12162,12339,12340,60,60,30,3
814,MVN-S-Boning-89-001,4,12342,12354,12355,5,60,30,3
815,MVN-S-Boning-89-001,0,12356,12474,12475,60,60,30,2
815,MVN-S-Boning-89-001,0,12416,12534,12535,60,60,30,2
815,MVN-S-Boning-89-001,0,12536,12548,12549,7,60,30,2
816,MVN-S-Boning-89-001,2,12549,12667,12668,60,60,30,2
816,MVN-S-Boning-89-001,2,12609,12727,12728,60,60,30,2
816,MVN-S-Boning-89-001,2,12669,12787,12788,60,60,30,2
816,MVN-S-Boning-89-001,2,12729,12847,12848,60,60,30,2
816,MVN-S-Boning-89-001,2,12789,12907,12908,60,60,30,2
816,MVN-S-Boning-89-001,2,12909,12945,12946,19,60,30,2
817,MVN-S-Boning-89-001,3,12947,13065,13066,60,60,30,2
817,MVN-S-Boning-89-001,3,13067,13075,13076,5,60,30,2
818,MVN-S-Boning-89-001,4,13077,13254,13255,60,60,30,3
818,MVN-S-Boning-89-001,4,13167,13344,13345,60,60,30,3
818,MVN-S-Boning-89-001,4,13257,13434,13435,60,60,30,3
818,MVN-S-Boning-89-001,4,13347,13524,13525,60,60,30,3
818,MVN-S-Boning-89-001,4,13437,13614,13615,60,60,30,3
818,MVN-S-Boning-89-001,4,13527,13704,13705,60,60,30,3
818,MVN-S-Boning-89-001,4,13617,13794,13795,60,60,30,3
818,MVN-S-Boning-89-001,4,13707,13884,13885,60,60,30,3
818,MVN-S-Boning-89-001,4,13797,13974,13975,60,60,30,3
818,MVN-S-Boning-89-001,4,13887,14064,14065,60,60,30,3
818,MVN-S-Boning-89-001,4,13977,14154,14155,60,60,30,3
818,MVN-S-Boning-89-001,4,14067,14244,14245,60,60,30,3
818,MVN-S-Boning-89-001,4,14157,14334,14335,60,60,30,3
818,MVN-S-Boning-89-001,4,14247,14424,14425,60,60,30,3
818,MVN-S-Boning-89-001,4,14337,14514,14515,60,60,30,3
818,MVN-S-Boning-89-001,4,14427,14604,14605,60,60,30,3
818,MVN-S-Boning-89-001,4,14517,14694,14695,60,60,30,3
818,MVN-S-Boning-89-001,4,14607,14784,14785,60,60,30,3
818,MVN-S-Boning-89-001,4,14697,14874,14875,60,60,30,3
818,MVN-S-Boning-89-001,4,14787,14964,14965,60,60,30,3
818,MVN-S-Boning-89-001,4,14877,15054,15055,60,60,30,3
818,MVN-S-Boning-89-001,4,14967,15144,15145,60,60,30,3
818,MVN-S-Boning-89-001,4,15057,15234,15235,60,60,30,3
818,MVN-S-Boning-89-001,4,15237,15279,15280,15,60,30,3
819,MVN-S-Boning-89-001,8,15281,15335,15336,28,60,20,2
820,MVN-S-Boning-89-001,3,15336,15380,15381,23,60,30,2
821,MVN-S-Boning-89-001,4,15381,15558,15559,60,60,30,3
821,MVN-S-Boning-89-001,4,15471,15648,15649,60,60,30,3
821,MVN-S-Boning-89-001,4,15561,15738,15739,60,60,30,3
821,MVN-S-Boning-89-001,4,15651,15828,15829,60,60,30,3
821,MVN-S-Boning-89-001,4,15741,15918,15919,60,60,30,3
821,MVN-S-Boning-89-001,4,15921,15960,15961,14,60,30,3
822,MVN-S-Boning-89-001,0,15962,16080,16081,60,60,30,2
822,MVN-S-Boning-89-001,0,16022,16140,16141,60,60,30,2
822,MVN-S-Boning-89-001,0,16142,16166,16167,13,60,30,2
823,MVN-S-Boning-89-001,2,16168,16286,16287,60,60,30,2
823,MVN-S-Boning-89-001,2,16228,16346,16347,60,60,30,2
823,MVN-S-Boning-89-001,2,16288,16406,16407,60,60,30,2
823,MVN-S-Boning-89-001,2,16348,16466,16467,60,60,30,2
823,MVN-S-Boning-89-001,2,16408,16526,16527,60,60,30,2
823,MVN-S-Boning-89-001,2,16468,16586,16587,60,60,30,2
823,MVN-S-Boning-89-001,2,16528,16646,16647,60,60,30,2
823,MVN-S-Boning-89-001,2,16588,16706,16707,60,60,30,2
823,MVN-S-Boning-89-001,2,16648,16766,16767,60,60,30,2
823,MVN-S-Boning-89-001,2,16708,16826,16827,60,60,30,2
823,MVN-S-Boning-89-001,2,16768,16886,16887,60,60,30,2
823,MVN-S-Boning-89-001,2,16828,16946,16947,60,60,30,2
823,MVN-S-Boning-89-001,2,16948,17002,17003,28,60,30,2
824,MVN-S-Boning-89-001,0,17004,17122,17123,60,60,30,2
824,MVN-S-Boning-89-001,0,17064,17182,17183,60,60,30,2
824,MVN-S-Boning-89-001,0,17124,17242,17243,60,60,30,2
824,MVN-S-Boning-89-001,0,17184,17302,17303,60,60,30,2
824,MVN-S-Boning-89-001,0,17244,17362,17363,60,60,30,2
824,MVN-S-Boning-89-001,0,17304,17422,17423,60,60,30,2
824,MVN-S-Boning-89-001,0,17364,17482,17483,60,60,30,2
824,MVN-S-Boning-89-001,0,17424,17542,17543,60,60,30,2
824,MVN-S-Boning-89-001,0,17484,17602,17603,60,60,30,2
824,MVN-S-Boning-89-001,0,17544,17662,17663,60,60,30,2
824,MVN-S-Boning-89-001,0,17604,17722,17723,60,60,30,2
824,MVN-S-Boning-89-001,0,17664,17782,17783,60,60,30,2
824,MVN-S-Boning-89-001,0,17724,17842,17843,60,60,30,2
824,MVN-S-Boning-89-001,0,17784,17902,17903,60,60,30,2
824,MVN-S-Boning-89-001,0,17844,17962,17963,60,60,30,2
824,MVN-S-Boning-89-001,0,17904,18022,18023,60,60,30,2
824,MVN-S-Boning-89-001,0,17964,18082,18083,60,60,30,2
824,MVN-S-Boning-89-001,0,18024,18142,18143,60,60,30,2
824,MVN-S-Boning-89-001,0,18084,18202,18203,60,60,30,2
824,MVN-S-Boning-89-001,0,18144,18262,18263,60,60,30,2
824,MVN-S-Boning-89-001,0,18204,18322,18323,60,60,30,2
824,MVN-S-Boning-89-001,0,18264,18382,18383,60,60,30,2
824,MVN-S-Boning-89-001,0,18324,18442,18443,60,60,30,2
824,MVN-S-Boning-89-001,0,18384,18502,18503,60,60,30,2
824,MVN-S-Boning-89-001,0,18444,18562,18563,60,60,30,2
824,MVN-S-Boning-89-001,0,18504,18622,18623,60,60,30,2
824,MVN-S-Boning-89-001,0,18564,18682,18683,60,60,30,2
824,MVN-S-Boning-89-001,0,18624,18742,18743,60,60,30,2
824,MVN-S-Boning-89-001,0,18684,18802,18803,60,60,30,2
824,MVN-S-Boning-89-001,0,18744,18862,18863,60,60,30,2
824,MVN-S-Boning-89-001,0,18804,18922,18923,60,60,30,2
824,MVN-S-Boning-89-001,0,18864,18982,18983,60,60,30,2
824,MVN-S-Boning-89-001,0,18924,19042,19043,60,60,30,2
824,MVN-S-Boning-89-001,0,18984,19102,19103,60,60,30,2
824,MVN-S-Boning-89-001,0,19044,19162,19163,60,60,30,2
824,MVN-S-Boning-89-001,0,19104,19222,19223,60,60,30,2
824,MVN-S-Boning-89-001,0,19164,19282,19283,60,60,30,2
824,MVN-S-Boning-89-001,0,19224,19342,19343,60,60,30,2
824,MVN-S-Boning-89-001,0,19284,19402,19403,60,60,30,2
824,MVN-S-Boning-89-001,0,19344,19462,19463,60,60,30,2
824,MVN-S-Boning-89-001,0,19404,19522,19523,60,60,30,2
824,MVN-S-Boning-89-001,0,19464,19582,19583,60,60,30,2
824,MVN-S-Boning-89-001,0,19524,19642,19643,60,60,30,2
824,MVN-S-Boning-89-001,0,19584,19702,19703,60,60,30,2
824,MVN-S-Boning-89-001,0,19644,19762,19763,60,60,30,2
824,MVN-S-Boning-89-001,0,19704,19822,19823,60,60,30,2
824,MVN-S-Boning-89-001,0,19764,19882,19883,60,60,30,2
824,MVN-S-Boning-89-001,0,19824,19942,19943,60,60,30,2
824,MVN-S-Boning-89-001,0,19884,20002,20003,60,60,30,2
824,MVN-S-Boning-89-001,0,20004,20024,20025,11,60,30,2
825,MVN-S-Boning-89-001,1,20026,20144,20145,60,60,30,2
825,MVN-S-Boning-89-001,1,20086,20204,20205,60,60,30,2
825,MVN-S-Boning-89-001,1,20146,20264,20265,60,60,30,2
825,MVN-S-Boning-89-001,1,20206,20324,20325,60,60,30,2
825,MVN-S-Boning-89-001,1,20266,20384,20385,60,60,30,2
825,MVN-S-Boning-89-001,1,20326,20444,20445,60,60,30,2
825,MVN-S-Boning-89-001,1,20386,20504,20505,60,60,30,2
825,MVN-S-Boning-89-001,1,20446,20564,20565,60,60,30,2
825,MVN-S-Boning-89-001,1,20506,20624,20625,60,60,30,2
825,MVN-S-Boning-89-001,1,20626,20646,20647,11,60,30,2
826,MVN-S-Boning-89-002,1,0,118,119,60,60,30,2
826,MVN-S-Boning-89-002,1,60,178,179,60,60,30,2
826,MVN-S-Boning-89-002,1,180,226,227,24,60,30,2
827,MVN-S-Boning-89-002,0,227,345,346,60,60,30,2
827,MVN-S-Boning-89-002,0,287,405,406,60,60,30,2
827,MVN-S-Boning-89-002,0,347,465,466,60,60,30,2
827,MVN-S-Boning-89-002,0,407,525,526,60,60,30,2
827,MVN-S-Boning-89-002,0,467,585,586,60,60,30,2
827,MVN-S-Boning-89-002,0,527,645,646,60,60,30,2
827,MVN-S-Boning-89-002,0,587,705,706,60,60,30,2
827,MVN-S-Boning-89-002,0,647,765,766,60,60,30,2
827,MVN-S-Boning-89-002,0,707,825,826,60,60,30,2
827,MVN-S-Boning-89-002,0,767,885,886,60,60,30,2
827,MVN-S-Boning-89-002,0,827,945,946,60,60,30,2
827,MVN-S-Boning-89-002,0,887,1005,1006,60,60,30,2
827,MVN-S-Boning-89-002,0,947,1065,1066,60,60,30,2
827,MVN-S-Boning-89-002,0,1007,1125,1126,60,60,30,2
827,MVN-S-Boning-89-002,0,1067,1185,1186,60,60,30,2
827,MVN-S-Boning-89-002,0,1127,1245,1246,60,60,30,2
827,MVN-S-Boning-89-002,0,1187,1305,1306,60,60,30,2
827,MVN-S-Boning-89-002,0,1247,1365,1366,60,60,30,2
827,MVN-S-Boning-89-002,0,1307,1425,1426,60,60,30,2
827,MVN-S-Boning-89-002,0,1367,1485,1486,60,60,30,2
827,MVN-S-Boning-89-002,0,1487,1533,1534,24,60,30,2
828,MVN-S-Boning-89-002,3,1535,1641,1642,54,60,30,2
829,MVN-S-Boning-89-002,4,1643,1820,1821,60,60,30,3
829,MVN-S-Boning-89-002,4,1733,1910,1911,60,60,30,3
829,MVN-S-Boning-89-002,4,1823,2000,2001,60,60,30,3
829,MVN-S-Boning-89-002,4,1913,2090,2091,60,60,30,3
829,MVN-S-Boning-89-002,4,2003,2180,2181,60,60,30,3
829,MVN-S-Boning-89-002,4,2093,2270,2271,60,60,30,3
829,MVN-S-Boning-89-002,4,2183,2360,2361,60,60,30,3
829,MVN-S-Boning-89-002,4,2273,2450,2451,60,60,30,3
829,MVN-S-Boning-89-002,4,2363,2540,2541,60,60,30,3
829,MVN-S-Boning-89-002,4,2453,2630,2631,60,60,30,3
829,MVN-S-Boning-89-002,4,2543,2720,2721,60,60,30,3
829,MVN-S-Boning-89-002,4,2633,2810,2811,60,60,30,3
829,MVN-S-Boning-89-002,4,2723,2900,2901,60,60,30,3
829,MVN-S-Boning-89-002,4,2813,2990,2991,60,60,30,3
829,MVN-S-Boning-89-002,4,2903,3080,3081,60,60,30,3
829,MVN-S-Boning-89-002,4,2993,3170,3171,60,60,30,3
829,MVN-S-Boning-89-002,4,3083,3260,3261,60,60,30,3
829,MVN-S-Boning-89-002,4,3173,3350,3351,60,60,30,3
829,MVN-S-Boning-89-002,4,3263,3440,3441,60,60,30,3
829,MVN-S-Boning-89-002,4,3443,3524,3525,28,60,30,3
830,MVN-S-Boning-89-002,8,3526,3596,3597,36,60,20,2
831,MVN-S-Boning-89-002,3,3597,3639,3640,22,60,30,2
832,MVN-S-Boning-89-002,4,3640,3817,3818,60,60,30,3
832,MVN-S-Boning-89-002,4,3730,3907,3908,60,60,30,3
832,MVN-S-Boning-89-002,4,3820,3997,3998,60,60,30,3
832,MVN-S-Boning-89-002,4,4000,4057,4058,20,60,30,3
833,MVN-S-Boning-89-002,0,4059,4177,4178,60,60,30,2
833,MVN-S-Boning-89-002,0,4119,4237,4238,60,60,30,2
833,MVN-S-Boning-89-002,0,4179,4297,4298,60,60,30,2
833,MVN-S-Boning-89-002,0,4299,4321,4322,12,60,30,2
834,MVN-S-Boning-89-002,2,4322,4440,4441,60,60,30,2
834,MVN-S-Boning-89-002,2,4382,4500,4501,60,60,30,2
834,MVN-S-Boning-89-002,2,4442,4560,4561,60,60,30,2
834,MVN-S-Boning-89-002,2,4502,4620,4621,60,60,30,2
834,MVN-S-Boning-89-002,2,4562,4680,4681,60,60,30,2
834,MVN-S-Boning-89-002,2,4622,4740,4741,60,60,30,2
834,MVN-S-Boning-89-002,2,4682,4800,4801,60,60,30,2
834,MVN-S-Boning-89-002,2,4742,4860,4861,60,60,30,2
834,MVN-S-Boning-89-002,2,4802,4920,4921,60,60,30,2
834,MVN-S-Boning-89-002,2,4862,4980,4981,60,60,30,2
834,MVN-S-Boning-89-002,2,4982,5006,5007,13,60,30,2
835,MVN-S-Boning-89-002,0,5008,5126,5127,60,60,30,2
835,MVN-S-Boning-89-002,0,5068,5186,5187,60,60,30,2
835,MVN-S-Boning-89-002,0,5128,5246,5247,60,60,30,2
835,MVN-S-Boning-89-002,0,5188,5306,5307,60,60,30,2
835,MVN-S-Boning-89-002,0,5248,5366,5367,60,60,30,2
835,MVN-S-Boning-89-002,0,5308,5426,5427,60,60,30,2
835,MVN-S-Boning-89-002,0,5368,5486,5487,60,60,30,2
835,MVN-S-Boning-89-002,0,5428,5546,5547,60,60,30,2
835,MVN-S-Boning-89-002,0,5488,5606,5607,60,60,30,2
835,MVN-S-Boning-89-002,0,5548,5666,5667,60,60,30,2
835,MVN-S-Boning-89-002,0,5608,5726,5727,60,60,30,2
835,MVN-S-Boning-89-002,0,5668,5786,5787,60,60,30,2
835,MVN-S-Boning-89-002,0,5728,5846,5847,60,60,30,2
835,MVN-S-Boning-89-002,0,5788,5906,5907,60,60,30,2
835,MVN-S-Boning-89-002,0,5848,5966,5967,60,60,30,2
835,MVN-S-Boning-89-002,0,5908,6026,6027,60,60,30,2
835,MVN-S-Boning-89-002,0,5968,6086,6087,60,60,30,2
835,MVN-S-Boning-89-002,0,6028,6146,6147,60,60,30,2
835,MVN-S-Boning-89-002,0,6088,6206,6207,60,60,30,2
835,MVN-S-Boning-89-002,0,6148,6266,6267,60,60,30,2
835,MVN-S-Boning-89-002,0,6208,6326,6327,60,60,30,2
835,MVN-S-Boning-89-002,0,6328,6334,6335,4,60,30,2
836,MVN-S-Boning-89-002,3,6336,6454,6455,60,60,30,2
836,MVN-S-Boning-89-002,3,6396,6514,6515,60,60,30,2
836,MVN-S-Boning-89-002,3,6516,6554,6555,20,60,30,2
837,MVN-S-Boning-89-002,4,6555,6732,6733,60,60,30,3
837,MVN-S-Boning-89-002,4,6645,6822,6823,60,60,30,3
837,MVN-S-Boning-89-002,4,6735,6912,6913,60,60,30,3
837,MVN-S-Boning-89-002,4,6825,7002,7003,60,60,30,3
837,MVN-S-Boning-89-002,4,6915,7092,7093,60,60,30,3
837,MVN-S-Boning-89-002,4,7005,7182,7183,60,60,30,3
837,MVN-S-Boning-89-002,4,7095,7272,7273,60,60,30,3
837,MVN-S-Boning-89-002,4,7185,7362,7363,60,60,30,3
837,MVN-S-Boning-89-002,4,7275,7452,7453,60,60,30,3
837,MVN-S-Boning-89-002,4,7365,7542,7543,60,60,30,3
837,MVN-S-Boning-89-002,4,7455,7632,7633,60,60,30,3
837,MVN-S-Boning-89-002,4,7545,7722,7723,60,60,30,3
837,MVN-S-Boning-89-002,4,7635,7812,7813,60,60,30,3
837,MVN-S-Boning-89-002,4,7725,7902,7903,60,60,30,3
837,MVN-S-Boning-89-002,4,7815,7992,7993,60,60,30,3
837,MVN-S-Boning-89-002,4,7905,8082,8083,60,60,30,3
837,MVN-S-Boning-89-002,4,7995,8172,8173,60,60,30,3
837,MVN-S-Boning-89-002,4,8085,8262,8263,60,60,30,3
837,MVN-S-Boning-89-002,4,8175,8352,8353,60,60,30,3
837,MVN-S-Boning-89-002,4,8265,8442,8443,60,60,30,3
838,MVN-S-Boning-89-002,8,8443,8521,8522,40,60,20,2
839,MVN-S-Boning-89-002,3,8522,8640,8641,60,60,30,2
839,MVN-S-Boning-89-002,3,8642,8648,8649,4,60,30,2
840,MVN-S-Boning-89-002,4,8650,8827,8828,60,60,30,3
840,MVN-S-Boning-89-002,4,8740,8917,8918,60,60,30,3
840,MVN-S-Boning-89-002,4,8920,8971,8972,18,60,30,3
841,MVN-S-Boning-89-002,2,8974,9092,9093,60,60,30,2
841,MVN-S-Boning-89-002,2,9034,9152,9153,60,60,30,2
841,MVN-S-Boning-89-002,2,9094,9212,9213,60,60,30,2
841,MVN-S-Boning-89-002,2,9154,9272,9273,60,60,30,2
841,MVN-S-Boning-89-002,2,9214,9332,9333,60,60,30,2
841,MVN-S-Boning-89-002,2,9274,9392,9393,60,60,30,2
841,MVN-S-Boning-89-002,2,9334,9452,9453,60,60,30,2
841,MVN-S-Boning-89-002,2,9394,9512,9513,60,60,30,2
841,MVN-S-Boning-89-002,2,9514,9570,9571,29,60,30,2
842,MVN-S-Boning-89-002,3,9571,9689,9690,60,60,30,2
842,MVN-S-Boning-89-002,3,9691,9705,9706,8,60,30,2
843,MVN-S-Boning-89-002,4,9706,9883,9884,60,60,30,3
843,MVN-S-Boning-89-002,4,9796,9973,9974,60,60,30,3
843,MVN-S-Boning-89-002,4,9886,10063,10064,60,60,30,3
843,MVN-S-Boning-89-002,4,9976,10153,10154,60,60,30,3
843,MVN-S-Boning-89-002,4,10066,10243,10244,60,60,30,3
843,MVN-S-Boning-89-002,4,10156,10333,10334,60,60,30,3
843,MVN-S-Boning-89-002,4,10246,10423,10424,60,60,30,3
843,MVN-S-Boning-89-002,4,10336,10513,10514,60,60,30,3
843,MVN-S-Boning-89-002,4,10426,10603,10604,60,60,30,3
843,MVN-S-Boning-89-002,4,10516,10693,10694,60,60,30,3
843,MVN-S-Boning-89-002,4,10606,10783,10784,60,60,30,3
843,MVN-S-Boning-89-002,4,10696,10873,10874,60,60,30,3
843,MVN-S-Boning-89-002,4,10786,10963,10964,60,60,30,3
843,MVN-S-Boning-89-002,4,10876,11053,11054,60,60,30,3
843,MVN-S-Boning-89-002,4,10966,11143,11144,60,60,30,3
843,MVN-S-Boning-89-002,4,11056,11233,11234,60,60,30,3
843,MVN-S-Boning-89-002,4,11146,11323,11324,60,60,30,3
843,MVN-S-Boning-89-002,4,11236,11413,11414,60,60,30,3
843,MVN-S-Boning-89-002,4,11326,11503,11504,60,60,30,3
843,MVN-S-Boning-89-002,4,11416,11593,11594,60,60,30,3
843,MVN-S-Boning-89-002,4,11596,11662,11663,23,60,30,3
844,MVN-S-Boning-89-002,8,11663,11709,11710,24,60,20,2
845,MVN-S-Boning-89-002,3,11710,11762,11763,27,60,30,2
846,MVN-S-Boning-89-002,4,11763,11940,11941,60,60,30,3
846,MVN-S-Boning-89-002,4,11853,12030,12031,60,60,30,3
846,MVN-S-Boning-89-002,4,11943,12120,12121,60,60,30,3
846,MVN-S-Boning-89-002,4,12033,12210,12211,60,60,30,3
847,MVN-S-Boning-89-002,0,12213,12257,12258,23,60,30,2
848,MVN-S-Boning-89-003,0,0,118,119,60,60,30,2
848,MVN-S-Boning-89-003,0,60,178,179,60,60,30,2
848,MVN-S-Boning-89-003,0,120,238,239,60,60,30,2
848,MVN-S-Boning-89-003,0,180,298,299,60,60,30,2
848,MVN-S-Boning-89-003,0,240,358,359,60,60,30,2
848,MVN-S-Boning-89-003,0,300,418,419,60,60,30,2
848,MVN-S-Boning-89-003,0,360,478,479,60,60,30,2
848,MVN-S-Boning-89-003,0,420,538,539,60,60,30,2
848,MVN-S-Boning-89-003,0,480,598,599,60,60,30,2
848,MVN-S-Boning-89-003,0,540,658,659,60,60,30,2
848,MVN-S-Boning-89-003,0,600,718,719,60,60,30,2
848,MVN-S-Boning-89-003,0,720,748,749,15,60,30,2
849,MVN-S-Boning-89-003,1,749,867,868,60,60,30,2
850,MVN-S-Boning-89-003,0,868,986,987,60,60,30,2
850,MVN-S-Boning-89-003,0,928,1046,1047,60,60,30,2
850,MVN-S-Boning-89-003,0,988,1106,1107,60,60,30,2
850,MVN-S-Boning-89-003,0,1048,1166,1167,60,60,30,2
850,MVN-S-Boning-89-003,0,1108,1226,1227,60,60,30,2
850,MVN-S-Boning-89-003,0,1168,1286,1287,60,60,30,2
850,MVN-S-Boning-89-003,0,1228,1346,1347,60,60,30,2
850,MVN-S-Boning-89-003,0,1348,1370,1371,12,60,30,2
851,MVN-S-Boning-89-003,3,1371,1489,1490,60,60,30,2
851,MVN-S-Boning-89-003,3,1431,1549,1550,60,60,30,2
851,MVN-S-Boning-89-003,3,1551,1557,1558,4,60,30,2
852,MVN-S-Boning-89-003,4,1559,1736,1737,60,60,30,3
852,MVN-S-Boning-89-003,4,1649,1826,1827,60,60,30,3
852,MVN-S-Boning-89-003,4,1739,1916,1917,60,60,30,3
852,MVN-S-Boning-89-003,4,1829,2006,2007,60,60,30,3
852,MVN-S-Boning-89-003,4,1919,2096,2097,60,60,30,3
852,MVN-S-Boning-89-003,4,2009,2186,2187,60,60,30,3
852,MVN-S-Boning-89-003,4,2099,2276,2277,60,60,30,3
852,MVN-S-Boning-89-003,4,2189,2366,2367,60,60,30,3
852,MVN-S-Boning-89-003,4,2279,2456,2457,60,60,30,3
852,MVN-S-Boning-89-003,4,2369,2546,2547,60,60,30,3
852,MVN-S-Boning-89-003,4,2459,2636,2637,60,60,30,3
852,MVN-S-Boning-89-003,4,2549,2726,2727,60,60,30,3
852,MVN-S-Boning-89-003,4,2639,2816,2817,60,60,30,3
852,MVN-S-Boning-89-003,4,2729,2906,2907,60,60,30,3
852,MVN-S-Boning-89-003,4,2909,2915,2916,3,60,30,3
853,MVN-S-Boning-89-003,8,2917,3035,3036,60,60,20,2
853,MVN-S-Boning-89-003,8,2957,3075,3076,60,60,20,2
853,MVN-S-Boning-89-003,8,3077,3079,3080,2,60,20,2
854,MVN-S-Boning-89-003,2,3081,3199,3200,60,60,30,2
854,MVN-S-Boning-89-003,2,3141,3259,3260,60,60,30,2
854,MVN-S-Boning-89-003,2,3201,3319,3320,60,60,30,2
854,MVN-S-Boning-89-003,2,3261,3379,3380,60,60,30,2
854,MVN-S-Boning-89-003,2,3321,3439,3440,60,60,30,2
854,MVN-S-Boning-89-003,2,3381,3499,3500,60,60,30,2
854,MVN-S-Boning-89-003,2,3441,3559,3560,60,60,30,2
854,MVN-S-Boning-89-003,2,3501,3619,3620,60,60,30,2
854,MVN-S-Boning-89-003,2,3561,3679,3680,60,60,30,2
854,MVN-S-Boning-89-003,2,3621,3739,3740,60,60,30,2
854,MVN-S-Boning-89-003,2,3741,3747,3748,4,60,30,2
855,MVN-S-Boning-89-003,0,3748,3866,3867,60,60,30,2
855,MVN-S-Boning-89-003,0,3808,3926,3927,60,60,30,2
855,MVN-S-Boning-89-003,0,3868,3986,3987,60,60,30,2
855,MVN-S-Boning-89-003,0,3928,4046,4047,60,60,30,2
855,MVN-S-Boning-89-003,0,3988,4106,4107,60,60,30,2
855,MVN-S-Boning-89-003,0,4048,4166,4167,60,60,30,2
855,MVN-S-Boning-89-003,0,4108,4226,4227,60,60,30,2
855,MVN-S-Boning-89-003,0,4168,4286,4287,60,60,30,2
855,MVN-S-Boning-89-003,0,4228,4346,4347,60,60,30,2
855,MVN-S-Boning-89-003,0,4288,4406,4407,60,60,30,2
855,MVN-S-Boning-89-003,0,4348,4466,4467,60,60,30,2
855,MVN-S-Boning-89-003,0,4408,4526,4527,60,60,30,2
855,MVN-S-Boning-89-003,0,4468,4586,4587,60,60,30,2
855,MVN-S-Boning-89-003,0,4528,4646,4647,60,60,30,2
855,MVN-S-Boning-89-003,0,4588,4706,4707,60,60,30,2
855,MVN-S-Boning-89-003,0,4648,4766,4767,60,60,30,2
855,MVN-S-Boning-89-003,0,4708,4826,4827,60,60,30,2
855,MVN-S-Boning-89-003,0,4768,4886,4887,60,60,30,2
855,MVN-S-Boning-89-003,0,4828,4946,4947,60,60,30,2
855,MVN-S-Boning-89-003,0,4888,5006,5007,60,60,30,2
855,MVN-S-Boning-89-003,0,4948,5066,5067,60,60,30,2
855,MVN-S-Boning-89-003,0,5008,5126,5127,60,60,30,2
855,MVN-S-Boning-89-003,0,5068,5186,5187,60,60,30,2
855,MVN-S-Boning-89-003,0,5128,5246,5247,60,60,30,2
855,MVN-S-Boning-89-003,0,5188,5306,5307,60,60,30,2
855,MVN-S-Boning-89-003,0,5248,5366,5367,60,60,30,2
855,MVN-S-Boning-89-003,0,5308,5426,5427,60,60,30,2
855,MVN-S-Boning-89-003,0,5368,5486,5487,60,60,30,2
855,MVN-S-Boning-89-003,0,5488,5540,5541,27,60,30,2
856,MVN-S-Boning-89-003,1,5541,5633,5634,47,60,30,2
857,MVN-S-Boning-89-003,0,5634,5752,5753,60,60,30,2
857,MVN-S-Boning-89-003,0,5694,5812,5813,60,60,30,2
857,MVN-S-Boning-89-003,0,5754,5872,5873,60,60,30,2
857,MVN-S-Boning-89-003,0,5814,5932,5933,60,60,30,2
857,MVN-S-Boning-89-003,0,5874,5992,5993,60,60,30,2
857,MVN-S-Boning-89-003,0,5934,6052,6053,60,60,30,2
857,MVN-S-Boning-89-003,0,5994,6112,6113,60,60,30,2
857,MVN-S-Boning-89-003,0,6054,6172,6173,60,60,30,2
857,MVN-S-Boning-89-003,0,6114,6232,6233,60,60,30,2
857,MVN-S-Boning-89-003,0,6174,6292,6293,60,60,30,2
857,MVN-S-Boning-89-003,0,6234,6352,6353,60,60,30,2
857,MVN-S-Boning-89-003,0,6294,6412,6413,60,60,30,2
857,MVN-S-Boning-89-003,0,6354,6472,6473,60,60,30,2
857,MVN-S-Boning-89-003,0,6414,6532,6533,60,60,30,2
857,MVN-S-Boning-89-003,0,6474,6592,6593,60,60,30,2
857,MVN-S-Boning-89-003,0,6534,6652,6653,60,60,30,2
857,MVN-S-Boning-89-003,0,6594,6712,6713,60,60,30,2
857,MVN-S-Boning-89-003,0,6654,6772,6773,60,60,30,2
857,MVN-S-Boning-89-003,0,6714,6832,6833,60,60,30,2
857,MVN-S-Boning-89-003,0,6774,6892,6893,60,60,30,2
857,MVN-S-Boning-89-003,0,6834,6952,6953,60,60,30,2
857,MVN-S-Boning-89-003,0,6894,7012,7013,60,60,30,2
857,MVN-S-Boning-89-003,0,6954,7072,7073,60,60,30,2
857,MVN-S-Boning-89-003,0,7014,7132,7133,60,60,30,2
857,MVN-S-Boning-89-003,0,7134,7144,7145,6,60,30,2
858,MVN-S-Boning-89-003,1,7146,7264,7265,60,60,30,2
858,MVN-S-Boning-89-003,1,7206,7324,7325,60,60,30,2
858,MVN-S-Boning-89-003,1,7326,7366,7367,21,60,30,2
859,MVN-S-Boning-89-003,0,7368,7486,7487,60,60,30,2
859,MVN-S-Boning-89-003,0,7428,7546,7547,60,60,30,2
859,MVN-S-Boning-89-003,0,7488,7606,7607,60,60,30,2
859,MVN-S-Boning-89-003,0,7608,7640,7641,17,60,30,2
860,MVN-S-Boning-89-003,1,7642,7760,7761,60,60,30,2
860,MVN-S-Boning-89-003,1,7702,7820,7821,60,60,30,2
860,MVN-S-Boning-89-003,1,7822,7858,7859,19,60,30,2
861,MVN-S-Boning-89-003,3,7859,7977,7978,60,60,30,2
861,MVN-S-Boning-89-003,3,7979,7991,7992,7,60,30,2
862,MVN-S-Boning-89-003,4,7992,8169,8170,60,60,30,3
862,MVN-S-Boning-89-003,4,8082,8259,8260,60,60,30,3
862,MVN-S-Boning-89-003,4,8172,8349,8350,60,60,30,3
862,MVN-S-Boning-89-003,4,8262,8439,8440,60,60,30,3
862,MVN-S-Boning-89-003,4,8352,8529,8530,60,60,30,3
862,MVN-S-Boning-89-003,4,8442,8619,8620,60,60,30,3
862,MVN-S-Boning-89-003,4,8532,8709,8710,60,60,30,3
862,MVN-S-Boning-89-003,4,8622,8799,8800,60,60,30,3
862,MVN-S-Boning-89-003,4,8712,8889,8890,60,60,30,3
862,MVN-S-Boning-89-003,4,8802,8979,8980,60,60,30,3
862,MVN-S-Boning-89-003,4,8892,9069,9070,60,60,30,3
862,MVN-S-Boning-89-003,4,8982,9159,9160,60,60,30,3
862,MVN-S-Boning-89-003,4,9072,9249,9250,60,60,30,3
862,MVN-S-Boning-89-003,4,9252,9294,9295,15,60,30,3
863,MVN-S-Boning-89-003,8,9296,9414,9415,60,60,20,2
863,MVN-S-Boning-89-003,8,9336,9454,9455,60,60,20,2
863,MVN-S-Boning-89-003,8,9456,9488,9489,17,60,20,2
864,MVN-S-Boning-89-003,2,9489,9607,9608,60,60,30,2
864,MVN-S-Boning-89-003,2,9549,9667,9668,60,60,30,2
864,MVN-S-Boning-89-003,2,9609,9727,9728,60,60,30,2
864,MVN-S-Boning-89-003,2,9669,9787,9788,60,60,30,2
864,MVN-S-Boning-89-003,2,9789,9821,9822,17,60,30,2
865,MVN-S-Boning-89-003,3,9822,9940,9941,60,60,30,2
865,MVN-S-Boning-89-003,3,9882,10000,10001,60,60,30,2
865,MVN-S-Boning-89-003,3,10002,10018,10019,9,60,30,2
866,MVN-S-Boning-89-003,4,10019,10196,10197,60,60,30,3
866,MVN-S-Boning-89-003,4,10109,10286,10287,60,60,30,3
866,MVN-S-Boning-89-003,4,10199,10376,10377,60,60,30,3
866,MVN-S-Boning-89-003,4,10289,10466,10467,60,60,30,3
866,MVN-S-Boning-89-003,4,10379,10556,10557,60,60,30,3
866,MVN-S-Boning-89-003,4,10469,10646,10647,60,60,30,3
866,MVN-S-Boning-89-003,4,10559,10736,10737,60,60,30,3
866,MVN-S-Boning-89-003,4,10649,10826,10827,60,60,30,3
866,MVN-S-Boning-89-003,4,10739,10916,10917,60,60,30,3
866,MVN-S-Boning-89-003,4,10829,11006,11007,60,60,30,3
866,MVN-S-Boning-89-003,4,10919,11096,11097,60,60,30,3
866,MVN-S-Boning-89-003,4,11009,11186,11187,60,60,30,3
866,MVN-S-Boning-89-003,4,11099,11276,11277,60,60,30,3
866,MVN-S-Boning-89-003,4,11189,11366,11367,60,60,30,3
866,MVN-S-Boning-89-003,4,11279,11456,11457,60,60,30,3
866,MVN-S-Boning-89-003,4,11369,11546,11547,60,60,30,3
866,MVN-S-Boning-89-003,4,11459,11636,11637,60,60,30,3
866,MVN-S-Boning-89-003,4,11549,11726,11727,60,60,30,3
866,MVN-S-Boning-89-003,4,11639,11816,11817,60,60,30,3
866,MVN-S-Boning-89-003,4,11729,11906,11907,60,60,30,3
866,MVN-S-Boning-89-003,4,11819,11996,11997,60,60,30,3
866,MVN-S-Boning-89-003,4,11909,12086,12087,60,60,30,3
866,MVN-S-Boning-89-003,4,11999,12176,12177,60,60,30,3
866,MVN-S-Boning-89-003,4,12089,12266,12267,60,60,30,3
866,MVN-S-Boning-89-003,4,12179,12356,12357,60,60,30,3
866,MVN-S-Boning-89-003,4,12269,12446,12447,60,60,30,3
866,MVN-S-Boning-89-003,4,12359,12536,12537,60,60,30,3
866,MVN-S-Boning-89-003,4,12449,12626,12627,60,60,30,3
866,MVN-S-Boning-89-003,4,12539,12716,12717,60,60,30,3
866,MVN-S-Boning-89-003,4,12629,12806,12807,60,60,30,3
866,MVN-S-Boning-89-003,4,12719,12896,12897,60,60,30,3
866,MVN-S-Boning-89-003,4,12809,12986,12987,60,60,30,3
866,MVN-S-Boning-89-003,4,12899,13076,13077,60,60,30,3
866,MVN-S-Boning-89-003,4,12989,13166,13167,60,60,30,3
866,MVN-S-Boning-89-003,4,13169,13187,13188,7,60,30,3
867,MVN-S-Boning-89-003,1,13188,13306,13307,60,60,30,2
867,MVN-S-Boning-89-003,1,13308,13312,13313,3,60,30,2
868,MVN-S-Boning-89-003,3,13314,13352,13353,20,60,30,2
869,MVN-S-Boning-89-003,4,13353,13530,13531,60,60,30,3
869,MVN-S-Boning-89-003,4,13443,13620,13621,60,60,30,3
869,MVN-S-Boning-89-003,4,13533,13710,13711,60,60,30,3
869,MVN-S-Boning-89-003,4,13623,13800,13801,60,60,30,3
869,MVN-S-Boning-89-003,4,13713,13890,13891,60,60,30,3
869,MVN-S-Boning-89-003,4,13803,13980,13981,60,60,30,3
869,MVN-S-Boning-89-003,4,13983,14037,14038,19,60,30,3
870,MVN-S-Boning-89-003,8,14039,14157,14158,60,60,20,2
870,MVN-S-Boning-89-003,8,14079,14197,14198,60,60,20,2
870,MVN-S-Boning-89-003,8,14199,14235,14236,19,60,20,2
871,MVN-S-Boning-89-003,0,14237,14355,14356,60,60,30,2
871,MVN-S-Boning-89-003,0,14297,14415,14416,60,60,30,2
871,MVN-S-Boning-89-003,0,14357,14475,14476,60,60,30,2
871,MVN-S-Boning-89-003,0,14417,14535,14536,60,60,30,2
871,MVN-S-Boning-89-003,0,14537,14573,14574,19,60,30,2
872,MVN-S-Boning-89-003,2,14574,14692,14693,60,60,30,2
872,MVN-S-Boning-89-003,2,14634,14752,14753,60,60,30,2
872,MVN-S-Boning-89-003,2,14694,14812,14813,60,60,30,2
872,MVN-S-Boning-89-003,2,14754,14872,14873,60,60,30,2
872,MVN-S-Boning-89-003,2,14814,14932,14933,60,60,30,2
872,MVN-S-Boning-89-003,2,14874,14992,14993,60,60,30,2
872,MVN-S-Boning-89-003,2,14934,15052,15053,60,60,30,2
872,MVN-S-Boning-89-003,2,14994,15112,15113,60,60,30,2
872,MVN-S-Boning-89-003,2,15054,15172,15173,60,60,30,2
872,MVN-S-Boning-89-003,2,15114,15232,15233,60,60,30,2
872,MVN-S-Boning-89-003,2,15174,15292,15293,60,60,30,2
872,MVN-S-Boning-89-003,2,15294,15334,15335,21,60,30,2
873,MVN-S-Boning-89-003,0,15336,15454,15455,60,60,30,2
873,MVN-S-Boning-89-003,0,15396,15514,15515,60,60,30,2
873,MVN-S-Boning-89-003,0,15456,15574,15575,60,60,30,2
873,MVN-S-Boning-89-003,0,15516,15634,15635,60,60,30,2
873,MVN-S-Boning-89-003,0,15576,15694,15695,60,60,30,2
873,MVN-S-Boning-89-003,0,15636,15754,15755,60,60,30,2
873,MVN-S-Boning-89-003,0,15756,15778,15779,12,60,30,2
874,MVN-S-Boning-89-003,1,15779,15865,15866,44,60,30,2
875,MVN-S-Boning-89-003,0,15866,15984,15985,60,60,30,2
875,MVN-S-Boning-89-003,0,15926,16044,16045,60,60,30,2
875,MVN-S-Boning-89-003,0,15986,16104,16105,60,60,30,2
875,MVN-S-Boning-89-003,0,16046,16164,16165,60,60,30,2
875,MVN-S-Boning-89-003,0,16106,16224,16225,60,60,30,2
875,MVN-S-Boning-89-003,0,16166,16284,16285,60,60,30,2
875,MVN-S-Boning-89-003,0,16226,16344,16345,60,60,30,2
875,MVN-S-Boning-89-003,0,16286,16404,16405,60,60,30,2
875,MVN-S-Boning-89-003,0,16406,16430,16431,13,60,30,2
876,MVN-S-Boning-89-003,1,16432,16550,16551,60,60,30,2
876,MVN-S-Boning-89-003,1,16552,16584,16585,17,60,30,2
877,MVN-S-Boning-89-003,3,16585,16703,16704,60,60,30,2
877,MVN-S-Boning-89-003,3,16705,16707,16708,2,60,30,2
878,MVN-S-Boning-89-003,4,16708,16885,16886,60,60,30,3
878,MVN-S-Boning-89-003,4,16798,16975,16976,60,60,30,3
878,MVN-S-Boning-89-003,4,16888,17065,17066,60,60,30,3
878,MVN-S-Boning-89-003,4,16978,17155,17156,60,60,30,3
878,MVN-S-Boning-89-003,4,17068,17245,17246,60,60,30,3
878,MVN-S-Boning-89-003,4,17158,17335,17336,60,60,30,3
878,MVN-S-Boning-89-003,4,17248,17425,17426,60,60,30,3
878,MVN-S-Boning-89-003,4,17338,17515,17516,60,60,30,3
878,MVN-S-Boning-89-003,4,17428,17605,17606,60,60,30,3
878,MVN-S-Boning-89-003,4,17518,17695,17696,60,60,30,3
878,MVN-S-Boning-89-003,4,17608,17785,17786,60,60,30,3
878,MVN-S-Boning-89-003,4,17698,17875,17876,60,60,30,3
878,MVN-S-Boning-89-003,4,17788,17965,17966,60,60,30,3
878,MVN-S-Boning-89-003,4,17878,18055,18056,60,60,30,3
878,MVN-S-Boning-89-003,4,17968,18145,18146,60,60,30,3
878,MVN-S-Boning-89-003,4,18148,18148,18149,1,60,30,3
879,MVN-S-Boning-89-003,8,18151,18269,18270,60,60,20,2
879,MVN-S-Boning-89-003,8,18191,18309,18310,60,60,20,2
879,MVN-S-Boning-89-003,8,18311,18335,18336,13,60,20,2
880,MVN-S-Boning-89-003,2,18336,18454,18455,60,60,30,2
880,MVN-S-Boning-89-003,2,18396,18514,18515,60,60,30,2
880,MVN-S-Boning-89-003,2,18456,18574,18575,60,60,30,2
880,MVN-S-Boning-89-003,2,18516,18634,18635,60,60,30,2
880,MVN-S-Boning-89-003,2,18576,18694,18695,60,60,30,2
880,MVN-S-Boning-89-003,2,18696,18716,18717,11,60,30,2
881,MVN-S-Boning-89-003,3,18717,18829,18830,57,60,30,2
882,MVN-S-Boning-89-003,4,18830,19007,19008,60,60,30,3
882,MVN-S-Boning-89-003,4,18920,19097,19098,60,60,30,3
882,MVN-S-Boning-89-003,4,19010,19187,19188,60,60,30,3
882,MVN-S-Boning-89-003,4,19100,19277,19278,60,60,30,3
882,MVN-S-Boning-89-003,4,19190,19367,19368,60,60,30,3
882,MVN-S-Boning-89-003,4,19280,19457,19458,60,60,30,3
882,MVN-S-Boning-89-003,4,19370,19547,19548,60,60,30,3
882,MVN-S-Boning-89-003,4,19460,19637,19638,60,60,30,3
882,MVN-S-Boning-89-003,4,19550,19727,19728,60,60,30,3
882,MVN-S-Boning-89-003,4,19640,19817,19818,60,60,30,3
882,MVN-S-Boning-89-003,4,19730,19907,19908,60,60,30,3
882,MVN-S-Boning-89-003,4,19820,19997,19998,60,60,30,3
882,MVN-S-Boning-89-003,4,19910,20087,20088,60,60,30,3
882,MVN-S-Boning-89-003,4,20090,20138,20139,17,60,30,3
883,MVN-S-Boning-89-003,8,20139,20219,20220,41,60,20,2
956,MVN-S-Slicing-73-001,3,0,118,119,60,60,30,2
956,MVN-S-Slicing-73-001,3,60,178,179,60,60,30,2
957,MVN-S-Slicing-73-001,5,179,238,239,60,60,20,1
957,MVN-S-Slicing-73-001,5,199,258,259,60,60,20,1
957,MVN-S-Slicing-73-001,5,219,278,279,60,60,20,1
957,MVN-S-Slicing-73-001,5,239,298,299,60,60,20,1
957,MVN-S-Slicing-73-001,5,259,318,319,60,60,20,1
957,MVN-S-Slicing-73-001,5,279,338,339,60,60,20,1
957,MVN-S-Slicing-73-001,5,299,358,359,60,60,20,1
957,MVN-S-Slicing-73-001,5,319,378,379,60,60,20,1
957,MVN-S-Slicing-73-001,5,339,398,399,60,60,20,1
957,MVN-S-Slicing-73-001,5,359,418,419,60,60,20,1
957,MVN-S-Slicing-73-001,5,379,438,439,60,60,20,1
957,MVN-S-Slicing-73-001,5,399,458,459,60,60,20,1
957,MVN-S-Slicing-73-001,5,419,478,479,60,60,20,1
957,MVN-S-Slicing-73-001,5,439,498,499,60,60,20,1
957,MVN-S-Slicing-73-001,5,499,514,515,16,60,20,1
958,MVN-S-Slicing-73-001,8,515,581,582,34,60,20,2
959,MVN-S-Slicing-73-001,7,582,630,631,49,60,20,1
960,MVN-S-Slicing-73-001,6,631,690,691,60,60,15,1
960,MVN-S-Slicing-73-001,6,646,705,706,60,60,15,1
960,MVN-S-Slicing-73-001,6,661,720,721,60,60,15,1
960,MVN-S-Slicing-73-001,6,676,735,736,60,60,15,1
960,MVN-S-Slicing-73-001,6,691,750,751,60,60,15,1
960,MVN-S-Slicing-73-001,6,706,765,766,60,60,15,1
960,MVN-S-Slicing-73-001,6,766,771,772,6,60,15,1
961,MVN-S-Slicing-73-001,8,772,890,891,60,60,20,2
961,MVN-S-Slicing-73-001,8,892,918,919,14,60,20,2
962,MVN-S-Slicing-73-001,7,920,979,980,60,60,20,1
962,MVN-S-Slicing-73-001,7,980,998,999,19,60,20,1
963,MVN-S-Slicing-73-001,5,999,1058,1059,60,60,20,1
963,MVN-S-Slicing-73-001,5,1019,1078,1079,60,60,20,1
963,MVN-S-Slicing-73-001,5,1039,1098,1099,60,60,20,1
963,MVN-S-Slicing-73-001,5,1059,1118,1119,60,60,20,1
963,MVN-S-Slicing-73-001,5,1079,1138,1139,60,60,20,1
963,MVN-S-Slicing-73-001,5,1099,1158,1159,60,60,20,1
963,MVN-S-Slicing-73-001,5,1119,1178,1179,60,60,20,1
963,MVN-S-Slicing-73-001,5,1139,1198,1199,60,60,20,1
963,MVN-S-Slicing-73-001,5,1159,1218,1219,60,60,20,1
963,MVN-S-Slicing-73-001,5,1179,1238,1239,60,60,20,1
963,MVN-S-Slicing-73-001,5,1199,1258,1259,60,60,20,1
963,MVN-S-Slicing-73-001,5,1219,1278,1279,60,60,20,1
963,MVN-S-Slicing-73-001,5,1239,1298,1299,60,60,20,1
963,MVN-S-Slicing-73-001,5,1259,1318,1319,60,60,20,1
963,MVN-S-Slicing-73-001,5,1279,1338,1339,60,60,20,1
963,MVN-S-Slicing-73-001,5,1299,1358,1359,60,60,20,1
963,MVN-S-Slicing-73-001,5,1319,1378,1379,60,60,20,1
963,MVN-S-Slicing-73-001,5,1339,1398,1399,60,60,20,1
963,MVN-S-Slicing-73-001,5,1399,1401,1402,3,60,20,1
964,MVN-S-Slicing-73-001,8,1402,1468,1469,34,60,20,2
965,MVN-S-Slicing-73-001,5,1470,1529,1530,60,60,20,1
965,MVN-S-Slicing-73-001,5,1490,1549,1550,60,60,20,1
965,MVN-S-Slicing-73-001,5,1510,1569,1570,60,60,20,1
965,MVN-S-Slicing-73-001,5,1530,1589,1590,60,60,20,1
965,MVN-S-Slicing-73-001,5,1550,1609,1610,60,60,20,1
965,MVN-S-Slicing-73-001,5,1570,1629,1630,60,60,20,1
965,MVN-S-Slicing-73-001,5,1590,1649,1650,60,60,20,1
965,MVN-S-Slicing-73-001,5,1610,1669,1670,60,60,20,1
965,MVN-S-Slicing-73-001,5,1630,1689,1690,60,60,20,1
965,MVN-S-Slicing-73-001,5,1650,1709,1710,60,60,20,1
965,MVN-S-Slicing-73-001,5,1670,1729,1730,60,60,20,1
965,MVN-S-Slicing-73-001,5,1690,1749,1750,60,60,20,1
965,MVN-S-Slicing-73-001,5,1710,1769,1770,60,60,20,1
965,MVN-S-Slicing-73-001,5,1730,1789,1790,60,60,20,1
965,MVN-S-Slicing-73-001,5,1750,1809,1810,60,60,20,1
965,MVN-S-Slicing-73-001,5,1770,1829,1830,60,60,20,1
965,MVN-S-Slicing-73-001,5,1790,1849,1850,60,60,20,1
965,MVN-S-Slicing-73-001,5,1810,1869,1870,60,60,20,1
965,MVN-S-Slicing-73-001,5,1830,1889,1890,60,60,20,1
965,MVN-S-Slicing-73-001,5,1850,1909,1910,60,60,20,1
965,MVN-S-Slicing-73-001,5,1870,1929,1930,60,60,20,1
965,MVN-S-Slicing-73-001,5,1890,1949,1950,60,60,20,1
965,MVN-S-Slicing-73-001,5,1950,1959,1960,10,60,20,1
966,MVN-S-Slicing-73-001,7,1960,2019,2020,60,60,20,1
966,MVN-S-Slicing-73-001,7,2020,2036,2037,17,60,20,1
967,MVN-S-Slicing-73-001,4,2037,2214,2215,60,60,30,3
967,MVN-S-Slicing-73-001,4,2127,2304,2305,60,60,30,3
967,MVN-S-Slicing-73-001,4,2217,2394,2395,60,60,30,3
967,MVN-S-Slicing-73-001,4,2307,2484,2485,60,60,30,3
967,MVN-S-Slicing-73-001,4,2397,2574,2575,60,60,30,3
967,MVN-S-Slicing-73-001,4,2487,2664,2665,60,60,30,3
967,MVN-S-Slicing-73-001,4,2577,2754,2755,60,60,30,3
967,MVN-S-Slicing-73-001,4,2667,2844,2845,60,60,30,3
967,MVN-S-Slicing-73-001,4,2757,2934,2935,60,60,30,3
967,MVN-S-Slicing-73-001,4,2847,3024,3025,60,60,30,3
967,MVN-S-Slicing-73-001,4,2937,3114,3115,60,60,30,3
967,MVN-S-Slicing-73-001,4,3027,3204,3205,60,60,30,3
967,MVN-S-Slicing-73-001,4,3207,3249,3250,15,60,30,3
968,MVN-S-Slicing-73-001,6,3251,3310,3311,60,60,15,1
968,MVN-S-Slicing-73-001,6,3266,3325,3326,60,60,15,1
968,MVN-S-Slicing-73-001,6,3281,3340,3341,60,60,15,1
968,MVN-S-Slicing-73-001,6,3296,3355,3356,60,60,15,1
968,MVN-S-Slicing-73-001,6,3311,3370,3371,60,60,15,1
968,MVN-S-Slicing-73-001,6,3326,3385,3386,60,60,15,1
968,MVN-S-Slicing-73-001,6,3341,3400,3401,60,60,15,1
968,MVN-S-Slicing-73-001,6,3356,3415,3416,60,60,15,1
968,MVN-S-Slicing-73-001,6,3371,3430,3431,60,60,15,1
968,MVN-S-Slicing-73-001,6,3386,3445,3446,60,60,15,1
968,MVN-S-Slicing-73-001,6,3401,3460,3461,60,60,15,1
968,MVN-S-Slicing-73-001,6,3416,3475,3476,60,60,15,1
968,MVN-S-Slicing-73-001,6,3476,3487,3488,12,60,15,1
969,MVN-S-Slicing-73-001,4,3488,3665,3666,60,60,30,3
969,MVN-S-Slicing-73-001,4,3668,3749,3750,28,60,30,3
970,MVN-S-Slicing-73-001,6,3751,3810,3811,60,60,15,1
970,MVN-S-Slicing-73-001,6,3766,3825,3826,60,60,15,1
970,MVN-S-Slicing-73-001,6,3781,3840,3841,60,60,15,1
970,MVN-S-Slicing-73-001,6,3796,3855,3856,60,60,15,1
970,MVN-S-Slicing-73-001,6,3811,3870,3871,60,60,15,1
970,MVN-S-Slicing-73-001,6,3826,3885,3886,60,60,15,1
970,MVN-S-Slicing-73-001,6,3841,3900,3901,60,60,15,1
970,MVN-S-Slicing-73-001,6,3856,3915,3916,60,60,15,1
970,MVN-S-Slicing-73-001,6,3871,3930,3931,60,60,15,1
970,MVN-S-Slicing-73-001,6,3886,3945,3946,60,60,15,1
970,MVN-S-Slicing-73-001,6,3901,3960,3961,60,60,15,1
970,MVN-S-Slicing-73-001,6,3916,3975,3976,60,60,15,1
970,MVN-S-Slicing-73-001,6,3931,3990,3991,60,60,15,1
970,MVN-S-Slicing-73-001,6,3946,4005,4006,60,60,15,1
970,MVN-S-Slicing-73-001,6,3961,4020,4021,60,60,15,1
970,MVN-S-Slicing-73-001,6,3976,4035,4036,60,60,15,1
970,MVN-S-Slicing-73-001,6,3991,4050,4051,60,60,15,1
970,MVN-S-Slicing-73-001,6,4006,4065,4066,60,60,15,1
970,MVN-S-Slicing-73-001,6,4021,4080,4081,60,60,15,1
970,MVN-S-Slicing-73-001,6,4036,4095,4096,60,60,15,1
970,MVN-S-Slicing-73-001,6,4051,4110,4111,60,60,15,1
970,MVN-S-Slicing-73-001,6,4066,4125,4126,60,60,15,1
970,MVN-S-Slicing-73-001,6,4081,4140,4141,60,60,15,1
970,MVN-S-Slicing-73-001,6,4096,4155,4156,60,60,15,1
970,MVN-S-Slicing-73-001,6,4111,4170,4171,60,60,15,1
970,MVN-S-Slicing-73-001,6,4126,4185,4186,60,60,15,1
970,MVN-S-Slicing-73-001,6,4141,4200,4201,60,60,15,1
970,MVN-S-Slicing-73-001,6,4156,4215,4216,60,60,15,1
970,MVN-S-Slicing-73-001,6,4171,4230,4231,60,60,15,1
970,MVN-S-Slicing-73-001,6,4186,4245,4246,60,60,15,1
970,MVN-S-Slicing-73-001,6,4201,4260,4261,60,60,15,1
970,MVN-S-Slicing-73-001,6,4216,4275,4276,60,60,15,1
970,MVN-S-Slicing-73-001,6,4231,4290,4291,60,60,15,1
970,MVN-S-Slicing-73-001,6,4246,4305,4306,60,60,15,1
970,MVN-S-Slicing-73-001,6,4261,4320,4321,60,60,15,1
970,MVN-S-Slicing-73-001,6,4276,4335,4336,60,60,15,1
970,MVN-S-Slicing-73-001,6,4291,4350,4351,60,60,15,1
970,MVN-S-Slicing-73-001,6,4306,4365,4366,60,60,15,1
970,MVN-S-Slicing-73-001,6,4321,4380,4381,60,60,15,1
970,MVN-S-Slicing-73-001,6,4336,4395,4396,60,60,15,1
970,MVN-S-Slicing-73-001,6,4351,4410,4411,60,60,15,1
970,MVN-S-Slicing-73-001,6,4366,4425,4426,60,60,15,1
970,MVN-S-Slicing-73-001,6,4381,4440,4441,60,60,15,1
970,MVN-S-Slicing-73-001,6,4396,4455,4456,60,60,15,1
970,MVN-S-Slicing-73-001,6,4411,4470,4471,60,60,15,1
970,MVN-S-Slicing-73-001,6,4426,4485,4486,60,60,15,1
970,MVN-S-Slicing-73-001,6,4441,4500,4501,60,60,15,1
970,MVN-S-Slicing-73-001,6,4456,4515,4516,60,60,15,1
970,MVN-S-Slicing-73-001,6,4516,4527,4528,12,60,15,1
971,MVN-S-Slicing-73-001,4,4528,4705,4706,60,60,30,3
971,MVN-S-Slicing-73-001,4,4618,4795,4796,60,60,30,3
971,MVN-S-Slicing-73-001,4,4708,4885,4886,60,60,30,3
971,MVN-S-Slicing-73-001,4,4798,4975,4976,60,60,30,3
971,MVN-S-Slicing-73-001,4,4888,5065,5066,60,60,30,3
971,MVN-S-Slicing-73-001,4,5068,5080,5081,5,60,30,3
972,MVN-S-Slicing-73-001,6,5083,5142,5143,60,60,15,1
972,MVN-S-Slicing-73-001,6,5143,5156,5157,14,60,15,1
973,MVN-S-Slicing-73-001,4,5157,5334,5335,60,60,30,3
973,MVN-S-Slicing-73-001,4,5247,5424,5425,60,60,30,3
973,MVN-S-Slicing-73-001,4,5337,5514,5515,60,60,30,3
973,MVN-S-Slicing-73-001,4,5427,5604,5605,60,60,30,3
973,MVN-S-Slicing-73-001,4,5517,5694,5695,60,60,30,3
973,MVN-S-Slicing-73-001,4,5607,5784,5785,60,60,30,3
973,MVN-S-Slicing-73-001,4,5697,5874,5875,60,60,30,3
973,MVN-S-Slicing-73-001,4,5787,5964,5965,60,60,30,3
973,MVN-S-Slicing-73-001,4,5877,6054,6055,60,60,30,3
973,MVN-S-Slicing-73-001,4,5967,6144,6145,60,60,30,3
973,MVN-S-Slicing-73-001,4,6057,6234,6235,60,60,30,3
973,MVN-S-Slicing-73-001,4,6147,6324,6325,60,60,30,3
973,MVN-S-Slicing-73-001,4,6327,6351,6352,9,60,30,3
974,MVN-S-Slicing-73-001,8,6352,6426,6427,38,60,20,2
975,MVN-S-Slicing-73-001,6,6428,6487,6488,60,60,15,1
975,MVN-S-Slicing-73-001,6,6443,6502,6503,60,60,15,1
975,MVN-S-Slicing-73-001,6,6458,6517,6518,60,60,15,1
975,MVN-S-Slicing-73-001,6,6473,6532,6533,60,60,15,1
975,MVN-S-Slicing-73-001,6,6488,6547,6548,60,60,15,1
975,MVN-S-Slicing-73-001,6,6503,6562,6563,60,60,15,1
975,MVN-S-Slicing-73-001,6,6518,6577,6578,60,60,15,1
975,MVN-S-Slicing-73-001,6,6533,6592,6593,60,60,15,1
975,MVN-S-Slicing-73-001,6,6548,6607,6608,60,60,15,1
975,MVN-S-Slicing-73-001,6,6563,6622,6623,60,60,15,1
975,MVN-S-Slicing-73-001,6,6578,6637,6638,60,60,15,1
975,MVN-S-Slicing-73-001,6,6593,6652,6653,60,60,15,1
975,MVN-S-Slicing-73-001,6,6608,6667,6668,60,60,15,1
975,MVN-S-Slicing-73-001,6,6623,6682,6683,60,60,15,1
975,MVN-S-Slicing-73-001,6,6638,6697,6698,60,60,15,1
975,MVN-S-Slicing-73-001,6,6653,6712,6713,60,60,15,1
975,MVN-S-Slicing-73-001,6,6668,6727,6728,60,60,15,1
975,MVN-S-Slicing-73-001,6,6683,6742,6743,60,60,15,1
975,MVN-S-Slicing-73-001,6,6698,6757,6758,60,60,15,1
975,MVN-S-Slicing-73-001,6,6713,6772,6773,60,60,15,1
975,MVN-S-Slicing-73-001,6,6728,6787,6788,60,60,15,1
975,MVN-S-Slicing-73-001,6,6743,6802,6803,60,60,15,1
975,MVN-S-Slicing-73-001,6,6758,6817,6818,60,60,15,1
975,MVN-S-Slicing-73-001,6,6773,6832,6833,60,60,15,1
975,MVN-S-Slicing-73-001,6,6788,6847,6848,60,60,15,1
975,MVN-S-Slicing-73-001,6,6803,6862,6863,60,60,15,1
975,MVN-S-Slicing-73-001,6,6818,6877,6878,60,60,15,1
975,MVN-S-Slicing-73-001,6,6833,6892,6893,60,60,15,1
975,MVN-S-Slicing-73-001,6,6848,6907,6908,60,60,15,1
975,MVN-S-Slicing-73-001,6,6863,6922,6923,60,60,15,1
975,MVN-S-Slicing-73-001,6,6878,6937,6938,60,60,15,1
975,MVN-S-Slicing-73-001,6,6893,6952,6953,60,60,15,1
975,MVN-S-Slicing-73-001,6,6953,6955,6956,3,60,15,1
976,MVN-S-Slicing-73-001,4,6956,7028,7029,25,60,30,3
977,MVN-S-Slicing-73-001,8,7031,7149,7150,60,60,20,2
977,MVN-S-Slicing-73-001,8,7071,7189,7190,60,60,20,2
977,MVN-S-Slicing-73-001,8,7111,7229,7230,60,60,20,2
977,MVN-S-Slicing-73-001,8,7151,7269,7270,60,60,20,2
977,MVN-S-Slicing-73-001,8,7271,7291,7292,11,60,20,2
978,MVN-S-Slicing-73-001,6,7293,7352,7353,60,60,15,1
978,MVN-S-Slicing-73-001,6,7308,7367,7368,60,60,15,1
978,MVN-S-Slicing-73-001,6,7323,7382,7383,60,60,15,1
978,MVN-S-Slicing-73-001,6,7338,7397,7398,60,60,15,1
978,MVN-S-Slicing-73-001,6,7353,7412,7413,60,60,15,1
978,MVN-S-Slicing-73-001,6,7368,7427,7428,60,60,15,1
978,MVN-S-Slicing-73-001,6,7383,7442,7443,60,60,15,1
978,MVN-S-Slicing-73-001,6,7398,7457,7458,60,60,15,1
978,MVN-S-Slicing-73-001,6,7413,7472,7473,60,60,15,1
978,MVN-S-Slicing-73-001,6,7428,7487,7488,60,60,15,1
978,MVN-S-Slicing-73-001,6,7443,7502,7503,60,60,15,1
978,MVN-S-Slicing-73-001,6,7458,7517,7518,60,60,15,1
978,MVN-S-Slicing-73-001,6,7473,7532,7533,60,60,15,1
978,MVN-S-Slicing-73-001,6,7488,7547,7548,60,60,15,1
978,MVN-S-Slicing-73-001,6,7503,7562,7563,60,60,15,1
978,MVN-S-Slicing-73-001,6,7518,7577,7578,60,60,15,1
978,MVN-S-Slicing-73-001,6,7533,7592,7593,60,60,15,1
978,MVN-S-Slicing-73-001,6,7548,7607,7608,60,60,15,1
978,MVN-S-Slicing-73-001,6,7563,7622,7623,60,60,15,1
978,MVN-S-Slicing-73-001,6,7578,7637,7638,60,60,15,1
978,MVN-S-Slicing-73-001,6,7593,7652,7653,60,60,15,1
978,MVN-S-Slicing-73-001,6,7608,7667,7668,60,60,15,1
978,MVN-S-Slicing-73-001,6,7623,7682,7683,60,60,15,1
978,MVN-S-Slicing-73-001,6,7638,7697,7698,60,60,15,1
978,MVN-S-Slicing-73-001,6,7653,7712,7713,60,60,15,1
978,MVN-S-Slicing-73-001,6,7668,7727,7728,60,60,15,1
978,MVN-S-Slicing-73-001,6,7683,7742,7743,60,60,15,1
978,MVN-S-Slicing-73-001,6,7698,7757,7758,60,60,15,1
978,MVN-S-Slicing-73-001,6,7713,7772,7773,60,60,15,1
978,MVN-S-Slicing-73-001,6,7728,7787,7788,60,60,15,1
978,MVN-S-Slicing-73-001,6,7743,7802,7803,60,60,15,1
978,MVN-S-Slicing-73-001,6,7758,7817,7818,60,60,15,1
978,MVN-S-Slicing-73-001,6,7773,7832,7833,60,60,15,1
978,MVN-S-Slicing-73-001,6,7788,7847,7848,60,60,15,1
978,MVN-S-Slicing-73-001,6,7803,7862,7863,60,60,15,1
978,MVN-S-Slicing-73-001,6,7818,7877,7878,60,60,15,1
978,MVN-S-Slicing-73-001,6,7833,7892,7893,60,60,15,1
978,MVN-S-Slicing-73-001,6,7848,7907,7908,60,60,15,1
978,MVN-S-Slicing-73-001,6,7863,7922,7923,60,60,15,1
978,MVN-S-Slicing-73-001,6,7878,7937,7938,60,60,15,1
978,MVN-S-Slicing-73-001,6,7893,7952,7953,60,60,15,1
978,MVN-S-Slicing-73-001,6,7908,7967,7968,60,60,15,1
978,MVN-S-Slicing-73-001,6,7923,7982,7983,60,60,15,1
978,MVN-S-Slicing-73-001,6,7938,7997,7998,60,60,15,1
978,MVN-S-Slicing-73-001,6,7953,8012,8013,60,60,15,1
978,MVN-S-Slicing-73-001,6,7968,8027,8028,60,60,15,1
978,MVN-S-Slicing-73-001,6,7983,8042,8043,60,60,15,1
978,MVN-S-Slicing-73-001,6,7998,8057,8058,60,60,15,1
978,MVN-S-Slicing-73-001,6,8013,8072,8073,60,60,15,1
978,MVN-S-Slicing-73-001,6,8028,8087,8088,60,60,15,1
978,MVN-S-Slicing-73-001,6,8043,8102,8103,60,60,15,1
978,MVN-S-Slicing-73-001,6,8058,8117,8118,60,60,15,1
978,MVN-S-Slicing-73-001,6,8073,8132,8133,60,60,15,1
978,MVN-S-Slicing-73-001,6,8088,8147,8148,60,60,15,1
978,MVN-S-Slicing-73-001,6,8103,8162,8163,60,60,15,1
978,MVN-S-Slicing-73-001,6,8118,8177,8178,60,60,15,1
978,MVN-S-Slicing-73-001,6,8133,8192,8193,60,60,15,1
978,MVN-S-Slicing-73-001,6,8148,8207,8208,60,60,15,1
978,MVN-S-Slicing-73-001,6,8163,8222,8223,60,60,15,1
978,MVN-S-Slicing-73-001,6,8178,8237,8238,60,60,15,1
978,MVN-S-Slicing-73-001,6,8193,8252,8253,60,60,15,1
978,MVN-S-Slicing-73-001,6,8208,8267,8268,60,60,15,1
978,MVN-S-Slicing-73-001,6,8223,8282,8283,60,60,15,1
978,MVN-S-Slicing-73-001,6,8238,8297,8298,60,60,15,1
978,MVN-S-Slicing-73-001,6,8253,8312,8313,60,60,15,1
978,MVN-S-Slicing-73-001,6,8268,8327,8328,60,60,15,1
978,MVN-S-Slicing-73-001,6,8283,8342,8343,60,60,15,1
978,MVN-S-Slicing-73-001,6,8298,8357,8358,60,60,15,1
978,MVN-S-Slicing-73-001,6,8313,8372,8373,60,60,15,1
978,MVN-S-Slicing-73-001,6,8328,8387,8388,60,60,15,1
978,MVN-S-Slicing-73-001,6,8343,8402,8403,60,60,15,1
978,MVN-S-Slicing-73-001,6,8358,8417,8418,60,60,15,1
978,MVN-S-Slicing-73-001,6,8373,8432,8433,60,60,15,1
978,MVN-S-Slicing-73-001,6,8388,8447,8448,60,60,15,1
978,MVN-S-Slicing-73-001,6,8403,8462,8463,60,60,15,1
978,MVN-S-Slicing-73-001,6,8418,8477,8478,60,60,15,1
978,MVN-S-Slicing-73-001,6,8433,8492,8493,60,60,15,1
978,MVN-S-Slicing-73-001,6,8448,8507,8508,60,60,15,1
978,MVN-S-Slicing-73-001,6,8508,8512,8513,5,60,15,1
979,MVN-S-Slicing-73-001,7,8513,8572,8573,60,60,20,1
979,MVN-S-Slicing-73-001,7,8533,8592,8593,60,60,20,1
979,MVN-S-Slicing-73-001,7,8553,8612,8613,60,60,20,1
979,MVN-S-Slicing-73-001,7,8573,8632,8633,60,60,20,1
979,MVN-S-Slicing-73-001,7,8593,8652,8653,60,60,20,1
979,MVN-S-Slicing-73-001,7,8613,8672,8673,60,60,20,1
979,MVN-S-Slicing-73-001,7,8633,8692,8693,60,60,20,1
979,MVN-S-Slicing-73-001,7,8653,8712,8713,60,60,20,1
979,MVN-S-Slicing-73-001,7,8673,8732,8733,60,60,20,1
979,MVN-S-Slicing-73-001,7,8693,8752,8753,60,60,20,1
979,MVN-S-Slicing-73-001,7,8713,8772,8773,60,60,20,1
979,MVN-S-Slicing-73-001,7,8733,8792,8793,60,60,20,1
979,MVN-S-Slicing-73-001,7,8793,8803,8804,11,60,20,1
980,MVN-S-Slicing-73-001,4,8804,8981,8982,60,60,30,3
980,MVN-S-Slicing-73-001,4,8894,9071,9072,60,60,30,3
980,MVN-S-Slicing-73-001,4,8984,9161,9162,60,60,30,3
980,MVN-S-Slicing-73-001,4,9074,9251,9252,60,60,30,3
980,MVN-S-Slicing-73-001,4,9164,9341,9342,60,60,30,3
980,MVN-S-Slicing-73-001,4,9344,9416,9417,25,60,30,3
981,MVN-S-Slicing-73-001,7,9418,9477,9478,60,60,20,1
981,MVN-S-Slicing-73-001,7,9438,9497,9498,60,60,20,1
981,MVN-S-Slicing-73-001,7,9458,9517,9518,60,60,20,1
981,MVN-S-Slicing-73-001,7,9518,9519,9520,2,60,20,1
982,MVN-S-Slicing-73-001,4,9520,9697,9698,60,60,30,3
982,MVN-S-Slicing-73-001,4,9610,9787,9788,60,60,30,3
982,MVN-S-Slicing-73-001,4,9700,9877,9878,60,60,30,3
982,MVN-S-Slicing-73-001,4,9790,9967,9968,60,60,30,3
982,MVN-S-Slicing-73-001,4,9880,10057,10058,60,60,30,3
982,MVN-S-Slicing-73-001,4,9970,10147,10148,60,60,30,3
982,MVN-S-Slicing-73-001,4,10150,10165,10166,6,60,30,3
983,MVN-S-Slicing-73-001,8,10168,10286,10287,60,60,20,2
983,MVN-S-Slicing-73-001,8,10208,10326,10327,60,60,20,2
983,MVN-S-Slicing-73-001,8,10248,10366,10367,60,60,20,2
983,MVN-S-Slicing-73-001,8,10288,10406,10407,60,60,20,2
983,MVN-S-Slicing-73-001,8,10328,10446,10447,60,60,20,2
983,MVN-S-Slicing-73-001,8,10448,10450,10451,2,60,20,2
984,MVN-S-Slicing-73-001,2,10452,10570,10571,60,60,30,2
984,MVN-S-Slicing-73-001,2,10512,10630,10631,60,60,30,2
984,MVN-S-Slicing-73-001,2,10572,10690,10691,60,60,30,2
984,MVN-S-Slicing-73-001,2,10632,10750,10751,60,60,30,2
984,MVN-S-Slicing-73-001,2,10692,10810,10811,60,60,30,2
984,MVN-S-Slicing-73-001,2,10752,10870,10871,60,60,30,2
984,MVN-S-Slicing-73-001,2,10872,10880,10881,5,60,30,2
985,MVN-S-Slicing-73-001,6,10882,10941,10942,60,60,15,1
985,MVN-S-Slicing-73-001,6,10897,10956,10957,60,60,15,1
985,MVN-S-Slicing-73-001,6,10912,10971,10972,60,60,15,1
985,MVN-S-Slicing-73-001,6,10927,10986,10987,60,60,15,1
985,MVN-S-Slicing-73-001,6,10942,11001,11002,60,60,15,1
985,MVN-S-Slicing-73-001,6,10957,11016,11017,60,60,15,1
985,MVN-S-Slicing-73-001,6,10972,11031,11032,60,60,15,1
985,MVN-S-Slicing-73-001,6,10987,11046,11047,60,60,15,1
985,MVN-S-Slicing-73-001,6,11002,11061,11062,60,60,15,1
985,MVN-S-Slicing-73-001,6,11017,11076,11077,60,60,15,1
985,MVN-S-Slicing-73-001,6,11032,11091,11092,60,60,15,1
985,MVN-S-Slicing-73-001,6,11047,11106,11107,60,60,15,1
985,MVN-S-Slicing-73-001,6,11062,11121,11122,60,60,15,1
985,MVN-S-Slicing-73-001,6,11077,11136,11137,60,60,15,1
985,MVN-S-Slicing-73-001,6,11092,11151,11152,60,60,15,1
985,MVN-S-Slicing-73-001,6,11107,11166,11167,60,60,15,1
985,MVN-S-Slicing-73-001,6,11122,11181,11182,60,60,15,1
985,MVN-S-Slicing-73-001,6,11137,11196,11197,60,60,15,1
985,MVN-S-Slicing-73-001,6,11152,11211,11212,60,60,15,1
985,MVN-S-Slicing-73-001,6,11167,11226,11227,60,60,15,1
985,MVN-S-Slicing-73-001,6,11182,11241,11242,60,60,15,1
985,MVN-S-Slicing-73-001,6,11197,11256,11257,60,60,15,1
985,MVN-S-Slicing-73-001,6,11212,11271,11272,60,60,15,1
985,MVN-S-Slicing-73-001,6,11227,11286,11287,60,60,15,1
985,MVN-S-Slicing-73-001,6,11242,11301,11302,60,60,15,1
985,MVN-S-Slicing-73-001,6,11257,11316,11317,60,60,15,1
985,MVN-S-Slicing-73-001,6,11272,11331,11332,60,60,15,1
985,MVN-S-Slicing-73-001,6,11287,11346,11347,60,60,15,1
985,MVN-S-Slicing-73-001,6,11302,11361,11362,60,60,15,1
985,MVN-S-Slicing-73-001,6,11317,11376,11377,60,60,15,1
985,MVN-S-Slicing-73-001,6,11332,11391,11392,60,60,15,1
985,MVN-S-Slicing-73-001,6,11347,11406,11407,60,60,15,1
985,MVN-S-Slicing-73-001,6,11362,11421,11422,60,60,15,1
985,MVN-S-Slicing-73-001,6,11377,11436,11437,60,60,15,1
985,MVN-S-Slicing-73-001,6,11392,11451,11452,60,60,15,1
985,MVN-S-Slicing-73-001,6,11407,11466,11467,60,60,15,1
985,MVN-S-Slicing-73-001,6,11422,11481,11482,60,60,15,1
985,MVN-S-Slicing-73-001,6,11437,11496,11497,60,60,15,1
985,MVN-S-Slicing-73-001,6,11452,11511,11512,60,60,15,1
985,MVN-S-Slicing-73-001,6,11467,11526,11527,60,60,15,1
985,MVN-S-Slicing-73-001,6,11482,11541,11542,60,60,15,1
985,MVN-S-Slicing-73-001,6,11497,11556,11557,60,60,15,1
985,MVN-S-Slicing-73-001,6,11512,11571,11572,60,60,15,1
985,MVN-S-Slicing-73-001,6,11527,11586,11587,60,60,15,1
985,MVN-S-Slicing-73-001,6,11542,11601,11602,60,60,15,1
985,MVN-S-Slicing-73-001,6,11557,11616,11617,60,60,15,1
985,MVN-S-Slicing-73-001,6,11572,11631,11632,60,60,15,1
985,MVN-S-Slicing-73-001,6,11587,11646,11647,60,60,15,1
985,MVN-S-Slicing-73-001,6,11602,11661,11662,60,60,15,1
985,MVN-S-Slicing-73-001,6,11617,11676,11677,60,60,15,1
985,MVN-S-Slicing-73-001,6,11632,11691,11692,60,60,15,1
985,MVN-S-Slicing-73-001,6,11647,11706,11707,60,60,15,1
985,MVN-S-Slicing-73-001,6,11662,11721,11722,60,60,15,1
985,MVN-S-Slicing-73-001,6,11677,11736,11737,60,60,15,1
985,MVN-S-Slicing-73-001,6,11737,11749,11750,13,60,15,1
986,MVN-S-Slicing-73-001,4,11750,11927,11928,60,60,30,3
986,MVN-S-Slicing-73-001,4,11840,12017,12018,60,60,30,3
986,MVN-S-Slicing-73-001,4,11930,12107,12108,60,60,30,3
986,MVN-S-Slicing-73-001,4,12020,12197,12198,60,60,30,3
986,MVN-S-Slicing-73-001,4,12110,12287,12288,60,60,30,3
986,MVN-S-Slicing-73-001,4,12200,12377,12378,60,60,30,3
986,MVN-S-Slicing-73-001,4,12290,12467,12468,60,60,30,3
986,MVN-S-Slicing-73-001,4,12470,12551,12552,28,60,30,3
987,MVN-S-Slicing-73-001,7,12553,12612,12613,60,60,20,1
987,MVN-S-Slicing-73-001,7,12613,12615,12616,3,60,20,1
988,MVN-S-Slicing-73-001,4,12616,12790,12791,59,60,30,3
989,MVN-S-Slicing-73-001,6,12793,12852,12853,60,60,15,1
989,MVN-S-Slicing-73-001,6,12808,12867,12868,60,60,15,1
989,MVN-S-Slicing-73-001,6,12823,12882,12883,60,60,15,1
989,MVN-S-Slicing-73-001,6,12883,12886,12887,4,60,15,1
990,MVN-S-Slicing-73-001,8,12887,12953,12954,34,60,20,2
991,MVN-S-Slicing-73-001,6,12954,13013,13014,60,60,15,1
991,MVN-S-Slicing-73-001,6,12969,13028,13029,60,60,15,1
991,MVN-S-Slicing-73-001,6,12984,13043,13044,60,60,15,1
991,MVN-S-Slicing-73-001,6,12999,13058,13059,60,60,15,1
991,MVN-S-Slicing-73-001,6,13014,13073,13074,60,60,15,1
991,MVN-S-Slicing-73-001,6,13029,13088,13089,60,60,15,1
991,MVN-S-Slicing-73-001,6,13044,13103,13104,60,60,15,1
991,MVN-S-Slicing-73-001,6,13059,13118,13119,60,60,15,1
991,MVN-S-Slicing-73-001,6,13074,13133,13134,60,60,15,1
991,MVN-S-Slicing-73-001,6,13089,13148,13149,60,60,15,1
991,MVN-S-Slicing-73-001,6,13104,13163,13164,60,60,15,1
991,MVN-S-Slicing-73-001,6,13119,13178,13179,60,60,15,1
991,MVN-S-Slicing-73-001,6,13134,13193,13194,60,60,15,1
991,MVN-S-Slicing-73-001,6,13149,13208,13209,60,60,15,1
991,MVN-S-Slicing-73-001,6,13164,13223,13224,60,60,15,1
991,MVN-S-Slicing-73-001,6,13179,13238,13239,60,60,15,1
991,MVN-S-Slicing-73-001,6,13194,13253,13254,60,60,15,1
991,MVN-S-Slicing-73-001,6,13209,13268,13269,60,60,15,1
991,MVN-S-Slicing-73-001,6,13224,13283,13284,60,60,15,1
991,MVN-S-Slicing-73-001,6,13239,13298,13299,60,60,15,1
991,MVN-S-Slicing-73-001,6,13254,13313,13314,60,60,15,1
991,MVN-S-Slicing-73-001,6,13269,13328,13329,60,60,15,1
991,MVN-S-Slicing-73-001,6,13284,13343,13344,60,60,15,1
991,MVN-S-Slicing-73-001,6,13299,13358,13359,60,60,15,1
991,MVN-S-Slicing-73-001,6,13314,13373,13374,60,60,15,1
991,MVN-S-Slicing-73-001,6,13329,13388,13389,60,60,15,1
991,MVN-S-Slicing-73-001,6,13344,13403,13404,60,60,15,1
991,MVN-S-Slicing-73-001,6,13359,13418,13419,60,60,15,1
991,MVN-S-Slicing-73-001,6,13374,13433,13434,60,60,15,1
991,MVN-S-Slicing-73-001,6,13389,13448,13449,60,60,15,1
991,MVN-S-Slicing-73-001,6,13404,13463,13464,60,60,15,1
991,MVN-S-Slicing-73-001,6,13419,13478,13479,60,60,15,1
991,MVN-S-Slicing-73-001,6,13434,13493,13494,60,60,15,1
991,MVN-S-Slicing-73-001,6,13449,13508,13509,60,60,15,1
991,MVN-S-Slicing-73-001,6,13464,13523,13524,60,60,15,1
991,MVN-S-Slicing-73-001,6,13479,13538,13539,60,60,15,1
991,MVN-S-Slicing-73-001,6,13494,13553,13554,60,60,15,1
991,MVN-S-Slicing-73-001,6,13509,13568,13569,60,60,15,1
991,MVN-S-Slicing-73-001,6,13524,13583,13584,60,60,15,1
991,MVN-S-Slicing-73-001,6,13539,13598,13599,60,60,15,1
991,MVN-S-Slicing-73-001,6,13554,13613,13614,60,60,15,1
991,MVN-S-Slicing-73-001,6,13569,13628,13629,60,60,15,1
991,MVN-S-Slicing-73-001,6,13584,13643,13644,60,60,15,1
991,MVN-S-Slicing-73-001,6,13599,13658,13659,60,60,15,1
991,MVN-S-Slicing-73-001,6,13614,13673,13674,60,60,15,1
991,MVN-S-Slicing-73-001,6,13629,13688,13689,60,60,15,1
991,MVN-S-Slicing-73-001,6,13644,13703,13704,60,60,15,1
991,MVN-S-Slicing-73-001,6,13659,13718,13719,60,60,15,1
991,MVN-S-Slicing-73-001,6,13674,13733,13734,60,60,15,1
991,MVN-S-Slicing-73-001,6,13734,13734,13735,1,60,15,1
992,MVN-S-Slicing-73-001,7,13735,13794,13795,60,60,20,1
992,MVN-S-Slicing-73-001,7,13755,13814,13815,60,60,20,1
992,MVN-S-Slicing-73-001,7,13815,13815,13816,1,60,20,1
993,MVN-S-Slicing-73-001,6,13816,13875,13876,60,60,15,1
993,MVN-S-Slicing-73-001,6,13831,13890,13891,60,60,15,1
993,MVN-S-Slicing-73-001,6,13846,13905,13906,60,60,15,1
993,MVN-S-Slicing-73-001,6,13861,13920,13921,60,60,15,1
993,MVN-S-Slicing-73-001,6,13876,13935,13936,60,60,15,1
993,MVN-S-Slicing-73-001,6,13891,13950,13951,60,60,15,1
993,MVN-S-Slicing-73-001,6,13906,13965,13966,60,60,15,1
993,MVN-S-Slicing-73-001,6,13921,13980,13981,60,60,15,1
993,MVN-S-Slicing-73-001,6,13936,13995,13996,60,60,15,1
993,MVN-S-Slicing-73-001,6,13951,14010,14011,60,60,15,1
993,MVN-S-Slicing-73-001,6,13966,14025,14026,60,60,15,1
993,MVN-S-Slicing-73-001,6,13981,14040,14041,60,60,15,1
993,MVN-S-Slicing-73-001,6,13996,14055,14056,60,60,15,1
993,MVN-S-Slicing-73-001,6,14011,14070,14071,60,60,15,1
993,MVN-S-Slicing-73-001,6,14026,14085,14086,60,60,15,1
993,MVN-S-Slicing-73-001,6,14041,14100,14101,60,60,15,1
993,MVN-S-Slicing-73-001,6,14056,14115,14116,60,60,15,1
993,MVN-S-Slicing-73-001,6,14071,14130,14131,60,60,15,1
993,MVN-S-Slicing-73-001,6,14086,14145,14146,60,60,15,1
993,MVN-S-Slicing-73-001,6,14101,14160,14161,60,60,15,1
993,MVN-S-Slicing-73-001,6,14116,14175,14176,60,60,15,1
993,MVN-S-Slicing-73-001,6,14131,14190,14191,60,60,15,1
993,MVN-S-Slicing-73-001,6,14146,14205,14206,60,60,15,1
993,MVN-S-Slicing-73-001,6,14161,14220,14221,60,60,15,1
993,MVN-S-Slicing-73-001,6,14176,14235,14236,60,60,15,1
993,MVN-S-Slicing-73-001,6,14236,14248,14249,13,60,15,1
994,MVN-S-Slicing-73-001,4,14249,14426,14427,60,60,30,3
994,MVN-S-Slicing-73-001,4,14339,14516,14517,60,60,30,3
994,MVN-S-Slicing-73-001,4,14429,14606,14607,60,60,30,3
994,MVN-S-Slicing-73-001,4,14519,14696,14697,60,60,30,3
994,MVN-S-Slicing-73-001,4,14609,14786,14787,60,60,30,3
994,MVN-S-Slicing-73-001,4,14699,14876,14877,60,60,30,3
994,MVN-S-Slicing-73-001,4,14879,14906,14907,10,60,30,3
995,MVN-S-Slicing-73-001,7,14907,14966,14967,60,60,20,1
995,MVN-S-Slicing-73-001,7,14927,14986,14987,60,60,20,1
995,MVN-S-Slicing-73-001,7,14947,15006,15007,60,60,20,1
995,MVN-S-Slicing-73-001,7,14967,15026,15027,60,60,20,1
995,MVN-S-Slicing-73-001,7,15027,15036,15037,10,60,20,1
996,MVN-S-Slicing-73-001,5,15037,15096,15097,60,60,20,1
996,MVN-S-Slicing-73-001,5,15057,15116,15117,60,60,20,1
996,MVN-S-Slicing-73-001,5,15077,15136,15137,60,60,20,1
996,MVN-S-Slicing-73-001,5,15097,15156,15157,60,60,20,1
996,MVN-S-Slicing-73-001,5,15117,15176,15177,60,60,20,1
996,MVN-S-Slicing-73-001,5,15137,15196,15197,60,60,20,1
996,MVN-S-Slicing-73-001,5,15157,15216,15217,60,60,20,1
996,MVN-S-Slicing-73-001,5,15177,15236,15237,60,60,20,1
996,MVN-S-Slicing-73-001,5,15197,15256,15257,60,60,20,1
996,MVN-S-Slicing-73-001,5,15217,15276,15277,60,60,20,1
996,MVN-S-Slicing-73-001,5,15237,15296,15297,60,60,20,1
996,MVN-S-Slicing-73-001,5,15257,15316,15317,60,60,20,1
996,MVN-S-Slicing-73-001,5,15277,15336,15337,60,60,20,1
996,MVN-S-Slicing-73-001,5,15297,15356,15357,60,60,20,1
996,MVN-S-Slicing-73-001,5,15317,15376,15377,60,60,20,1
996,MVN-S-Slicing-73-001,5,15337,15396,15397,60,60,20,1
996,MVN-S-Slicing-73-001,5,15357,15416,15417,60,60,20,1
996,MVN-S-Slicing-73-001,5,15377,15436,15437,60,60,20,1
996,MVN-S-Slicing-73-001,5,15397,15456,15457,60,60,20,1
996,MVN-S-Slicing-73-001,5,15417,15476,15477,60,60,20,1
996,MVN-S-Slicing-73-001,5,15437,15496,15497,60,60,20,1
996,MVN-S-Slicing-73-001,5,15457,15516,15517,60,60,20,1
996,MVN-S-Slicing-73-001,5,15477,15536,15537,60,60,20,1
996,MVN-S-Slicing-73-001,5,15497,15556,15557,60,60,20,1
996,MVN-S-Slicing-73-001,5,15517,15576,15577,60,60,20,1
996,MVN-S-Slicing-73-001,5,15537,15596,15597,60,60,20,1
996,MVN-S-Slicing-73-001,5,15557,15616,15617,60,60,20,1
996,MVN-S-Slicing-73-001,5,15617,15634,15635,18,60,20,1
997,MVN-S-Slicing-73-001,4,15635,15812,15813,60,60,30,3
997,MVN-S-Slicing-73-001,4,15725,15902,15903,60,60,30,3
997,MVN-S-Slicing-73-001,4,15815,15992,15993,60,60,30,3
997,MVN-S-Slicing-73-001,4,15905,16082,16083,60,60,30,3
997,MVN-S-Slicing-73-001,4,15995,16172,16173,60,60,30,3
997,MVN-S-Slicing-73-001,4,16085,16262,16263,60,60,30,3
997,MVN-S-Slicing-73-001,4,16265,16334,16335,24,60,30,3
998,MVN-S-Slicing-73-001,7,16335,16394,16395,60,60,20,1
998,MVN-S-Slicing-73-001,7,16355,16414,16415,60,60,20,1
998,MVN-S-Slicing-73-001,7,16375,16434,16435,60,60,20,1
998,MVN-S-Slicing-73-001,7,16395,16454,16455,60,60,20,1
998,MVN-S-Slicing-73-001,7,16415,16474,16475,60,60,20,1
998,MVN-S-Slicing-73-001,7,16475,16482,16483,8,60,20,1
999,MVN-S-Slicing-73-001,6,16483,16542,16543,60,60,15,1
999,MVN-S-Slicing-73-001,6,16498,16557,16558,60,60,15,1
999,MVN-S-Slicing-73-001,6,16513,16572,16573,60,60,15,1
999,MVN-S-Slicing-73-001,6,16528,16587,16588,60,60,15,1
999,MVN-S-Slicing-73-001,6,16543,16602,16603,60,60,15,1
999,MVN-S-Slicing-73-001,6,16558,16617,16618,60,60,15,1
999,MVN-S-Slicing-73-001,6,16573,16632,16633,60,60,15,1
999,MVN-S-Slicing-73-001,6,16588,16647,16648,60,60,15,1
999,MVN-S-Slicing-73-001,6,16603,16662,16663,60,60,15,1
999,MVN-S-Slicing-73-001,6,16618,16677,16678,60,60,15,1
999,MVN-S-Slicing-73-001,6,16633,16692,16693,60,60,15,1
999,MVN-S-Slicing-73-001,6,16648,16707,16708,60,60,15,1
999,MVN-S-Slicing-73-001,6,16663,16722,16723,60,60,15,1
999,MVN-S-Slicing-73-001,6,16678,16737,16738,60,60,15,1
999,MVN-S-Slicing-73-001,6,16693,16752,16753,60,60,15,1
999,MVN-S-Slicing-73-001,6,16708,16767,16768,60,60,15,1
999,MVN-S-Slicing-73-001,6,16723,16782,16783,60,60,15,1
999,MVN-S-Slicing-73-001,6,16738,16797,16798,60,60,15,1
999,MVN-S-Slicing-73-001,6,16753,16812,16813,60,60,15,1
999,MVN-S-Slicing-73-001,6,16768,16827,16828,60,60,15,1
999,MVN-S-Slicing-73-001,6,16783,16842,16843,60,60,15,1
999,MVN-S-Slicing-73-001,6,16798,16857,16858,60,60,15,1
999,MVN-S-Slicing-73-001,6,16813,16872,16873,60,60,15,1
999,MVN-S-Slicing-73-001,6,16873,16875,16876,3,60,15,1
1000,MVN-S-Slicing-73-001,5,16876,16935,16936,60,60,20,1
1000,MVN-S-Slicing-73-001,5,16896,16955,16956,60,60,20,1
1000,MVN-S-Slicing-73-001,5,16916,16975,16976,60,60,20,1
1000,MVN-S-Slicing-73-001,5,16936,16995,16996,60,60,20,1
1000,MVN-S-Slicing-73-001,5,16956,17015,17016,60,60,20,1
1000,MVN-S-Slicing-73-001,5,16976,17035,17036,60,60,20,1
1000,MVN-S-Slicing-73-001,5,16996,17055,17056,60,60,20,1
1000,MVN-S-Slicing-73-001,5,17016,17075,17076,60,60,20,1
1000,MVN-S-Slicing-73-001,5,17036,17095,17096,60,60,20,1
1000,MVN-S-Slicing-73-001,5,17056,17115,17116,60,60,20,1
1000,MVN-S-Slicing-73-001,5,17076,17135,17136,60,60,20,1
1000,MVN-S-Slicing-73-001,5,17096,17155,17156,60,60,20,1
1000,MVN-S-Slicing-73-001,5,17116,17175,17176,60,60,20,1
1000,MVN-S-Slicing-73-001,5,17136,17195,17196,60,60,20,1
1000,MVN-S-Slicing-73-001,5,17156,17215,17216,60,60,20,1
1000,MVN-S-Slicing-73-001,5,17176,17235,17236,60,60,20,1
1000,MVN-S-Slicing-73-001,5,17196,17255,17256,60,60,20,1
1000,MVN-S-Slicing-73-001,5,17216,17275,17276,60,60,20,1
1000,MVN-S-Slicing-73-001,5,17236,17295,17296,60,60,20,1
1000,MVN-S-Slicing-73-001,5,17256,17315,17316,60,60,20,1
1000,MVN-S-Slicing-73-001,5,17276,17335,17336,60,60,20,1
1000,MVN-S-Slicing-73-001,5,17296,17355,17356,60,60,20,1
1000,MVN-S-Slicing-73-001,5,17316,17375,17376,60,60,20,1
1000,MVN-S-Slicing-73-001,5,17336,17395,17396,60,60,20,1
1000,MVN-S-Slicing-73-001,5,17356,17415,17416,60,60,20,1
1000,MVN-S-Slicing-73-001,5,17376,17435,17436,60,60,20,1
1000,MVN-S-Slicing-73-001,5,17396,17455,17456,60,60,20,1
1000,MVN-S-Slicing-73-001,5,17416,17475,17476,60,60,20,1
1000,MVN-S-Slicing-73-001,5,17436,17495,17496,60,60,20,1
1000,MVN-S-Slicing-73-001,5,17456,17515,17516,60,60,20,1
1000,MVN-S-Slicing-73-001,5,17476,17535,17536,60,60,20,1
1000,MVN-S-Slicing-73-001,5,17496,17555,17556,60,60,20,1
1000,MVN-S-Slicing-73-001,5,17516,17575,17576,60,60,20,1
1000,MVN-S-Slicing-73-001,5,17536,17595,17596,60,60,20,1
1000,MVN-S-Slicing-73-001,5,17556,17615,17616,60,60,20,1
1000,MVN-S-Slicing-73-001,5,17576,17635,17636,60,60,20,1
1000,MVN-S-Slicing-73-001,5,17596,17655,17656,60,60,20,1
1000,MVN-S-Slicing-73-001,5,17616,17675,17676,60,60,20,1
1000,MVN-S-Slicing-73-001,5,17676,17693,17694,18,60,20,1
1001,MVN-S-Slicing-73-001,8,17694,17798,17799,53,60,20,2
1002,MVN-S-Slicing-73-001,7,17800,17859,17860,60,60,20,1
1002,MVN-S-Slicing-73-001,7,17860,17878,17879,19,60,20,1
1003,MVN-S-Slicing-73-001,4,17879,18056,18057,60,60,30,3
1003,MVN-S-Slicing-73-001,4,17969,18146,18147,60,60,30,3
1003,MVN-S-Slicing-73-001,4,18059,18236,18237,60,60,30,3
1003,MVN-S-Slicing-73-001,4,18149,18326,18327,60,60,30,3
1003,MVN-S-Slicing-73-001,4,18239,18416,18417,60,60,30,3
1003,MVN-S-Slicing-73-001,4,18329,18506,18507,60,60,30,3
1003,MVN-S-Slicing-73-001,4,18419,18596,18597,60,60,30,3
1003,MVN-S-Slicing-73-001,4,18509,18686,18687,60,60,30,3
1003,MVN-S-Slicing-73-001,4,18689,18767,18768,27,60,30,3
1004,MVN-S-Slicing-73-001,8,18769,18887,18888,60,60,20,2
1004,MVN-S-Slicing-73-001,8,18809,18927,18928,60,60,20,2
1004,MVN-S-Slicing-73-001,8,18849,18967,18968,60,60,20,2
1005,MVN-S-Slicing-73-001,0,18969,19087,19088,60,60,30,2
1005,MVN-S-Slicing-73-001,0,19029,19147,19148,60,60,30,2
1005,MVN-S-Slicing-73-001,0,19089,19207,19208,60,60,30,2
1005,MVN-S-Slicing-73-001,0,19149,19267,19268,60,60,30,2
1005,MVN-S-Slicing-73-001,0,19209,19327,19328,60,60,30,2
1005,MVN-S-Slicing-73-001,0,19329,19363,19364,18,60,30,2
1006,MVN-S-Slicing-73-001,7,19365,19424,19425,60,60,20,1
1006,MVN-S-Slicing-73-001,7,19385,19444,19445,60,60,20,1
1006,MVN-S-Slicing-73-001,7,19445,19447,19448,3,60,20,1
1007,MVN-S-Slicing-73-001,2,19448,19566,19567,60,60,30,2
1007,MVN-S-Slicing-73-001,2,19508,19626,19627,60,60,30,2
1007,MVN-S-Slicing-73-001,2,19568,19686,19687,60,60,30,2
1007,MVN-S-Slicing-73-001,2,19688,19696,19697,5,60,30,2
1008,MVN-S-Slicing-73-001,5,19698,19757,19758,60,60,20,1
1008,MVN-S-Slicing-73-001,5,19718,19777,19778,60,60,20,1
1008,MVN-S-Slicing-73-001,5,19738,19797,19798,60,60,20,1
1008,MVN-S-Slicing-73-001,5,19758,19817,19818,60,60,20,1
1008,MVN-S-Slicing-73-001,5,19778,19837,19838,60,60,20,1
1008,MVN-S-Slicing-73-001,5,19798,19857,19858,60,60,20,1
1008,MVN-S-Slicing-73-001,5,19818,19877,19878,60,60,20,1
1008,MVN-S-Slicing-73-001,5,19838,19897,19898,60,60,20,1
1008,MVN-S-Slicing-73-001,5,19858,19917,19918,60,60,20,1
1008,MVN-S-Slicing-73-001,5,19878,19937,19938,60,60,20,1
1008,MVN-S-Slicing-73-001,5,19898,19957,19958,60,60,20,1
1008,MVN-S-Slicing-73-001,5,19918,19977,19978,60,60,20,1
1008,MVN-S-Slicing-73-001,5,19938,19997,19998,60,60,20,1
1008,MVN-S-Slicing-73-001,5,19958,20017,20018,60,60,20,1
1008,MVN-S-Slicing-73-001,5,19978,20037,20038,60,60,20,1
1008,MVN-S-Slicing-73-001,5,19998,20057,20058,60,60,20,1
1008,MVN-S-Slicing-73-001,5,20018,20077,20078,60,60,20,1
1008,MVN-S-Slicing-73-001,5,20038,20097,20098,60,60,20,1
1008,MVN-S-Slicing-73-001,5,20058,20117,20118,60,60,20,1
1008,MVN-S-Slicing-73-001,5,20078,20137,20138,60,60,20,1
1008,MVN-S-Slicing-73-001,5,20098,20157,20158,60,60,20,1
1008,MVN-S-Slicing-73-001,5,20118,20177,20178,60,60,20,1
1008,MVN-S-Slicing-73-001,5,20138,20197,20198,60,60,20,1
1008,MVN-S-Slicing-73-001,5,20158,20217,20218,60,60,20,1
1008,MVN-S-Slicing-73-001,5,20218,20218,20219,1,60,20,1
1009,MVN-S-Slicing-73-001,8,20219,20337,20338,60,60,20,2
1009,MVN-S-Slicing-73-001,8,20339,20355,20356,9,60,20,2
1010,MVN-S-Slicing-73-001,4,20356,20533,20534,60,60,30,3
1010,MVN-S-Slicing-73-001,4,20446,20623,20624,60,60,30,3
1010,MVN-S-Slicing-73-001,4,20536,20713,20714,60,60,30,3
1010,MVN-S-Slicing-73-001,4,20626,20803,20804,60,60,30,3
1010,MVN-S-Slicing-73-001,4,20716,20893,20894,60,60,30,3
1010,MVN-S-Slicing-73-001,4,20806,20983,20984,60,60,30,3
1010,MVN-S-Slicing-73-001,4,20896,21073,21074,60,60,30,3
1010,MVN-S-Slicing-73-001,4,21076,21127,21128,18,60,30,3
1011,MVN-S-Slicing-73-001,8,21129,21187,21188,30,60,20,2
1012,MVN-S-Slicing-73-001,4,21188,21365,21366,60,60,30,3
1012,MVN-S-Slicing-73-001,4,21278,21455,21456,60,60,30,3
1012,MVN-S-Slicing-73-001,4,21458,21542,21543,29,60,30,3
1013,MVN-S-Slicing-73-001,7,21543,21602,21603,60,60,20,1
1013,MVN-S-Slicing-73-001,7,21563,21622,21623,60,60,20,1
1013,MVN-S-Slicing-73-001,7,21583,21642,21643,60,60,20,1
1013,MVN-S-Slicing-73-001,7,21603,21662,21663,60,60,20,1
1013,MVN-S-Slicing-73-001,7,21623,21682,21683,60,60,20,1
1013,MVN-S-Slicing-73-001,7,21643,21702,21703,60,60,20,1
1013,MVN-S-Slicing-73-001,7,21703,21708,21709,6,60,20,1
1014,MVN-S-Slicing-73-001,4,21709,21886,21887,60,60,30,3
1014,MVN-S-Slicing-73-001,4,21799,21976,21977,60,60,30,3
1014,MVN-S-Slicing-73-001,4,21889,22066,22067,60,60,30,3
1014,MVN-S-Slicing-73-001,4,21979,22156,22157,60,60,30,3
1014,MVN-S-Slicing-73-001,4,22159,22240,22241,28,60,30,3
1015,MVN-S-Slicing-73-001,6,22242,22301,22302,60,60,15,1
1015,MVN-S-Slicing-73-001,6,22257,22316,22317,60,60,15,1
1015,MVN-S-Slicing-73-001,6,22272,22331,22332,60,60,15,1
1015,MVN-S-Slicing-73-001,6,22287,22346,22347,60,60,15,1
1015,MVN-S-Slicing-73-001,6,22302,22361,22362,60,60,15,1
1015,MVN-S-Slicing-73-001,6,22317,22376,22377,60,60,15,1
1015,MVN-S-Slicing-73-001,6,22332,22391,22392,60,60,15,1
1015,MVN-S-Slicing-73-001,6,22392,22404,22405,13,60,15,1
1016,MVN-S-Slicing-73-001,5,22405,22464,22465,60,60,20,1
1016,MVN-S-Slicing-73-001,5,22425,22484,22485,60,60,20,1
1016,MVN-S-Slicing-73-001,5,22445,22504,22505,60,60,20,1
1016,MVN-S-Slicing-73-001,5,22465,22524,22525,60,60,20,1
1016,MVN-S-Slicing-73-001,5,22485,22544,22545,60,60,20,1
1016,MVN-S-Slicing-73-001,5,22505,22564,22565,60,60,20,1
1016,MVN-S-Slicing-73-001,5,22525,22584,22585,60,60,20,1
1016,MVN-S-Slicing-73-001,5,22545,22604,22605,60,60,20,1
1016,MVN-S-Slicing-73-001,5,22565,22624,22625,60,60,20,1
1016,MVN-S-Slicing-73-001,5,22585,22644,22645,60,60,20,1
1016,MVN-S-Slicing-73-001,5,22645,22648,22649,4,60,20,1
1017,MVN-S-Slicing-73-001,6,22649,22708,22709,60,60,15,1
1017,MVN-S-Slicing-73-001,6,22664,22723,22724,60,60,15,1
1017,MVN-S-Slicing-73-001,6,22679,22738,22739,60,60,15,1
1017,MVN-S-Slicing-73-001,6,22694,22753,22754,60,60,15,1
1017,MVN-S-Slicing-73-001,6,22709,22768,22769,60,60,15,1
1017,MVN-S-Slicing-73-001,6,22724,22783,22784,60,60,15,1
1017,MVN-S-Slicing-73-001,6,22739,22798,22799,60,60,15,1
1017,MVN-S-Slicing-73-001,6,22754,22813,22814,60,60,15,1
1017,MVN-S-Slicing-73-001,6,22769,22828,22829,60,60,15,1
1017,MVN-S-Slicing-73-001,6,22784,22843,22844,60,60,15,1
1017,MVN-S-Slicing-73-001,6,22799,22858,22859,60,60,15,1
1017,MVN-S-Slicing-73-001,6,22814,22873,22874,60,60,15,1
1017,MVN-S-Slicing-73-001,6,22829,22888,22889,60,60,15,1
1017,MVN-S-Slicing-73-001,6,22844,22903,22904,60,60,15,1
1017,MVN-S-Slicing-73-001,6,22859,22918,22919,60,60,15,1
1017,MVN-S-Slicing-73-001,6,22874,22933,22934,60,60,15,1
1017,MVN-S-Slicing-73-001,6,22889,22948,22949,60,60,15,1
1017,MVN-S-Slicing-73-001,6,22904,22963,22964,60,60,15,1
1017,MVN-S-Slicing-73-001,6,22919,22978,22979,60,60,15,1
1017,MVN-S-Slicing-73-001,6,22934,22993,22994,60,60,15,1
1017,MVN-S-Slicing-73-001,6,22949,23008,23009,60,60,15,1
1018,MVN-S-Slicing-73-001,4,23009,23186,23187,60,60,30,3
1018,MVN-S-Slicing-73-001,4,23099,23276,23277,60,60,30,3
1018,MVN-S-Slicing-73-001,4,23279,23300,23301,8,60,30,3
1019,MVN-S-Slicing-73-001,6,23301,23360,23361,60,60,15,1
1019,MVN-S-Slicing-73-001,6,23316,23375,23376,60,60,15,1
1019,MVN-S-Slicing-73-001,6,23331,23390,23391,60,60,15,1
1019,MVN-S-Slicing-73-001,6,23346,23405,23406,60,60,15,1
1019,MVN-S-Slicing-73-001,6,23361,23420,23421,60,60,15,1
1019,MVN-S-Slicing-73-001,6,23376,23435,23436,60,60,15,1
1019,MVN-S-Slicing-73-001,6,23391,23450,23451,60,60,15,1
1019,MVN-S-Slicing-73-001,6,23451,23455,23456,5,60,15,1
1020,MVN-S-Slicing-73-001,4,23456,23633,23634,60,60,30,3
1020,MVN-S-Slicing-73-001,4,23546,23723,23724,60,60,30,3
1020,MVN-S-Slicing-73-001,4,23726,23810,23811,29,60,30,3
1021,MVN-S-Slicing-73-001,7,23811,23831,23832,21,60,20,1
1022,MVN-S-Slicing-73-001,4,23832,23991,23992,54,60,30,3
1023,MVN-S-Slicing-73-001,0,23994,24112,24113,60,60,30,2
1023,MVN-S-Slicing-73-001,0,24054,24172,24173,60,60,30,2
1023,MVN-S-Slicing-73-001,0,24114,24232,24233,60,60,30,2
1023,MVN-S-Slicing-73-001,0,24174,24292,24293,60,60,30,2
1023,MVN-S-Slicing-73-001,0,24234,24352,24353,60,60,30,2
1023,MVN-S-Slicing-73-001,0,24294,24412,24413,60,60,30,2
1023,MVN-S-Slicing-73-001,0,24354,24472,24473,60,60,30,2
1023,MVN-S-Slicing-73-001,0,24414,24532,24533,60,60,30,2
1023,MVN-S-Slicing-73-001,0,24534,24584,24585,26,60,30,2
1024,MVN-S-Slicing-73-001,4,24585,24762,24763,60,60,30,3
1024,MVN-S-Slicing-73-001,4,24675,24852,24853,60,60,30,3
1024,MVN-S-Slicing-73-001,4,24765,24942,24943,60,60,30,3
1024,MVN-S-Slicing-73-001,4,24855,25032,25033,60,60,30,3
1024,MVN-S-Slicing-73-001,4,24945,25122,25123,60,60,30,3
1024,MVN-S-Slicing-73-001,4,25035,25212,25213,60,60,30,3
1024,MVN-S-Slicing-73-001,4,25125,25302,25303,60,60,30,3
1024,MVN-S-Slicing-73-001,4,25215,25392,25393,60,60,30,3
1024,MVN-S-Slicing-73-001,4,25305,25482,25483,60,60,30,3
1024,MVN-S-Slicing-73-001,4,25395,25572,25573,60,60,30,3
1024,MVN-S-Slicing-73-001,4,25575,25623,25624,17,60,30,3
1025,MVN-S-Slicing-73-001,8,25625,25743,25744,60,60,20,2
1025,MVN-S-Slicing-73-001,8,25745,25747,25748,2,60,20,2
1026,MVN-S-Slicing-73-001,3,25748,25866,25867,60,60,30,2
1026,MVN-S-Slicing-73-001,3,25868,25890,25891,12,60,30,2
1027,MVN-S-Slicing-73-001,4,25892,26069,26070,60,60,30,3
1027,MVN-S-Slicing-73-001,4,25982,26159,26160,60,60,30,3
1027,MVN-S-Slicing-73-001,4,26072,26249,26250,60,60,30,3
1027,MVN-S-Slicing-73-001,4,26162,26339,26340,60,60,30,3
1027,MVN-S-Slicing-73-001,4,26252,26429,26430,60,60,30,3
1027,MVN-S-Slicing-73-001,4,26342,26519,26520,60,60,30,3
1027,MVN-S-Slicing-73-001,4,26432,26609,26610,60,60,30,3
1027,MVN-S-Slicing-73-001,4,26612,26624,26625,5,60,30,3
1028,MVN-S-Slicing-73-001,5,26626,26685,26686,60,60,20,1
1028,MVN-S-Slicing-73-001,5,26646,26705,26706,60,60,20,1
1028,MVN-S-Slicing-73-001,5,26666,26725,26726,60,60,20,1
1028,MVN-S-Slicing-73-001,5,26686,26745,26746,60,60,20,1
1028,MVN-S-Slicing-73-001,5,26706,26765,26766,60,60,20,1
1028,MVN-S-Slicing-73-001,5,26726,26785,26786,60,60,20,1
1028,MVN-S-Slicing-73-001,5,26746,26805,26806,60,60,20,1
1028,MVN-S-Slicing-73-001,5,26766,26825,26826,60,60,20,1
1028,MVN-S-Slicing-73-001,5,26786,26845,26846,60,60,20,1
1028,MVN-S-Slicing-73-001,5,26806,26865,26866,60,60,20,1
1028,MVN-S-Slicing-73-001,5,26826,26885,26886,60,60,20,1
1028,MVN-S-Slicing-73-001,5,26846,26905,26906,60,60,20,1
1028,MVN-S-Slicing-73-001,5,26906,26917,26918,12,60,20,1
1029,MVN-S-Slicing-73-001,4,26918,27068,27069,51,60,30,3
1030,MVN-S-Slicing-73-001,8,27070,27176,27177,54,60,20,2
1031,MVN-S-Slicing-73-001,4,27178,27355,27356,60,60,30,3
1031,MVN-S-Slicing-73-001,4,27268,27445,27446,60,60,30,3
1031,MVN-S-Slicing-73-001,4,27448,27499,27500,18,60,30,3
1032,MVN-S-Slicing-73-001,8,27501,27619,27620,60,60,20,2
1032,MVN-S-Slicing-73-001,8,27621,27625,27626,3,60,20,2
1033,MVN-S-Slicing-73-001,7,27626,27685,27686,60,60,20,1
1033,MVN-S-Slicing-73-001,7,27646,27705,27706,60,60,20,1
1033,MVN-S-Slicing-73-001,7,27666,27725,27726,60,60,20,1
1033,MVN-S-Slicing-73-001,7,27686,27745,27746,60,60,20,1
1033,MVN-S-Slicing-73-001,7,27706,27765,27766,60,60,20,1
1033,MVN-S-Slicing-73-001,7,27726,27785,27786,60,60,20,1
1033,MVN-S-Slicing-73-001,7,27746,27805,27806,60,60,20,1
1033,MVN-S-Slicing-73-001,7,27766,27825,27826,60,60,20,1
1033,MVN-S-Slicing-73-001,7,27826,27833,27834,8,60,20,1
1034,MVN-S-Slicing-73-001,4,27834,28011,28012,60,60,30,3
1034,MVN-S-Slicing-73-001,4,27924,28101,28102,60,60,30,3
1034,MVN-S-Slicing-73-001,4,28104,28146,28147,15,60,30,3
1035,MVN-S-Slicing-73-001,8,28148,28266,28267,60,60,20,2
1035,MVN-S-Slicing-73-001,8,28188,28306,28307,60,60,20,2
1035,MVN-S-Slicing-73-001,8,28228,28346,28347,60,60,20,2
1035,MVN-S-Slicing-73-001,8,28268,28386,28387,60,60,20,2
1035,MVN-S-Slicing-73-001,8,28388,28414,28415,14,60,20,2
1036,MVN-S-Slicing-73-001,0,28416,28534,28535,60,60,30,2
1036,MVN-S-Slicing-73-001,0,28476,28594,28595,60,60,30,2
1036,MVN-S-Slicing-73-001,0,28536,28654,28655,60,60,30,2
1036,MVN-S-Slicing-73-001,0,28596,28714,28715,60,60,30,2
1036,MVN-S-Slicing-73-001,0,28656,28774,28775,60,60,30,2
1036,MVN-S-Slicing-73-001,0,28776,28820,28821,23,60,30,2
1037,MVN-S-Slicing-73-001,1,28821,28939,28940,60,60,30,2
1037,MVN-S-Slicing-73-001,1,28881,28999,29000,60,60,30,2
1037,MVN-S-Slicing-73-001,1,28941,29059,29060,60,60,30,2
1037,MVN-S-Slicing-73-001,1,29001,29119,29120,60,60,30,2
1037,MVN-S-Slicing-73-001,1,29061,29179,29180,60,60,30,2
1037,MVN-S-Slicing-73-001,1,29121,29239,29240,60,60,30,2
1037,MVN-S-Slicing-73-001,1,29181,29299,29300,60,60,30,2
1037,MVN-S-Slicing-73-001,1,29241,29359,29360,60,60,30,2
1037,MVN-S-Slicing-73-001,1,29361,29391,29392,16,60,30,2
1038,MVN-S-Slicing-73-001,2,29393,29511,29512,60,60,30,2
1038,MVN-S-Slicing-73-001,2,29453,29571,29572,60,60,30,2
1038,MVN-S-Slicing-73-001,2,29513,29631,29632,60,60,30,2
1038,MVN-S-Slicing-73-001,2,29573,29691,29692,60,60,30,2
1038,MVN-S-Slicing-73-001,2,29633,29751,29752,60,60,30,2
1038,MVN-S-Slicing-73-001,2,29693,29811,29812,60,60,30,2
1038,MVN-S-Slicing-73-001,2,29753,29871,29872,60,60,30,2
1038,MVN-S-Slicing-73-001,2,29813,29931,29932,60,60,30,2
1038,MVN-S-Slicing-73-001,2,29933,29989,29990,29,60,30,2
1039,MVN-S-Slicing-73-001,3,29990,30108,30109,60,60,30,2
1039,MVN-S-Slicing-73-001,3,30050,30168,30169,60,60,30,2
1039,MVN-S-Slicing-73-001,3,30170,30188,30189,10,60,30,2
1040,MVN-S-Slicing-73-001,7,30189,30248,30249,60,60,20,1
1040,MVN-S-Slicing-73-001,7,30209,30268,30269,60,60,20,1
1040,MVN-S-Slicing-73-001,7,30229,30288,30289,60,60,20,1
1040,MVN-S-Slicing-73-001,7,30249,30308,30309,60,60,20,1
1040,MVN-S-Slicing-73-001,7,30269,30328,30329,60,60,20,1
1040,MVN-S-Slicing-73-001,7,30329,30338,30339,10,60,20,1
1041,MVN-S-Slicing-73-001,4,30339,30516,30517,60,60,30,3
1041,MVN-S-Slicing-73-001,4,30429,30606,30607,60,60,30,3
1041,MVN-S-Slicing-73-001,4,30519,30696,30697,60,60,30,3
1041,MVN-S-Slicing-73-001,4,30609,30786,30787,60,60,30,3
1041,MVN-S-Slicing-73-001,4,30699,30876,30877,60,60,30,3
1041,MVN-S-Slicing-73-001,4,30789,30966,30967,60,60,30,3
1041,MVN-S-Slicing-73-001,4,30879,31056,31057,60,60,30,3
1041,MVN-S-Slicing-73-001,4,30969,31146,31147,60,60,30,3
1041,MVN-S-Slicing-73-001,4,31059,31236,31237,60,60,30,3
1041,MVN-S-Slicing-73-001,4,31149,31326,31327,60,60,30,3
1041,MVN-S-Slicing-73-001,4,31239,31416,31417,60,60,30,3
1041,MVN-S-Slicing-73-001,4,31329,31506,31507,60,60,30,3
1041,MVN-S-Slicing-73-001,4,31419,31596,31597,60,60,30,3
1041,MVN-S-Slicing-73-001,4,31599,31665,31666,23,60,30,3
1042,MVN-S-Slicing-73-001,5,31668,31727,31728,60,60,20,1
1042,MVN-S-Slicing-73-001,5,31688,31747,31748,60,60,20,1
1042,MVN-S-Slicing-73-001,5,31708,31767,31768,60,60,20,1
1042,MVN-S-Slicing-73-001,5,31728,31787,31788,60,60,20,1
1042,MVN-S-Slicing-73-001,5,31748,31807,31808,60,60,20,1
1042,MVN-S-Slicing-73-001,5,31768,31827,31828,60,60,20,1
1042,MVN-S-Slicing-73-001,5,31788,31847,31848,60,60,20,1
1042,MVN-S-Slicing-73-001,5,31808,31867,31868,60,60,20,1
1042,MVN-S-Slicing-73-001,5,31828,31887,31888,60,60,20,1
1042,MVN-S-Slicing-73-001,5,31848,31907,31908,60,60,20,1
1042,MVN-S-Slicing-73-001,5,31868,31927,31928,60,60,20,1
1042,MVN-S-Slicing-73-001,5,31928,31941,31942,14,60,20,1
1043,MVN-S-Slicing-73-001,7,31942,32001,32002,60,60,20,1
1043,MVN-S-Slicing-73-001,7,31962,32021,32022,60,60,20,1
1043,MVN-S-Slicing-73-001,7,31982,32041,32042,60,60,20,1
1043,MVN-S-Slicing-73-001,7,32002,32061,32062,60,60,20,1
1043,MVN-S-Slicing-73-001,7,32062,32063,32064,2,60,20,1
1044,MVN-S-Slicing-73-001,4,32064,32241,32242,60,60,30,3
1044,MVN-S-Slicing-73-001,4,32244,32256,32257,5,60,30,3
1045,MVN-S-Slicing-73-001,5,32259,32318,32319,60,60,20,1
1045,MVN-S-Slicing-73-001,5,32279,32338,32339,60,60,20,1
1045,MVN-S-Slicing-73-001,5,32299,32358,32359,60,60,20,1
1045,MVN-S-Slicing-73-001,5,32319,32378,32379,60,60,20,1
1045,MVN-S-Slicing-73-001,5,32339,32398,32399,60,60,20,1
1045,MVN-S-Slicing-73-001,5,32359,32418,32419,60,60,20,1
1045,MVN-S-Slicing-73-001,5,32379,32438,32439,60,60,20,1
1045,MVN-S-Slicing-73-001,5,32399,32458,32459,60,60,20,1
1045,MVN-S-Slicing-73-001,5,32419,32478,32479,60,60,20,1
1045,MVN-S-Slicing-73-001,5,32439,32498,32499,60,60,20,1
1045,MVN-S-Slicing-73-001,5,32459,32518,32519,60,60,20,1
1045,MVN-S-Slicing-73-001,5,32479,32538,32539,60,60,20,1
1045,MVN-S-Slicing-73-001,5,32499,32558,32559,60,60,20,1
1045,MVN-S-Slicing-73-001,5,32519,32578,32579,60,60,20,1
1045,MVN-S-Slicing-73-001,5,32539,32598,32599,60,60,20,1
1045,MVN-S-Slicing-73-001,5,32559,32618,32619,60,60,20,1
1045,MVN-S-Slicing-73-001,5,32579,32638,32639,60,60,20,1
1045,MVN-S-Slicing-73-001,5,32639,32652,32653,14,60,20,1
1046,MVN-S-Slicing-73-001,8,32653,32729,32730,39,60,20,2
1047,MVN-S-Slicing-73-001,2,32731,32849,32850,60,60,30,2
1047,MVN-S-Slicing-73-001,2,32791,32909,32910,60,60,30,2
1047,MVN-S-Slicing-73-001,2,32851,32969,32970,60,60,30,2
1047,MVN-S-Slicing-73-001,2,32911,33029,33030,60,60,30,2
1047,MVN-S-Slicing-73-001,2,32971,33089,33090,60,60,30,2
1047,MVN-S-Slicing-73-001,2,33031,33149,33150,60,60,30,2
1047,MVN-S-Slicing-73-001,2,33091,33209,33210,60,60,30,2
1047,MVN-S-Slicing-73-001,2,33211,33221,33222,6,60,30,2
1048,MVN-S-Slicing-73-001,3,33222,33340,33341,60,60,30,2
1048,MVN-S-Slicing-73-001,3,33282,33400,33401,60,60,30,2
1048,MVN-S-Slicing-73-001,3,33342,33460,33461,60,60,30,2
1048,MVN-S-Slicing-73-001,3,33402,33520,33521,60,60,30,2
1048,MVN-S-Slicing-73-001,3,33522,33528,33529,4,60,30,2
1049,MVN-S-Slicing-73-001,4,33529,33706,33707,60,60,30,3
1049,MVN-S-Slicing-73-001,4,33619,33796,33797,60,60,30,3
1049,MVN-S-Slicing-73-001,4,33709,33886,33887,60,60,30,3
1049,MVN-S-Slicing-73-001,4,33799,33976,33977,60,60,30,3
1049,MVN-S-Slicing-73-001,4,33889,34066,34067,60,60,30,3
1049,MVN-S-Slicing-73-001,4,33979,34156,34157,60,60,30,3
1049,MVN-S-Slicing-73-001,4,34069,34246,34247,60,60,30,3
1049,MVN-S-Slicing-73-001,4,34159,34336,34337,60,60,30,3
1049,MVN-S-Slicing-73-001,4,34249,34426,34427,60,60,30,3
1049,MVN-S-Slicing-73-001,4,34339,34516,34517,60,60,30,3
1049,MVN-S-Slicing-73-001,4,34429,34606,34607,60,60,30,3
1049,MVN-S-Slicing-73-001,4,34519,34696,34697,60,60,30,3
1049,MVN-S-Slicing-73-001,4,34609,34786,34787,60,60,30,3
1049,MVN-S-Slicing-73-001,4,34789,34849,34850,21,60,30,3
1050,MVN-S-Slicing-73-001,8,34852,34970,34971,60,60,20,2
1050,MVN-S-Slicing-73-001,8,34972,34978,34979,4,60,20,2
1051,MVN-S-Slicing-73-001,3,34979,35051,35052,37,60,30,2
1052,MVN-S-Slicing-73-001,4,35053,35209,35210,53,60,30,3
1053,MVN-S-Slicing-73-001,8,35212,35272,35273,31,60,20,2
1054,MVN-S-Slicing-73-001,3,35273,35391,35392,60,60,30,2
1054,MVN-S-Slicing-73-001,3,35393,35407,35408,8,60,30,2
1055,MVN-S-Slicing-73-001,0,35408,35526,35527,60,60,30,2
1055,MVN-S-Slicing-73-001,0,35468,35586,35587,60,60,30,2
1055,MVN-S-Slicing-73-001,0,35528,35646,35647,60,60,30,2
1055,MVN-S-Slicing-73-001,0,35648,35702,35703,28,60,30,2
1056,MVN-S-Slicing-73-001,2,35704,35822,35823,60,60,30,2
1056,MVN-S-Slicing-73-001,2,35824,35852,35853,15,60,30,2
1057,MVN-S-Slicing-73-001,7,35854,35904,35905,51,60,20,1
1058,MVN-S-Slicing-73-001,4,35905,36082,36083,60,60,30,3
1058,MVN-S-Slicing-73-001,4,35995,36172,36173,60,60,30,3
1058,MVN-S-Slicing-73-001,4,36085,36262,36263,60,60,30,3
1058,MVN-S-Slicing-73-001,4,36175,36352,36353,60,60,30,3
1058,MVN-S-Slicing-73-001,4,36265,36442,36443,60,60,30,3
1058,MVN-S-Slicing-73-001,4,36445,36466,36467,8,60,30,3
1059,MVN-S-Slicing-73-001,5,36469,36528,36529,60,60,20,1
1059,MVN-S-Slicing-73-001,5,36489,36548,36549,60,60,20,1
1059,MVN-S-Slicing-73-001,5,36509,36568,36569,60,60,20,1
1059,MVN-S-Slicing-73-001,5,36569,36574,36575,6,60,20,1
1060,MVN-S-Slicing-73-001,7,36575,36634,36635,60,60,20,1
1060,MVN-S-Slicing-73-001,7,36595,36654,36655,60,60,20,1
1060,MVN-S-Slicing-73-001,7,36655,36657,36658,3,60,20,1
1061,MVN-S-Slicing-73-001,4,36658,36835,36836,60,60,30,3
1061,MVN-S-Slicing-73-001,4,36748,36925,36926,60,60,30,3
1061,MVN-S-Slicing-73-001,4,36928,36976,36977,17,60,30,3
1062,MVN-S-Slicing-73-001,7,36978,37024,37025,47,60,20,1
1063,MVN-S-Slicing-73-001,5,37025,37084,37085,60,60,20,1
1063,MVN-S-Slicing-73-001,5,37045,37104,37105,60,60,20,1
1063,MVN-S-Slicing-73-001,5,37065,37124,37125,60,60,20,1
1063,MVN-S-Slicing-73-001,5,37085,37144,37145,60,60,20,1
1063,MVN-S-Slicing-73-001,5,37105,37164,37165,60,60,20,1
1063,MVN-S-Slicing-73-001,5,37125,37184,37185,60,60,20,1
1063,MVN-S-Slicing-73-001,5,37185,37197,37198,13,60,20,1
1064,MVN-S-Slicing-73-001,8,37198,37250,37251,27,60,20,2
1065,MVN-S-Slicing-73-001,7,37251,37306,37307,56,60,20,1
1066,MVN-S-Slicing-73-001,4,37307,37484,37485,60,60,30,3
1066,MVN-S-Slicing-73-001,4,37397,37574,37575,60,60,30,3
1066,MVN-S-Slicing-73-001,4,37487,37664,37665,60,60,30,3
1066,MVN-S-Slicing-73-001,4,37577,37754,37755,60,60,30,3
1066,MVN-S-Slicing-73-001,4,37667,37844,37845,60,60,30,3
1066,MVN-S-Slicing-73-001,4,37757,37934,37935,60,60,30,3
1066,MVN-S-Slicing-73-001,4,37937,38000,38001,22,60,30,3
1067,MVN-S-Slicing-73-001,7,38003,38062,38063,60,60,20,1
1067,MVN-S-Slicing-73-001,7,38023,38082,38083,60,60,20,1
1067,MVN-S-Slicing-73-001,7,38043,38102,38103,60,60,20,1
1067,MVN-S-Slicing-73-001,7,38063,38122,38123,60,60,20,1
1067,MVN-S-Slicing-73-001,7,38083,38142,38143,60,60,20,1
1067,MVN-S-Slicing-73-001,7,38143,38157,38158,15,60,20,1
1068,MVN-S-Slicing-73-001,4,38158,38335,38336,60,60,30,3
1068,MVN-S-Slicing-73-001,4,38248,38425,38426,60,60,30,3
1068,MVN-S-Slicing-73-001,4,38338,38515,38516,60,60,30,3
1068,MVN-S-Slicing-73-001,4,38428,38605,38606,60,60,30,3
1068,MVN-S-Slicing-73-001,4,38518,38695,38696,60,60,30,3
1068,MVN-S-Slicing-73-001,4,38608,38785,38786,60,60,30,3
1068,MVN-S-Slicing-73-001,4,38698,38875,38876,60,60,30,3
1068,MVN-S-Slicing-73-001,4,38788,38965,38966,60,60,30,3
1068,MVN-S-Slicing-73-001,4,38878,39055,39056,60,60,30,3
1068,MVN-S-Slicing-73-001,4,38968,39145,39146,60,60,30,3
1068,MVN-S-Slicing-73-001,4,39148,39208,39209,21,60,30,3
1069,MVN-S-Slicing-73-001,7,39211,39270,39271,60,60,20,1
1069,MVN-S-Slicing-73-001,7,39231,39290,39291,60,60,20,1
1069,MVN-S-Slicing-73-001,7,39291,39301,39302,11,60,20,1
1070,MVN-S-Slicing-73-001,4,39302,39479,39480,60,60,30,3
1070,MVN-S-Slicing-73-001,4,39392,39569,39570,60,60,30,3
1070,MVN-S-Slicing-73-001,4,39482,39659,39660,60,60,30,3
1070,MVN-S-Slicing-73-001,4,39662,39701,39702,14,60,30,3
1071,MVN-S-Slicing-73-001,7,39702,39749,39750,48,60,20,1
1072,MVN-S-Slicing-73-001,4,39750,39927,39928,60,60,30,3
1072,MVN-S-Slicing-73-001,4,39840,40017,40018,60,60,30,3
1072,MVN-S-Slicing-73-001,4,39930,40107,40108,60,60,30,3
1072,MVN-S-Slicing-73-001,4,40110,40161,40162,18,60,30,3
1073,MVN-S-Slicing-73-001,7,40163,40212,40213,50,60,20,1
1074,MVN-S-Slicing-73-001,8,40213,40331,40332,60,60,20,2
1074,MVN-S-Slicing-73-001,8,40333,40335,40336,2,60,20,2
1075,MVN-S-Slicing-73-001,3,40336,40454,40455,60,60,30,2
1075,MVN-S-Slicing-73-001,3,40456,40468,40469,7,60,30,2
1076,MVN-S-Slicing-73-001,7,40470,40529,40530,60,60,20,1
1076,MVN-S-Slicing-73-001,7,40490,40549,40550,60,60,20,1
1076,MVN-S-Slicing-73-001,7,40550,40554,40555,5,60,20,1
1077,MVN-S-Slicing-73-001,2,40555,40673,40674,60,60,30,2
1077,MVN-S-Slicing-73-001,2,40615,40733,40734,60,60,30,2
1077,MVN-S-Slicing-73-001,2,40735,40773,40774,20,60,30,2
1078,MVN-S-Slicing-73-001,7,40775,40834,40835,60,60,20,1
1078,MVN-S-Slicing-73-001,7,40795,40854,40855,60,60,20,1
1078,MVN-S-Slicing-73-001,7,40855,40857,40858,3,60,20,1
1079,MVN-S-Slicing-73-001,4,40858,41035,41036,60,60,30,3
1079,MVN-S-Slicing-73-001,4,40948,41125,41126,60,60,30,3
1079,MVN-S-Slicing-73-001,4,41128,41143,41144,6,60,30,3
1080,MVN-S-Slicing-73-001,6,41146,41205,41206,60,60,15,1
1080,MVN-S-Slicing-73-001,6,41161,41220,41221,60,60,15,1
1080,MVN-S-Slicing-73-001,6,41176,41235,41236,60,60,15,1
1080,MVN-S-Slicing-73-001,6,41236,41237,41238,2,60,15,1
1081,MVN-S-Slicing-73-001,5,41238,41297,41298,60,60,20,1
1081,MVN-S-Slicing-73-001,5,41258,41317,41318,60,60,20,1
1081,MVN-S-Slicing-73-001,5,41278,41337,41338,60,60,20,1
1081,MVN-S-Slicing-73-001,5,41338,41344,41345,7,60,20,1
1082,MVN-S-Slicing-73-001,6,41345,41404,41405,60,60,15,1
1082,MVN-S-Slicing-73-001,6,41360,41419,41420,60,60,15,1
1082,MVN-S-Slicing-73-001,6,41375,41434,41435,60,60,15,1
1082,MVN-S-Slicing-73-001,6,41390,41449,41450,60,60,15,1
1082,MVN-S-Slicing-73-001,6,41405,41464,41465,60,60,15,1
1082,MVN-S-Slicing-73-001,6,41420,41479,41480,60,60,15,1
1082,MVN-S-Slicing-73-001,6,41435,41494,41495,60,60,15,1
1082,MVN-S-Slicing-73-001,6,41450,41509,41510,60,60,15,1
1082,MVN-S-Slicing-73-001,6,41465,41524,41525,60,60,15,1
1082,MVN-S-Slicing-73-001,6,41525,41528,41529,4,60,15,1
1083,MVN-S-Slicing-73-001,4,41529,41706,41707,60,60,30,3
1083,MVN-S-Slicing-73-001,4,41619,41796,41797,60,60,30,3
1083,MVN-S-Slicing-73-001,4,41799,41823,41824,9,60,30,3
1084,MVN-S-Slicing-73-001,7,41825,41868,41869,44,60,20,1
1085,MVN-S-Slicing-73-001,4,41869,42046,42047,60,60,30,3
1085,MVN-S-Slicing-73-001,4,41959,42136,42137,60,60,30,3
1085,MVN-S-Slicing-73-001,4,42049,42226,42227,60,60,30,3
1085,MVN-S-Slicing-73-001,4,42139,42316,42317,60,60,30,3
1085,MVN-S-Slicing-73-001,4,42229,42406,42407,60,60,30,3
1085,MVN-S-Slicing-73-001,4,42319,42496,42497,60,60,30,3
1085,MVN-S-Slicing-73-001,4,42499,42565,42566,23,60,30,3
1086,MVN-S-Slicing-73-001,8,42568,42616,42617,25,60,20,2
1087,MVN-S-Slicing-73-001,4,42617,42740,42741,42,60,30,3
1088,MVN-S-Slicing-73-001,7,42742,42787,42788,46,60,20,1
1089,MVN-S-Slicing-73-001,4,42788,42965,42966,60,60,30,3
1089,MVN-S-Slicing-73-001,4,42878,43055,43056,60,60,30,3
1089,MVN-S-Slicing-73-001,4,42968,43145,43146,60,60,30,3
1089,MVN-S-Slicing-73-001,4,43058,43235,43236,60,60,30,3
1089,MVN-S-Slicing-73-001,4,43148,43325,43326,60,60,30,3
1089,MVN-S-Slicing-73-001,4,43238,43415,43416,60,60,30,3
1089,MVN-S-Slicing-73-001,4,43418,43442,43443,9,60,30,3
1090,MVN-S-Slicing-73-001,7,43443,43502,43503,60,60,20,1
1090,MVN-S-Slicing-73-001,7,43503,43518,43519,16,60,20,1
1091,MVN-S-Slicing-73-001,5,43519,43552,43553,34,60,20,1
1092,MVN-S-Slicing-73-001,8,43553,43629,43630,39,60,20,2
1093,MVN-S-Slicing-73-001,3,43631,43679,43680,25,60,30,2
1094,MVN-S-Slicing-73-001,4,43681,43858,43859,60,60,30,3
1094,MVN-S-Slicing-73-001,4,43771,43948,43949,60,60,30,3
1094,MVN-S-Slicing-73-001,4,43861,44038,44039,60,60,30,3
1094,MVN-S-Slicing-73-001,4,43951,44128,44129,60,60,30,3
1094,MVN-S-Slicing-73-001,4,44041,44218,44219,60,60,30,3
1095,MVN-S-Slicing-73-001,8,44219,44331,44332,57,60,20,2
1096,MVN-S-Slicing-73-001,3,44333,44451,44452,60,60,30,2
1096,MVN-S-Slicing-73-001,3,44393,44511,44512,60,60,30,2
1096,MVN-S-Slicing-73-001,3,44513,44537,44538,13,60,30,2
1097,MVN-S-Slicing-73-001,2,44538,44656,44657,60,60,30,2
1097,MVN-S-Slicing-73-001,2,44598,44716,44717,60,60,30,2
1097,MVN-S-Slicing-73-001,2,44658,44776,44777,60,60,30,2
1097,MVN-S-Slicing-73-001,2,44718,44836,44837,60,60,30,2
1097,MVN-S-Slicing-73-001,2,44778,44896,44897,60,60,30,2
1097,MVN-S-Slicing-73-001,2,44838,44956,44957,60,60,30,2
1097,MVN-S-Slicing-73-001,2,44958,44984,44985,14,60,30,2
1098,MVN-S-Slicing-73-001,4,44985,45162,45163,60,60,30,3
1098,MVN-S-Slicing-73-001,4,45075,45252,45253,60,60,30,3
1098,MVN-S-Slicing-73-001,4,45165,45342,45343,60,60,30,3
1098,MVN-S-Slicing-73-001,4,45255,45432,45433,60,60,30,3
1098,MVN-S-Slicing-73-001,4,45345,45522,45523,60,60,30,3
1098,MVN-S-Slicing-73-001,4,45435,45612,45613,60,60,30,3
1098,MVN-S-Slicing-73-001,4,45525,45702,45703,60,60,30,3
1098,MVN-S-Slicing-73-001,4,45615,45792,45793,60,60,30,3
1098,MVN-S-Slicing-73-001,4,45705,45882,45883,60,60,30,3
1098,MVN-S-Slicing-73-001,4,45795,45972,45973,60,60,30,3
1098,MVN-S-Slicing-73-001,4,45885,46062,46063,60,60,30,3
1098,MVN-S-Slicing-73-001,4,45975,46152,46153,60,60,30,3
1098,MVN-S-Slicing-73-001,4,46065,46242,46243,60,60,30,3
1098,MVN-S-Slicing-73-001,4,46245,46260,46261,6,60,30,3
1099,MVN-S-Slicing-73-001,7,46263,46322,46323,60,60,20,1
1099,MVN-S-Slicing-73-001,7,46283,46342,46343,60,60,20,1
1099,MVN-S-Slicing-73-001,7,46303,46362,46363,60,60,20,1
1099,MVN-S-Slicing-73-001,7,46323,46382,46383,60,60,20,1
1099,MVN-S-Slicing-73-001,7,46383,46387,46388,5,60,20,1
1100,MVN-S-Slicing-73-001,4,46388,46565,46566,60,60,30,3
1100,MVN-S-Slicing-73-001,4,46568,46595,46596,10,60,30,3
1101,MVN-S-Slicing-73-001,7,46597,46656,46657,60,60,20,1
1101,MVN-S-Slicing-73-001,7,46617,46676,46677,60,60,20,1
1101,MVN-S-Slicing-73-001,7,46637,46696,46697,60,60,20,1
1101,MVN-S-Slicing-73-001,7,46657,46716,46717,60,60,20,1
1101,MVN-S-Slicing-73-001,7,46677,46736,46737,60,60,20,1
1101,MVN-S-Slicing-73-001,7,46697,46756,46757,60,60,20,1
1101,MVN-S-Slicing-73-001,7,46717,46776,46777,60,60,20,1
1101,MVN-S-Slicing-73-001,7,46737,46796,46797,60,60,20,1
1101,MVN-S-Slicing-73-001,7,46757,46816,46817,60,60,20,1
1101,MVN-S-Slicing-73-001,7,46777,46836,46837,60,60,20,1
1101,MVN-S-Slicing-73-001,7,46797,46856,46857,60,60,20,1
1101,MVN-S-Slicing-73-001,7,46817,46876,46877,60,60,20,1
1101,MVN-S-Slicing-73-001,7,46837,46896,46897,60,60,20,1
1101,MVN-S-Slicing-73-001,7,46897,46898,46899,2,60,20,1
1102,MVN-S-Slicing-73-001,4,46899,47076,47077,60,60,30,3
1102,MVN-S-Slicing-73-001,4,46989,47166,47167,60,60,30,3
1102,MVN-S-Slicing-73-001,4,47079,47256,47257,60,60,30,3
1102,MVN-S-Slicing-73-001,4,47169,47346,47347,60,60,30,3
1102,MVN-S-Slicing-73-001,4,47259,47436,47437,60,60,30,3
1102,MVN-S-Slicing-73-001,4,47349,47526,47527,60,60,30,3
1102,MVN-S-Slicing-73-001,4,47439,47616,47617,60,60,30,3
1102,MVN-S-Slicing-73-001,4,47529,47706,47707,60,60,30,3
1102,MVN-S-Slicing-73-001,4,47619,47796,47797,60,60,30,3
1102,MVN-S-Slicing-73-001,4,47709,47886,47887,60,60,30,3
1102,MVN-S-Slicing-73-001,4,47799,47976,47977,60,60,30,3
1102,MVN-S-Slicing-73-001,4,47889,48066,48067,60,60,30,3
1102,MVN-S-Slicing-73-001,4,47979,48156,48157,60,60,30,3
1102,MVN-S-Slicing-73-001,4,48069,48246,48247,60,60,30,3
1102,MVN-S-Slicing-73-001,4,48159,48336,48337,60,60,30,3
1102,MVN-S-Slicing-73-001,4,48339,48342,48343,2,60,30,3
1103,MVN-S-Slicing-73-001,8,48344,48462,48463,60,60,20,2
1103,MVN-S-Slicing-73-001,8,48384,48502,48503,60,60,20,2
1103,MVN-S-Slicing-73-001,8,48504,48512,48513,5,60,20,2
1104,MVN-S-Slicing-73-001,2,48513,48631,48632,60,60,30,2
1104,MVN-S-Slicing-73-001,2,48573,48691,48692,60,60,30,2
1104,MVN-S-Slicing-73-001,2,48633,48751,48752,60,60,30,2
1104,MVN-S-Slicing-73-001,2,48693,48811,48812,60,60,30,2
1104,MVN-S-Slicing-73-001,2,48753,48871,48872,60,60,30,2
1104,MVN-S-Slicing-73-001,2,48813,48931,48932,60,60,30,2
1104,MVN-S-Slicing-73-001,2,48873,48991,48992,60,60,30,2
1104,MVN-S-Slicing-73-001,2,48993,49035,49036,22,60,30,2
1105,MVN-S-Slicing-73-001,3,49036,49114,49115,40,60,30,2
1106,MVN-S-Slicing-73-001,7,49115,49174,49175,60,60,20,1
1106,MVN-S-Slicing-73-001,7,49135,49194,49195,60,60,20,1
1106,MVN-S-Slicing-73-001,7,49155,49214,49215,60,60,20,1
1106,MVN-S-Slicing-73-001,7,49215,49221,49222,7,60,20,1
1107,MVN-S-Slicing-73-001,3,49222,49322,49323,51,60,30,2
1108,MVN-S-Slicing-73-001,6,49324,49365,49366,42,60,15,1
1109,MVN-S-Slicing-73-001,5,49366,49425,49426,60,60,20,1
1109,MVN-S-Slicing-73-001,5,49386,49445,49446,60,60,20,1
1109,MVN-S-Slicing-73-001,5,49406,49465,49466,60,60,20,1
1109,MVN-S-Slicing-73-001,5,49426,49485,49486,60,60,20,1
1109,MVN-S-Slicing-73-001,5,49446,49505,49506,60,60,20,1
1109,MVN-S-Slicing-73-001,5,49466,49525,49526,60,60,20,1
1109,MVN-S-Slicing-73-001,5,49486,49545,49546,60,60,20,1
1109,MVN-S-Slicing-73-001,5,49506,49565,49566,60,60,20,1
1109,MVN-S-Slicing-73-001,5,49526,49585,49586,60,60,20,1
1109,MVN-S-Slicing-73-001,5,49546,49605,49606,60,60,20,1
1109,MVN-S-Slicing-73-001,5,49566,49625,49626,60,60,20,1
1109,MVN-S-Slicing-73-001,5,49626,49637,49638,12,60,20,1
1110,MVN-S-Slicing-73-001,6,49638,49697,49698,60,60,15,1
1110,MVN-S-Slicing-73-001,6,49653,49712,49713,60,60,15,1
1110,MVN-S-Slicing-73-001,6,49668,49727,49728,60,60,15,1
1110,MVN-S-Slicing-73-001,6,49683,49742,49743,60,60,15,1
1110,MVN-S-Slicing-73-001,6,49698,49757,49758,60,60,15,1
1110,MVN-S-Slicing-73-001,6,49713,49772,49773,60,60,15,1
1110,MVN-S-Slicing-73-001,6,49773,49774,49775,2,60,15,1
1111,MVN-S-Slicing-73-001,4,49775,49952,49953,60,60,30,3
1111,MVN-S-Slicing-73-001,4,49865,50042,50043,60,60,30,3
1111,MVN-S-Slicing-73-001,4,49955,50132,50133,60,60,30,3
1111,MVN-S-Slicing-73-001,4,50045,50222,50223,60,60,30,3
1111,MVN-S-Slicing-73-001,4,50225,50303,50304,27,60,30,3
1112,MVN-S-Slicing-73-001,6,50305,50364,50365,60,60,15,1
1112,MVN-S-Slicing-73-001,6,50320,50379,50380,60,60,15,1
1112,MVN-S-Slicing-73-001,6,50380,50388,50389,9,60,15,1
1113,MVN-S-Slicing-73-001,5,50389,50448,50449,60,60,20,1
1113,MVN-S-Slicing-73-001,5,50409,50468,50469,60,60,20,1
1113,MVN-S-Slicing-73-001,5,50429,50488,50489,60,60,20,1
1113,MVN-S-Slicing-73-001,5,50449,50508,50509,60,60,20,1
1113,MVN-S-Slicing-73-001,5,50469,50528,50529,60,60,20,1
1113,MVN-S-Slicing-73-001,5,50489,50548,50549,60,60,20,1
1113,MVN-S-Slicing-73-001,5,50509,50568,50569,60,60,20,1
1113,MVN-S-Slicing-73-001,5,50529,50588,50589,60,60,20,1
1113,MVN-S-Slicing-73-001,5,50549,50608,50609,60,60,20,1
1113,MVN-S-Slicing-73-001,5,50569,50628,50629,60,60,20,1
1113,MVN-S-Slicing-73-001,5,50589,50648,50649,60,60,20,1
1113,MVN-S-Slicing-73-001,5,50609,50668,50669,60,60,20,1
1113,MVN-S-Slicing-73-001,5,50629,50688,50689,60,60,20,1
1113,MVN-S-Slicing-73-001,5,50649,50708,50709,60,60,20,1
1113,MVN-S-Slicing-73-001,5,50669,50728,50729,60,60,20,1
1113,MVN-S-Slicing-73-001,5,50689,50748,50749,60,60,20,1
1113,MVN-S-Slicing-73-001,5,50709,50768,50769,60,60,20,1
1113,MVN-S-Slicing-73-001,5,50729,50788,50789,60,60,20,1
1113,MVN-S-Slicing-73-001,5,50749,50808,50809,60,60,20,1
1113,MVN-S-Slicing-73-001,5,50769,50828,50829,60,60,20,1
1113,MVN-S-Slicing-73-001,5,50789,50848,50849,60,60,20,1
1113,MVN-S-Slicing-73-001,5,50809,50868,50869,60,60,20,1
1113,MVN-S-Slicing-73-001,5,50829,50888,50889,60,60,20,1
1113,MVN-S-Slicing-73-001,5,50849,50908,50909,60,60,20,1
1113,MVN-S-Slicing-73-001,5,50869,50928,50929,60,60,20,1
1113,MVN-S-Slicing-73-001,5,50889,50948,50949,60,60,20,1
1113,MVN-S-Slicing-73-001,5,50909,50968,50969,60,60,20,1
1113,MVN-S-Slicing-73-001,5,50929,50988,50989,60,60,20,1
1113,MVN-S-Slicing-73-001,5,50949,51008,51009,60,60,20,1
1113,MVN-S-Slicing-73-001,5,50969,51028,51029,60,60,20,1
1113,MVN-S-Slicing-73-001,5,50989,51048,51049,60,60,20,1
1113,MVN-S-Slicing-73-001,5,51009,51068,51069,60,60,20,1
1113,MVN-S-Slicing-73-001,5,51029,51088,51089,60,60,20,1
1113,MVN-S-Slicing-73-001,5,51089,51103,51104,15,60,20,1
1114,MVN-S-Slicing-73-001,7,51104,51148,51149,45,60,20,1
1115,MVN-S-Slicing-73-001,5,51149,51208,51209,60,60,20,1
1115,MVN-S-Slicing-73-001,5,51169,51228,51229,60,60,20,1
1115,MVN-S-Slicing-73-001,5,51189,51248,51249,60,60,20,1
1115,MVN-S-Slicing-73-001,5,51209,51268,51269,60,60,20,1
1115,MVN-S-Slicing-73-001,5,51229,51288,51289,60,60,20,1
1115,MVN-S-Slicing-73-001,5,51249,51308,51309,60,60,20,1
1115,MVN-S-Slicing-73-001,5,51269,51328,51329,60,60,20,1
1115,MVN-S-Slicing-73-001,5,51289,51348,51349,60,60,20,1
1115,MVN-S-Slicing-73-001,5,51309,51368,51369,60,60,20,1
1115,MVN-S-Slicing-73-001,5,51329,51388,51389,60,60,20,1
1115,MVN-S-Slicing-73-001,5,51349,51408,51409,60,60,20,1
1115,MVN-S-Slicing-73-001,5,51369,51428,51429,60,60,20,1
1115,MVN-S-Slicing-73-001,5,51389,51448,51449,60,60,20,1
1115,MVN-S-Slicing-73-001,5,51409,51468,51469,60,60,20,1
1115,MVN-S-Slicing-73-001,5,51429,51488,51489,60,60,20,1
1115,MVN-S-Slicing-73-001,5,51449,51508,51509,60,60,20,1
1115,MVN-S-Slicing-73-001,5,51469,51528,51529,60,60,20,1
1115,MVN-S-Slicing-73-001,5,51489,51548,51549,60,60,20,1
1115,MVN-S-Slicing-73-001,5,51509,51568,51569,60,60,20,1
1115,MVN-S-Slicing-73-001,5,51529,51588,51589,60,60,20,1
1115,MVN-S-Slicing-73-001,5,51549,51608,51609,60,60,20,1
1115,MVN-S-Slicing-73-001,5,51569,51628,51629,60,60,20,1
1115,MVN-S-Slicing-73-001,5,51629,51637,51638,9,60,20,1
1116,MVN-S-Slicing-73-001,8,51638,51728,51729,46,60,20,2
1117,MVN-S-Slicing-73-001,3,51730,51848,51849,60,60,30,2
1117,MVN-S-Slicing-73-001,3,51790,51908,51909,60,60,30,2
1117,MVN-S-Slicing-73-001,3,51910,51918,51919,5,60,30,2
1118,MVN-S-Slicing-73-001,4,51919,52096,52097,60,60,30,3
1118,MVN-S-Slicing-73-001,4,52009,52186,52187,60,60,30,3
1118,MVN-S-Slicing-73-001,4,52099,52276,52277,60,60,30,3
1118,MVN-S-Slicing-73-001,4,52279,52303,52304,9,60,30,3
1119,MVN-S-Slicing-73-001,7,52305,52364,52365,60,60,20,1
1119,MVN-S-Slicing-73-001,7,52325,52384,52385,60,60,20,1
1119,MVN-S-Slicing-73-001,7,52345,52404,52405,60,60,20,1
1119,MVN-S-Slicing-73-001,7,52365,52424,52425,60,60,20,1
1119,MVN-S-Slicing-73-001,7,52385,52444,52445,60,60,20,1
1119,MVN-S-Slicing-73-001,7,52445,52445,52446,1,60,20,1
1120,MVN-S-Slicing-73-001,4,52446,52623,52624,60,60,30,3
1120,MVN-S-Slicing-73-001,4,52536,52713,52714,60,60,30,3
1120,MVN-S-Slicing-73-001,4,52626,52803,52804,60,60,30,3
1120,MVN-S-Slicing-73-001,4,52716,52893,52894,60,60,30,3
1120,MVN-S-Slicing-73-001,4,52806,52983,52984,60,60,30,3
1120,MVN-S-Slicing-73-001,4,52896,53073,53074,60,60,30,3
1120,MVN-S-Slicing-73-001,4,52986,53163,53164,60,60,30,3
1120,MVN-S-Slicing-73-001,4,53076,53253,53254,60,60,30,3
1120,MVN-S-Slicing-73-001,4,53166,53343,53344,60,60,30,3
1120,MVN-S-Slicing-73-001,4,53346,53406,53407,21,60,30,3
1121,MVN-S-Slicing-73-001,5,53408,53467,53468,60,60,20,1
1121,MVN-S-Slicing-73-001,5,53428,53487,53488,60,60,20,1
1121,MVN-S-Slicing-73-001,5,53448,53507,53508,60,60,20,1
1121,MVN-S-Slicing-73-001,5,53468,53527,53528,60,60,20,1
1121,MVN-S-Slicing-73-001,5,53488,53547,53548,60,60,20,1
1121,MVN-S-Slicing-73-001,5,53508,53567,53568,60,60,20,1
1121,MVN-S-Slicing-73-001,5,53528,53587,53588,60,60,20,1
1121,MVN-S-Slicing-73-001,5,53548,53607,53608,60,60,20,1
1121,MVN-S-Slicing-73-001,5,53568,53627,53628,60,60,20,1
1121,MVN-S-Slicing-73-001,5,53588,53647,53648,60,60,20,1
1121,MVN-S-Slicing-73-001,5,53608,53667,53668,60,60,20,1
1121,MVN-S-Slicing-73-001,5,53628,53687,53688,60,60,20,1
1121,MVN-S-Slicing-73-001,5,53648,53707,53708,60,60,20,1
1121,MVN-S-Slicing-73-001,5,53668,53727,53728,60,60,20,1
1121,MVN-S-Slicing-73-001,5,53688,53747,53748,60,60,20,1
1121,MVN-S-Slicing-73-001,5,53708,53767,53768,60,60,20,1
1121,MVN-S-Slicing-73-001,5,53728,53787,53788,60,60,20,1
1121,MVN-S-Slicing-73-001,5,53748,53807,53808,60,60,20,1
1121,MVN-S-Slicing-73-001,5,53768,53827,53828,60,60,20,1
1121,MVN-S-Slicing-73-001,5,53828,53846,53847,19,60,20,1
1122,MVN-S-Slicing-73-001,4,53847,54024,54025,60,60,30,3
1122,MVN-S-Slicing-73-001,4,54027,54093,54094,23,60,30,3
1123,MVN-S-Slicing-73-001,8,54095,54135,54136,21,60,20,2
1124,MVN-S-Slicing-87-001,5,0,59,60,60,60,20,1
1124,MVN-S-Slicing-87-001,5,20,79,80,60,60,20,1
1124,MVN-S-Slicing-87-001,5,40,99,100,60,60,20,1
1124,MVN-S-Slicing-87-001,5,60,119,120,60,60,20,1
1124,MVN-S-Slicing-87-001,5,80,139,140,60,60,20,1
1124,MVN-S-Slicing-87-001,5,100,159,160,60,60,20,1
1124,MVN-S-Slicing-87-001,5,120,179,180,60,60,20,1
1124,MVN-S-Slicing-87-001,5,140,199,200,60,60,20,1
1124,MVN-S-Slicing-87-001,5,160,219,220,60,60,20,1
1124,MVN-S-Slicing-87-001,5,180,239,240,60,60,20,1
1124,MVN-S-Slicing-87-001,5,200,259,260,60,60,20,1
1124,MVN-S-Slicing-87-001,5,220,279,280,60,60,20,1
1124,MVN-S-Slicing-87-001,5,240,299,300,60,60,20,1
1124,MVN-S-Slicing-87-001,5,260,319,320,60,60,20,1
1124,MVN-S-Slicing-87-001,5,280,339,340,60,60,20,1
1124,MVN-S-Slicing-87-001,5,300,359,360,60,60,20,1
1124,MVN-S-Slicing-87-001,5,320,379,380,60,60,20,1
1124,MVN-S-Slicing-87-001,5,340,399,400,60,60,20,1
1124,MVN-S-Slicing-87-001,5,360,419,420,60,60,20,1
1124,MVN-S-Slicing-87-001,5,380,439,440,60,60,20,1
1124,MVN-S-Slicing-87-001,5,400,459,460,60,60,20,1
1124,MVN-S-Slicing-87-001,5,420,479,480,60,60,20,1
1124,MVN-S-Slicing-87-001,5,440,499,500,60,60,20,1
1124,MVN-S-Slicing-87-001,5,460,519,520,60,60,20,1
1124,MVN-S-Slicing-87-001,5,480,539,540,60,60,20,1
1124,MVN-S-Slicing-87-001,5,500,559,560,60,60,20,1
1124,MVN-S-Slicing-87-001,5,520,579,580,60,60,20,1
1124,MVN-S-Slicing-87-001,5,540,599,600,60,60,20,1
1124,MVN-S-Slicing-87-001,5,560,619,620,60,60,20,1
1124,MVN-S-Slicing-87-001,5,580,639,640,60,60,20,1
1124,MVN-S-Slicing-87-001,5,600,659,660,60,60,20,1
1124,MVN-S-Slicing-87-001,5,620,679,680,60,60,20,1
1124,MVN-S-Slicing-87-001,5,640,699,700,60,60,20,1
1124,MVN-S-Slicing-87-001,5,660,719,720,60,60,20,1
1124,MVN-S-Slicing-87-001,5,680,739,740,60,60,20,1
1124,MVN-S-Slicing-87-001,5,700,759,760,60,60,20,1
1124,MVN-S-Slicing-87-001,5,720,779,780,60,60,20,1
1124,MVN-S-Slicing-87-001,5,740,799,800,60,60,20,1
1124,MVN-S-Slicing-87-001,5,760,819,820,60,60,20,1
1124,MVN-S-Slicing-87-001,5,780,839,840,60,60,20,1
1124,MVN-S-Slicing-87-001,5,800,859,860,60,60,20,1
1124,MVN-S-Slicing-87-001,5,820,879,880,60,60,20,1
1124,MVN-S-Slicing-87-001,5,840,899,900,60,60,20,1
1124,MVN-S-Slicing-87-001,5,860,919,920,60,60,20,1
1124,MVN-S-Slicing-87-001,5,880,939,940,60,60,20,1
1124,MVN-S-Slicing-87-001,5,900,959,960,60,60,20,1
1124,MVN-S-Slicing-87-001,5,920,979,980,60,60,20,1
1124,MVN-S-Slicing-87-001,5,940,999,1000,60,60,20,1
1124,MVN-S-Slicing-87-001,5,960,1019,1020,60,60,20,1
1124,MVN-S-Slicing-87-001,5,980,1039,1040,60,60,20,1
1124,MVN-S-Slicing-87-001,5,1000,1059,1060,60,60,20,1
1124,MVN-S-Slicing-87-001,5,1020,1079,1080,60,60,20,1
1124,MVN-S-Slicing-87-001,5,1040,1099,1100,60,60,20,1
1124,MVN-S-Slicing-87-001,5,1060,1119,1120,60,60,20,1
1124,MVN-S-Slicing-87-001,5,1080,1139,1140,60,60,20,1
1124,MVN-S-Slicing-87-001,5,1100,1159,1160,60,60,20,1
1124,MVN-S-Slicing-87-001,5,1120,1179,1180,60,60,20,1
1124,MVN-S-Slicing-87-001,5,1140,1199,1200,60,60,20,1
1124,MVN-S-Slicing-87-001,5,1160,1219,1220,60,60,20,1
1124,MVN-S-Slicing-87-001,5,1180,1239,1240,60,60,20,1
1124,MVN-S-Slicing-87-001,5,1200,1259,1260,60,60,20,1
1124,MVN-S-Slicing-87-001,5,1220,1279,1280,60,60,20,1
1124,MVN-S-Slicing-87-001,5,1240,1299,1300,60,60,20,1
1124,MVN-S-Slicing-87-001,5,1260,1319,1320,60,60,20,1
1124,MVN-S-Slicing-87-001,5,1320,1335,1336,16,60,20,1
1125,MVN-S-Slicing-87-001,3,1336,1404,1405,35,60,30,2
1126,MVN-S-Slicing-87-001,5,1405,1464,1465,60,60,20,1
1126,MVN-S-Slicing-87-001,5,1425,1484,1485,60,60,20,1
1126,MVN-S-Slicing-87-001,5,1445,1504,1505,60,60,20,1
1126,MVN-S-Slicing-87-001,5,1465,1524,1525,60,60,20,1
1126,MVN-S-Slicing-87-001,5,1485,1544,1545,60,60,20,1
1126,MVN-S-Slicing-87-001,5,1505,1564,1565,60,60,20,1
1126,MVN-S-Slicing-87-001,5,1525,1584,1585,60,60,20,1
1126,MVN-S-Slicing-87-001,5,1545,1604,1605,60,60,20,1
1126,MVN-S-Slicing-87-001,5,1565,1624,1625,60,60,20,1
1126,MVN-S-Slicing-87-001,5,1585,1644,1645,60,60,20,1
1126,MVN-S-Slicing-87-001,5,1605,1664,1665,60,60,20,1
1126,MVN-S-Slicing-87-001,5,1625,1684,1685,60,60,20,1
1126,MVN-S-Slicing-87-001,5,1645,1704,1705,60,60,20,1
1126,MVN-S-Slicing-87-001,5,1665,1724,1725,60,60,20,1
1126,MVN-S-Slicing-87-001,5,1685,1744,1745,60,60,20,1
1126,MVN-S-Slicing-87-001,5,1705,1764,1765,60,60,20,1
1126,MVN-S-Slicing-87-001,5,1725,1784,1785,60,60,20,1
1126,MVN-S-Slicing-87-001,5,1745,1804,1805,60,60,20,1
1126,MVN-S-Slicing-87-001,5,1765,1824,1825,60,60,20,1
1126,MVN-S-Slicing-87-001,5,1785,1844,1845,60,60,20,1
1126,MVN-S-Slicing-87-001,5,1805,1864,1865,60,60,20,1
1126,MVN-S-Slicing-87-001,5,1825,1884,1885,60,60,20,1
1126,MVN-S-Slicing-87-001,5,1845,1904,1905,60,60,20,1
1126,MVN-S-Slicing-87-001,5,1865,1924,1925,60,60,20,1
1126,MVN-S-Slicing-87-001,5,1885,1944,1945,60,60,20,1
1126,MVN-S-Slicing-87-001,5,1905,1964,1965,60,60,20,1
1126,MVN-S-Slicing-87-001,5,1925,1984,1985,60,60,20,1
1126,MVN-S-Slicing-87-001,5,1945,2004,2005,60,60,20,1
1126,MVN-S-Slicing-87-001,5,1965,2024,2025,60,60,20,1
1126,MVN-S-Slicing-87-001,5,1985,2044,2045,60,60,20,1
1126,MVN-S-Slicing-87-001,5,2005,2064,2065,60,60,20,1
1126,MVN-S-Slicing-87-001,5,2025,2084,2085,60,60,20,1
1126,MVN-S-Slicing-87-001,5,2045,2104,2105,60,60,20,1
1126,MVN-S-Slicing-87-001,5,2065,2124,2125,60,60,20,1
1126,MVN-S-Slicing-87-001,5,2085,2144,2145,60,60,20,1
1126,MVN-S-Slicing-87-001,5,2105,2164,2165,60,60,20,1
1126,MVN-S-Slicing-87-001,5,2125,2184,2185,60,60,20,1
1126,MVN-S-Slicing-87-001,5,2145,2204,2205,60,60,20,1
1126,MVN-S-Slicing-87-001,5,2165,2224,2225,60,60,20,1
1126,MVN-S-Slicing-87-001,5,2185,2244,2245,60,60,20,1
1126,MVN-S-Slicing-87-001,5,2205,2264,2265,60,60,20,1
1126,MVN-S-Slicing-87-001,5,2225,2284,2285,60,60,20,1
1126,MVN-S-Slicing-87-001,5,2245,2304,2305,60,60,20,1
1126,MVN-S-Slicing-87-001,5,2265,2324,2325,60,60,20,1
1126,MVN-S-Slicing-87-001,5,2285,2344,2345,60,60,20,1
1126,MVN-S-Slicing-87-001,5,2305,2364,2365,60,60,20,1
1126,MVN-S-Slicing-87-001,5,2325,2384,2385,60,60,20,1
1126,MVN-S-Slicing-87-001,5,2345,2404,2405,60,60,20,1
1126,MVN-S-Slicing-87-001,5,2365,2424,2425,60,60,20,1
1126,MVN-S-Slicing-87-001,5,2385,2444,2445,60,60,20,1
1126,MVN-S-Slicing-87-001,5,2405,2464,2465,60,60,20,1
1126,MVN-S-Slicing-87-001,5,2425,2484,2485,60,60,20,1
1126,MVN-S-Slicing-87-001,5,2445,2504,2505,60,60,20,1
1126,MVN-S-Slicing-87-001,5,2465,2524,2525,60,60,20,1
1126,MVN-S-Slicing-87-001,5,2485,2544,2545,60,60,20,1
1126,MVN-S-Slicing-87-001,5,2505,2564,2565,60,60,20,1
1126,MVN-S-Slicing-87-001,5,2525,2584,2585,60,60,20,1
1126,MVN-S-Slicing-87-001,5,2545,2604,2605,60,60,20,1
1126,MVN-S-Slicing-87-001,5,2565,2624,2625,60,60,20,1
1126,MVN-S-Slicing-87-001,5,2585,2644,2645,60,60,20,1
1126,MVN-S-Slicing-87-001,5,2605,2664,2665,60,60,20,1
1126,MVN-S-Slicing-87-001,5,2665,2667,2668,3,60,20,1
1127,MVN-S-Slicing-87-001,7,2668,2727,2728,60,60,20,1
1127,MVN-S-Slicing-87-001,7,2728,2731,2732,4,60,20,1
1128,MVN-S-Slicing-87-001,4,2732,2909,2910,60,60,30,3
1128,MVN-S-Slicing-87-001,4,2822,2999,3000,60,60,30,3
1128,MVN-S-Slicing-87-001,4,2912,3089,3090,60,60,30,3
1128,MVN-S-Slicing-87-001,4,3002,3179,3180,60,60,30,3
1128,MVN-S-Slicing-87-001,4,3092,3269,3270,60,60,30,3
1128,MVN-S-Slicing-87-001,4,3182,3359,3360,60,60,30,3
1128,MVN-S-Slicing-87-001,4,3362,3416,3417,19,60,30,3
1129,MVN-S-Slicing-87-001,8,3419,3457,3458,20,60,20,2
1130,MVN-S-Slicing-87-001,3,3459,3577,3578,60,60,30,2
1130,MVN-S-Slicing-87-001,3,3519,3637,3638,60,60,30,2
1130,MVN-S-Slicing-87-001,3,3639,3683,3684,23,60,30,2
1131,MVN-S-Slicing-87-001,5,3685,3744,3745,60,60,20,1
1131,MVN-S-Slicing-87-001,5,3705,3764,3765,60,60,20,1
1131,MVN-S-Slicing-87-001,5,3725,3784,3785,60,60,20,1
1131,MVN-S-Slicing-87-001,5,3745,3804,3805,60,60,20,1
1131,MVN-S-Slicing-87-001,5,3765,3824,3825,60,60,20,1
1131,MVN-S-Slicing-87-001,5,3785,3844,3845,60,60,20,1
1131,MVN-S-Slicing-87-001,5,3805,3864,3865,60,60,20,1
1131,MVN-S-Slicing-87-001,5,3825,3884,3885,60,60,20,1
1131,MVN-S-Slicing-87-001,5,3845,3904,3905,60,60,20,1
1131,MVN-S-Slicing-87-001,5,3865,3924,3925,60,60,20,1
1131,MVN-S-Slicing-87-001,5,3885,3944,3945,60,60,20,1
1131,MVN-S-Slicing-87-001,5,3905,3964,3965,60,60,20,1
1131,MVN-S-Slicing-87-001,5,3925,3984,3985,60,60,20,1
1131,MVN-S-Slicing-87-001,5,3945,4004,4005,60,60,20,1
1131,MVN-S-Slicing-87-001,5,3965,4024,4025,60,60,20,1
1131,MVN-S-Slicing-87-001,5,3985,4044,4045,60,60,20,1
1131,MVN-S-Slicing-87-001,5,4005,4064,4065,60,60,20,1
1131,MVN-S-Slicing-87-001,5,4025,4084,4085,60,60,20,1
1131,MVN-S-Slicing-87-001,5,4045,4104,4105,60,60,20,1
1131,MVN-S-Slicing-87-001,5,4065,4124,4125,60,60,20,1
1131,MVN-S-Slicing-87-001,5,4085,4144,4145,60,60,20,1
1131,MVN-S-Slicing-87-001,5,4105,4164,4165,60,60,20,1
1131,MVN-S-Slicing-87-001,5,4125,4184,4185,60,60,20,1
1131,MVN-S-Slicing-87-001,5,4145,4204,4205,60,60,20,1
1131,MVN-S-Slicing-87-001,5,4165,4224,4225,60,60,20,1
1131,MVN-S-Slicing-87-001,5,4185,4244,4245,60,60,20,1
1131,MVN-S-Slicing-87-001,5,4205,4264,4265,60,60,20,1
1131,MVN-S-Slicing-87-001,5,4225,4284,4285,60,60,20,1
1131,MVN-S-Slicing-87-001,5,4285,4292,4293,8,60,20,1
1132,MVN-S-Slicing-87-001,7,4293,4344,4345,52,60,20,1
1133,MVN-S-Slicing-87-001,4,4345,4522,4523,60,60,30,3
1133,MVN-S-Slicing-87-001,4,4435,4612,4613,60,60,30,3
1133,MVN-S-Slicing-87-001,4,4525,4702,4703,60,60,30,3
1133,MVN-S-Slicing-87-001,4,4615,4792,4793,60,60,30,3
1133,MVN-S-Slicing-87-001,4,4705,4882,4883,60,60,30,3
1133,MVN-S-Slicing-87-001,4,4795,4972,4973,60,60,30,3
1133,MVN-S-Slicing-87-001,4,4885,5062,5063,60,60,30,3
1133,MVN-S-Slicing-87-001,4,4975,5152,5153,60,60,30,3
1133,MVN-S-Slicing-87-001,4,5065,5242,5243,60,60,30,3
1133,MVN-S-Slicing-87-001,4,5155,5332,5333,60,60,30,3
1133,MVN-S-Slicing-87-001,4,5245,5422,5423,60,60,30,3
1133,MVN-S-Slicing-87-001,4,5425,5506,5507,28,60,30,3
1134,MVN-S-Slicing-87-001,8,5508,5626,5627,60,60,20,2
1134,MVN-S-Slicing-87-001,8,5548,5666,5667,60,60,20,2
1134,MVN-S-Slicing-87-001,8,5588,5706,5707,60,60,20,2
1134,MVN-S-Slicing-87-001,8,5708,5736,5737,15,60,20,2
1135,MVN-S-Slicing-87-001,0,5737,5855,5856,60,60,30,2
1135,MVN-S-Slicing-87-001,0,5797,5915,5916,60,60,30,2
1135,MVN-S-Slicing-87-001,0,5917,5947,5948,16,60,30,2
1136,MVN-S-Slicing-87-001,2,5948,6066,6067,60,60,30,2
1136,MVN-S-Slicing-87-001,2,6008,6126,6127,60,60,30,2
1136,MVN-S-Slicing-87-001,2,6068,6186,6187,60,60,30,2
1136,MVN-S-Slicing-87-001,2,6128,6246,6247,60,60,30,2
1136,MVN-S-Slicing-87-001,2,6188,6306,6307,60,60,30,2
1136,MVN-S-Slicing-87-001,2,6248,6366,6367,60,60,30,2
1136,MVN-S-Slicing-87-001,2,6368,6382,6383,8,60,30,2
1137,MVN-S-Slicing-87-001,3,6384,6502,6503,60,60,30,2
1137,MVN-S-Slicing-87-001,3,6504,6514,6515,6,60,30,2
1138,MVN-S-Slicing-87-001,4,6516,6627,6628,38,60,30,3
1139,MVN-S-Slicing-87-001,6,6629,6688,6689,60,60,15,1
1139,MVN-S-Slicing-87-001,6,6644,6703,6704,60,60,15,1
1139,MVN-S-Slicing-87-001,6,6659,6718,6719,60,60,15,1
1139,MVN-S-Slicing-87-001,6,6674,6733,6734,60,60,15,1
1139,MVN-S-Slicing-87-001,6,6689,6748,6749,60,60,15,1
1139,MVN-S-Slicing-87-001,6,6704,6763,6764,60,60,15,1
1139,MVN-S-Slicing-87-001,6,6719,6778,6779,60,60,15,1
1139,MVN-S-Slicing-87-001,6,6779,6781,6782,3,60,15,1
1140,MVN-S-Slicing-87-001,5,6782,6841,6842,60,60,20,1
1140,MVN-S-Slicing-87-001,5,6802,6861,6862,60,60,20,1
1140,MVN-S-Slicing-87-001,5,6822,6881,6882,60,60,20,1
1140,MVN-S-Slicing-87-001,5,6842,6901,6902,60,60,20,1
1140,MVN-S-Slicing-87-001,5,6862,6921,6922,60,60,20,1
1140,MVN-S-Slicing-87-001,5,6882,6941,6942,60,60,20,1
1140,MVN-S-Slicing-87-001,5,6942,6950,6951,9,60,20,1
1141,MVN-S-Slicing-87-001,7,6951,7008,7009,58,60,20,1
1142,MVN-S-Slicing-87-001,4,7009,7141,7142,45,60,30,3
1143,MVN-S-Slicing-87-001,7,7144,7203,7204,60,60,20,1
1143,MVN-S-Slicing-87-001,7,7164,7223,7224,60,60,20,1
1143,MVN-S-Slicing-87-001,7,7184,7243,7244,60,60,20,1
1143,MVN-S-Slicing-87-001,7,7204,7263,7264,60,60,20,1
1143,MVN-S-Slicing-87-001,7,7224,7283,7284,60,60,20,1
1143,MVN-S-Slicing-87-001,7,7284,7293,7294,10,60,20,1
1144,MVN-S-Slicing-87-001,4,7294,7471,7472,60,60,30,3
1144,MVN-S-Slicing-87-001,4,7384,7561,7562,60,60,30,3
1144,MVN-S-Slicing-87-001,4,7474,7651,7652,60,60,30,3
1144,MVN-S-Slicing-87-001,4,7564,7741,7742,60,60,30,3
1144,MVN-S-Slicing-87-001,4,7654,7831,7832,60,60,30,3
1144,MVN-S-Slicing-87-001,4,7744,7921,7922,60,60,30,3
1144,MVN-S-Slicing-87-001,4,7834,8011,8012,60,60,30,3
1144,MVN-S-Slicing-87-001,4,7924,8101,8102,60,60,30,3
1144,MVN-S-Slicing-87-001,4,8014,8191,8192,60,60,30,3
1144,MVN-S-Slicing-87-001,4,8104,8281,8282,60,60,30,3
1144,MVN-S-Slicing-87-001,4,8194,8371,8372,60,60,30,3
1144,MVN-S-Slicing-87-001,4,8284,8461,8462,60,60,30,3
1144,MVN-S-Slicing-87-001,4,8374,8551,8552,60,60,30,3
1144,MVN-S-Slicing-87-001,4,8554,8623,8624,24,60,30,3
1145,MVN-S-Slicing-87-001,7,8626,8685,8686,60,60,20,1
1145,MVN-S-Slicing-87-001,7,8646,8705,8706,60,60,20,1
1145,MVN-S-Slicing-87-001,7,8666,8725,8726,60,60,20,1
1145,MVN-S-Slicing-87-001,7,8726,8738,8739,13,60,20,1
1146,MVN-S-Slicing-87-001,4,8739,8904,8905,56,60,30,3
1147,MVN-S-Slicing-87-001,8,8905,8971,8972,34,60,20,2
1148,MVN-S-Slicing-87-001,3,8972,9090,9091,60,60,30,2
1148,MVN-S-Slicing-87-001,3,9092,9116,9117,13,60,30,2
1149,MVN-S-Slicing-87-001,5,9118,9177,9178,60,60,20,1
1149,MVN-S-Slicing-87-001,5,9138,9197,9198,60,60,20,1
1149,MVN-S-Slicing-87-001,5,9158,9217,9218,60,60,20,1
1149,MVN-S-Slicing-87-001,5,9178,9237,9238,60,60,20,1
1149,MVN-S-Slicing-87-001,5,9198,9257,9258,60,60,20,1
1149,MVN-S-Slicing-87-001,5,9218,9277,9278,60,60,20,1
1149,MVN-S-Slicing-87-001,5,9238,9297,9298,60,60,20,1
1149,MVN-S-Slicing-87-001,5,9258,9317,9318,60,60,20,1
1149,MVN-S-Slicing-87-001,5,9278,9337,9338,60,60,20,1
1149,MVN-S-Slicing-87-001,5,9298,9357,9358,60,60,20,1
1149,MVN-S-Slicing-87-001,5,9318,9377,9378,60,60,20,1
1149,MVN-S-Slicing-87-001,5,9338,9397,9398,60,60,20,1
1149,MVN-S-Slicing-87-001,5,9398,9413,9414,16,60,20,1
1150,MVN-S-Slicing-87-001,7,9414,9473,9474,60,60,20,1
1150,MVN-S-Slicing-87-001,7,9434,9493,9494,60,60,20,1
1150,MVN-S-Slicing-87-001,7,9454,9513,9514,60,60,20,1
1150,MVN-S-Slicing-87-001,7,9514,9517,9518,4,60,20,1
1151,MVN-S-Slicing-87-001,4,9518,9659,9660,48,60,30,3
1152,MVN-S-Slicing-87-001,7,9662,9715,9716,54,60,20,1
1153,MVN-S-Slicing-87-001,4,9716,9893,9894,60,60,30,3
1153,MVN-S-Slicing-87-001,4,9806,9983,9984,60,60,30,3
1153,MVN-S-Slicing-87-001,4,9896,10073,10074,60,60,30,3
1153,MVN-S-Slicing-87-001,4,9986,10163,10164,60,60,30,3
1153,MVN-S-Slicing-87-001,4,10166,10247,10248,28,60,30,3
1154,MVN-S-Slicing-87-001,5,10248,10307,10308,60,60,20,1
1154,MVN-S-Slicing-87-001,5,10268,10327,10328,60,60,20,1
1154,MVN-S-Slicing-87-001,5,10288,10347,10348,60,60,20,1
1154,MVN-S-Slicing-87-001,5,10308,10367,10368,60,60,20,1
1154,MVN-S-Slicing-87-001,5,10328,10387,10388,60,60,20,1
1154,MVN-S-Slicing-87-001,5,10348,10407,10408,60,60,20,1
1154,MVN-S-Slicing-87-001,5,10368,10427,10428,60,60,20,1
1154,MVN-S-Slicing-87-001,5,10388,10447,10448,60,60,20,1
1154,MVN-S-Slicing-87-001,5,10408,10467,10468,60,60,20,1
1154,MVN-S-Slicing-87-001,5,10428,10487,10488,60,60,20,1
1154,MVN-S-Slicing-87-001,5,10448,10507,10508,60,60,20,1
1154,MVN-S-Slicing-87-001,5,10508,10513,10514,6,60,20,1
1155,MVN-S-Slicing-87-001,4,10514,10691,10692,60,60,30,3
1155,MVN-S-Slicing-87-001,4,10604,10781,10782,60,60,30,3
1155,MVN-S-Slicing-87-001,4,10694,10871,10872,60,60,30,3
1155,MVN-S-Slicing-87-001,4,10784,10961,10962,60,60,30,3
1155,MVN-S-Slicing-87-001,4,10874,11051,11052,60,60,30,3
1155,MVN-S-Slicing-87-001,4,10964,11141,11142,60,60,30,3
1155,MVN-S-Slicing-87-001,4,11144,11153,11154,4,60,30,3
1156,MVN-S-Slicing-87-001,5,11155,11214,11215,60,60,20,1
1156,MVN-S-Slicing-87-001,5,11175,11234,11235,60,60,20,1
1156,MVN-S-Slicing-87-001,5,11235,11236,11237,2,60,20,1
1157,MVN-S-Slicing-87-001,8,11237,11267,11268,16,60,20,2
1158,MVN-S-Slicing-87-001,4,11268,11445,11446,60,60,30,3
1158,MVN-S-Slicing-87-001,4,11448,11457,11458,4,60,30,3
1159,MVN-S-Slicing-87-001,7,11460,11519,11520,60,60,20,1
1159,MVN-S-Slicing-87-001,7,11520,11533,11534,14,60,20,1
1160,MVN-S-Slicing-87-001,4,11534,11711,11712,60,60,30,3
1160,MVN-S-Slicing-87-001,4,11624,11801,11802,60,60,30,3
1160,MVN-S-Slicing-87-001,4,11714,11891,11892,60,60,30,3
1160,MVN-S-Slicing-87-001,4,11894,11909,11910,6,60,30,3
1161,MVN-S-Slicing-87-001,8,11911,12029,12030,60,60,20,2
1161,MVN-S-Slicing-87-001,8,11951,12069,12070,60,60,20,2
1161,MVN-S-Slicing-87-001,8,11991,12109,12110,60,60,20,2
1161,MVN-S-Slicing-87-001,8,12031,12149,12150,60,60,20,2
1161,MVN-S-Slicing-87-001,8,12071,12189,12190,60,60,20,2
1161,MVN-S-Slicing-87-001,8,12111,12229,12230,60,60,20,2
1161,MVN-S-Slicing-87-001,8,12151,12269,12270,60,60,20,2
1161,MVN-S-Slicing-87-001,8,12191,12309,12310,60,60,20,2
1161,MVN-S-Slicing-87-001,8,12311,12329,12330,10,60,20,2
1162,MVN-S-Slicing-87-001,0,12330,12448,12449,60,60,30,2
1162,MVN-S-Slicing-87-001,0,12390,12508,12509,60,60,30,2
1162,MVN-S-Slicing-87-001,0,12450,12568,12569,60,60,30,2
1162,MVN-S-Slicing-87-001,0,12510,12628,12629,60,60,30,2
1162,MVN-S-Slicing-87-001,0,12570,12688,12689,60,60,30,2
1162,MVN-S-Slicing-87-001,0,12630,12748,12749,60,60,30,2
1162,MVN-S-Slicing-87-001,0,12690,12808,12809,60,60,30,2
1162,MVN-S-Slicing-87-001,0,12750,12868,12869,60,60,30,2
1162,MVN-S-Slicing-87-001,0,12810,12928,12929,60,60,30,2
1162,MVN-S-Slicing-87-001,0,12870,12988,12989,60,60,30,2
1162,MVN-S-Slicing-87-001,0,12990,12992,12993,2,60,30,2
1163,MVN-S-Slicing-87-001,2,12993,13111,13112,60,60,30,2
1163,MVN-S-Slicing-87-001,2,13053,13171,13172,60,60,30,2
1163,MVN-S-Slicing-87-001,2,13113,13231,13232,60,60,30,2
1163,MVN-S-Slicing-87-001,2,13233,13243,13244,6,60,30,2
1164,MVN-S-Slicing-87-001,3,13245,13335,13336,46,60,30,2
1165,MVN-S-Slicing-87-001,4,13336,13513,13514,60,60,30,3
1165,MVN-S-Slicing-87-001,4,13426,13603,13604,60,60,30,3
1165,MVN-S-Slicing-87-001,4,13516,13693,13694,60,60,30,3
1165,MVN-S-Slicing-87-001,4,13606,13783,13784,60,60,30,3
1165,MVN-S-Slicing-87-001,4,13696,13873,13874,60,60,30,3
1165,MVN-S-Slicing-87-001,4,13786,13963,13964,60,60,30,3
1165,MVN-S-Slicing-87-001,4,13876,14053,14054,60,60,30,3
1165,MVN-S-Slicing-87-001,4,13966,14143,14144,60,60,30,3
1165,MVN-S-Slicing-87-001,4,14056,14233,14234,60,60,30,3
1165,MVN-S-Slicing-87-001,4,14236,14317,14318,28,60,30,3
1166,MVN-S-Slicing-87-001,5,14318,14377,14378,60,60,20,1
1166,MVN-S-Slicing-87-001,5,14338,14397,14398,60,60,20,1
1166,MVN-S-Slicing-87-001,5,14358,14417,14418,60,60,20,1
1166,MVN-S-Slicing-87-001,5,14378,14437,14438,60,60,20,1
1166,MVN-S-Slicing-87-001,5,14398,14457,14458,60,60,20,1
1166,MVN-S-Slicing-87-001,5,14418,14477,14478,60,60,20,1
1166,MVN-S-Slicing-87-001,5,14438,14497,14498,60,60,20,1
1166,MVN-S-Slicing-87-001,5,14458,14517,14518,60,60,20,1
1166,MVN-S-Slicing-87-001,5,14478,14537,14538,60,60,20,1
1166,MVN-S-Slicing-87-001,5,14498,14557,14558,60,60,20,1
1166,MVN-S-Slicing-87-001,5,14518,14577,14578,60,60,20,1
1166,MVN-S-Slicing-87-001,5,14538,14597,14598,60,60,20,1
1166,MVN-S-Slicing-87-001,5,14558,14617,14618,60,60,20,1
1166,MVN-S-Slicing-87-001,5,14578,14637,14638,60,60,20,1
1166,MVN-S-Slicing-87-001,5,14598,14657,14658,60,60,20,1
1166,MVN-S-Slicing-87-001,5,14618,14677,14678,60,60,20,1
1166,MVN-S-Slicing-87-001,5,14638,14697,14698,60,60,20,1
1166,MVN-S-Slicing-87-001,5,14658,14717,14718,60,60,20,1
1166,MVN-S-Slicing-87-001,5,14678,14737,14738,60,60,20,1
1166,MVN-S-Slicing-87-001,5,14698,14757,14758,60,60,20,1
1166,MVN-S-Slicing-87-001,5,14718,14777,14778,60,60,20,1
1166,MVN-S-Slicing-87-001,5,14738,14797,14798,60,60,20,1
1166,MVN-S-Slicing-87-001,5,14758,14817,14818,60,60,20,1
1166,MVN-S-Slicing-87-001,5,14778,14837,14838,60,60,20,1
1166,MVN-S-Slicing-87-001,5,14798,14857,14858,60,60,20,1
1166,MVN-S-Slicing-87-001,5,14818,14877,14878,60,60,20,1
1166,MVN-S-Slicing-87-001,5,14838,14897,14898,60,60,20,1
1166,MVN-S-Slicing-87-001,5,14858,14917,14918,60,60,20,1
1166,MVN-S-Slicing-87-001,5,14878,14937,14938,60,60,20,1
1166,MVN-S-Slicing-87-001,5,14898,14957,14958,60,60,20,1
1166,MVN-S-Slicing-87-001,5,14918,14977,14978,60,60,20,1
1166,MVN-S-Slicing-87-001,5,14938,14997,14998,60,60,20,1
1166,MVN-S-Slicing-87-001,5,14958,15017,15018,60,60,20,1
1166,MVN-S-Slicing-87-001,5,14978,15037,15038,60,60,20,1
1166,MVN-S-Slicing-87-001,5,14998,15057,15058,60,60,20,1
1166,MVN-S-Slicing-87-001,5,15018,15077,15078,60,60,20,1
1166,MVN-S-Slicing-87-001,5,15038,15097,15098,60,60,20,1
1166,MVN-S-Slicing-87-001,5,15058,15117,15118,60,60,20,1
1166,MVN-S-Slicing-87-001,5,15118,15125,15126,8,60,20,1
1167,MVN-S-Slicing-87-001,8,15126,15180,15181,28,60,20,2
1168,MVN-S-Slicing-87-001,3,15181,15273,15274,47,60,30,2
1169,MVN-S-Slicing-87-001,4,15274,15451,15452,60,60,30,3
1169,MVN-S-Slicing-87-001,4,15364,15541,15542,60,60,30,3
1169,MVN-S-Slicing-87-001,4,15454,15631,15632,60,60,30,3
1169,MVN-S-Slicing-87-001,4,15544,15721,15722,60,60,30,3
1169,MVN-S-Slicing-87-001,4,15724,15742,15743,7,60,30,3
1170,MVN-S-Slicing-87-001,7,15744,15803,15804,60,60,20,1
1170,MVN-S-Slicing-87-001,7,15764,15823,15824,60,60,20,1
1170,MVN-S-Slicing-87-001,7,15824,15838,15839,15,60,20,1
1171,MVN-S-Slicing-87-001,4,15839,16016,16017,60,60,30,3
1171,MVN-S-Slicing-87-001,4,15929,16106,16107,60,60,30,3
1171,MVN-S-Slicing-87-001,4,16019,16196,16197,60,60,30,3
1171,MVN-S-Slicing-87-001,4,16199,16211,16212,5,60,30,3
1172,MVN-S-Slicing-87-001,7,16214,16272,16273,59,60,20,1
1173,MVN-S-Slicing-87-001,4,16273,16375,16376,35,60,30,3
1174,MVN-S-Slicing-87-001,8,16376,16494,16495,60,60,20,2
1174,MVN-S-Slicing-87-001,8,16416,16534,16535,60,60,20,2
1174,MVN-S-Slicing-87-001,8,16456,16574,16575,60,60,20,2
1174,MVN-S-Slicing-87-001,8,16496,16614,16615,60,60,20,2
1174,MVN-S-Slicing-87-001,8,16536,16654,16655,60,60,20,2
1174,MVN-S-Slicing-87-001,8,16576,16694,16695,60,60,20,2
1174,MVN-S-Slicing-87-001,8,16696,16708,16709,7,60,20,2
1175,MVN-S-Slicing-87-001,3,16709,16827,16828,60,60,30,2
1175,MVN-S-Slicing-87-001,3,16769,16887,16888,60,60,30,2
1175,MVN-S-Slicing-87-001,3,16829,16947,16948,60,60,30,2
1175,MVN-S-Slicing-87-001,3,16949,16955,16956,4,60,30,2
1176,MVN-S-Slicing-87-001,2,16956,17074,17075,60,60,30,2
1176,MVN-S-Slicing-87-001,2,17016,17134,17135,60,60,30,2
1176,MVN-S-Slicing-87-001,2,17076,17194,17195,60,60,30,2
1176,MVN-S-Slicing-87-001,2,17136,17254,17255,60,60,30,2
1176,MVN-S-Slicing-87-001,2,17256,17268,17269,7,60,30,2
1177,MVN-S-Slicing-87-001,4,17269,17446,17447,60,60,30,3
1177,MVN-S-Slicing-87-001,4,17359,17536,17537,60,60,30,3
1177,MVN-S-Slicing-87-001,4,17449,17626,17627,60,60,30,3
1177,MVN-S-Slicing-87-001,4,17539,17716,17717,60,60,30,3
1177,MVN-S-Slicing-87-001,4,17629,17806,17807,60,60,30,3
1177,MVN-S-Slicing-87-001,4,17719,17896,17897,60,60,30,3
1177,MVN-S-Slicing-87-001,4,17899,17956,17957,20,60,30,3
1178,MVN-S-Slicing-87-001,5,17958,18017,18018,60,60,20,1
1178,MVN-S-Slicing-87-001,5,17978,18037,18038,60,60,20,1
1178,MVN-S-Slicing-87-001,5,17998,18057,18058,60,60,20,1
1178,MVN-S-Slicing-87-001,5,18018,18077,18078,60,60,20,1
1178,MVN-S-Slicing-87-001,5,18038,18097,18098,60,60,20,1
1178,MVN-S-Slicing-87-001,5,18058,18117,18118,60,60,20,1
1178,MVN-S-Slicing-87-001,5,18078,18137,18138,60,60,20,1
1178,MVN-S-Slicing-87-001,5,18098,18157,18158,60,60,20,1
1178,MVN-S-Slicing-87-001,5,18118,18177,18178,60,60,20,1
1178,MVN-S-Slicing-87-001,5,18138,18197,18198,60,60,20,1
1178,MVN-S-Slicing-87-001,5,18158,18217,18218,60,60,20,1
1178,MVN-S-Slicing-87-001,5,18178,18237,18238,60,60,20,1
1178,MVN-S-Slicing-87-001,5,18198,18257,18258,60,60,20,1
1178,MVN-S-Slicing-87-001,5,18218,18277,18278,60,60,20,1
1178,MVN-S-Slicing-87-001,5,18238,18297,18298,60,60,20,1
1178,MVN-S-Slicing-87-001,5,18258,18317,18318,60,60,20,1
1178,MVN-S-Slicing-87-001,5,18278,18337,18338,60,60,20,1
1178,MVN-S-Slicing-87-001,5,18298,18357,18358,60,60,20,1
1178,MVN-S-Slicing-87-001,5,18318,18377,18378,60,60,20,1
1178,MVN-S-Slicing-87-001,5,18338,18397,18398,60,60,20,1
1178,MVN-S-Slicing-87-001,5,18358,18417,18418,60,60,20,1
1178,MVN-S-Slicing-87-001,5,18378,18437,18438,60,60,20,1
1178,MVN-S-Slicing-87-001,5,18398,18457,18458,60,60,20,1
1178,MVN-S-Slicing-87-001,5,18418,18477,18478,60,60,20,1
1178,MVN-S-Slicing-87-001,5,18438,18497,18498,60,60,20,1
1178,MVN-S-Slicing-87-001,5,18458,18517,18518,60,60,20,1
1178,MVN-S-Slicing-87-001,5,18478,18537,18538,60,60,20,1
1178,MVN-S-Slicing-87-001,5,18498,18557,18558,60,60,20,1
1178,MVN-S-Slicing-87-001,5,18518,18577,18578,60,60,20,1
1178,MVN-S-Slicing-87-001,5,18538,18597,18598,60,60,20,1
1178,MVN-S-Slicing-87-001,5,18558,18617,18618,60,60,20,1
1178,MVN-S-Slicing-87-001,5,18578,18637,18638,60,60,20,1
1178,MVN-S-Slicing-87-001,5,18598,18657,18658,60,60,20,1
1178,MVN-S-Slicing-87-001,5,18618,18677,18678,60,60,20,1
1178,MVN-S-Slicing-87-001,5,18638,18697,18698,60,60,20,1
1178,MVN-S-Slicing-87-001,5,18658,18717,18718,60,60,20,1
1178,MVN-S-Slicing-87-001,5,18678,18737,18738,60,60,20,1
1178,MVN-S-Slicing-87-001,5,18698,18757,18758,60,60,20,1
1178,MVN-S-Slicing-87-001,5,18718,18777,18778,60,60,20,1
1178,MVN-S-Slicing-87-001,5,18738,18797,18798,60,60,20,1
1178,MVN-S-Slicing-87-001,5,18758,18817,18818,60,60,20,1
1178,MVN-S-Slicing-87-001,5,18778,18837,18838,60,60,20,1
1178,MVN-S-Slicing-87-001,5,18798,18857,18858,60,60,20,1
1178,MVN-S-Slicing-87-001,5,18818,18877,18878,60,60,20,1
1178,MVN-S-Slicing-87-001,5,18838,18897,18898,60,60,20,1
1178,MVN-S-Slicing-87-001,5,18858,18917,18918,60,60,20,1
1178,MVN-S-Slicing-87-001,5,18878,18937,18938,60,60,20,1
1178,MVN-S-Slicing-87-001,5,18898,18957,18958,60,60,20,1
1178,MVN-S-Slicing-87-001,5,18918,18977,18978,60,60,20,1
1178,MVN-S-Slicing-87-001,5,18938,18997,18998,60,60,20,1
1178,MVN-S-Slicing-87-001,5,18958,19017,19018,60,60,20,1
1178,MVN-S-Slicing-87-001,5,18978,19037,19038,60,60,20,1
1178,MVN-S-Slicing-87-001,5,18998,19057,19058,60,60,20,1
1178,MVN-S-Slicing-87-001,5,19018,19077,19078,60,60,20,1
1178,MVN-S-Slicing-87-001,5,19038,19097,19098,60,60,20,1
1178,MVN-S-Slicing-87-001,5,19058,19117,19118,60,60,20,1
1178,MVN-S-Slicing-87-001,5,19078,19137,19138,60,60,20,1
1178,MVN-S-Slicing-87-001,5,19098,19157,19158,60,60,20,1
1178,MVN-S-Slicing-87-001,5,19118,19177,19178,60,60,20,1
1178,MVN-S-Slicing-87-001,5,19138,19197,19198,60,60,20,1
1178,MVN-S-Slicing-87-001,5,19158,19217,19218,60,60,20,1
1178,MVN-S-Slicing-87-001,5,19178,19237,19238,60,60,20,1
1178,MVN-S-Slicing-87-001,5,19198,19257,19258,60,60,20,1
1178,MVN-S-Slicing-87-001,5,19218,19277,19278,60,60,20,1
1178,MVN-S-Slicing-87-001,5,19238,19297,19298,60,60,20,1
1178,MVN-S-Slicing-87-001,5,19258,19317,19318,60,60,20,1
1178,MVN-S-Slicing-87-001,5,19278,19337,19338,60,60,20,1
1178,MVN-S-Slicing-87-001,5,19298,19357,19358,60,60,20,1
1178,MVN-S-Slicing-87-001,5,19318,19377,19378,60,60,20,1
1178,MVN-S-Slicing-87-001,5,19338,19397,19398,60,60,20,1
1178,MVN-S-Slicing-87-001,5,19358,19417,19418,60,60,20,1
1178,MVN-S-Slicing-87-001,5,19378,19437,19438,60,60,20,1
1178,MVN-S-Slicing-87-001,5,19398,19457,19458,60,60,20,1
1178,MVN-S-Slicing-87-001,5,19418,19477,19478,60,60,20,1
1178,MVN-S-Slicing-87-001,5,19478,19487,19488,10,60,20,1
1179,MVN-S-Slicing-87-001,4,19488,19665,19666,60,60,30,3
1179,MVN-S-Slicing-87-001,4,19668,19737,19738,24,60,30,3
1180,MVN-S-Slicing-87-001,8,19739,19857,19858,60,60,20,2
1180,MVN-S-Slicing-87-001,8,19779,19897,19898,60,60,20,2
1180,MVN-S-Slicing-87-001,8,19899,19907,19908,5,60,20,2
1181,MVN-S-Slicing-87-001,4,19908,20085,20086,60,60,30,3
1181,MVN-S-Slicing-87-001,4,19998,20175,20176,60,60,30,3
1181,MVN-S-Slicing-87-001,4,20178,20208,20209,11,60,30,3
1182,MVN-S-Slicing-87-001,7,20210,20269,20270,60,60,20,1
1182,MVN-S-Slicing-87-001,7,20230,20289,20290,60,60,20,1
1182,MVN-S-Slicing-87-001,7,20250,20309,20310,60,60,20,1
1182,MVN-S-Slicing-87-001,7,20310,20323,20324,14,60,20,1
1183,MVN-S-Slicing-87-001,4,20324,20501,20502,60,60,30,3
1183,MVN-S-Slicing-87-001,4,20414,20591,20592,60,60,30,3
1183,MVN-S-Slicing-87-001,4,20504,20681,20682,60,60,30,3
1183,MVN-S-Slicing-87-001,4,20594,20771,20772,60,60,30,3
1183,MVN-S-Slicing-87-001,4,20774,20822,20823,17,60,30,3
1184,MVN-S-Slicing-87-001,7,20823,20882,20883,60,60,20,1
1184,MVN-S-Slicing-87-001,7,20843,20902,20903,60,60,20,1
1184,MVN-S-Slicing-87-001,7,20903,20907,20908,5,60,20,1
1185,MVN-S-Slicing-87-001,4,20908,21007,21008,34,60,30,3
1186,MVN-S-Slicing-87-001,8,21010,21094,21095,43,60,20,2
1187,MVN-S-Slicing-87-001,3,21095,21213,21214,60,60,30,2
1187,MVN-S-Slicing-87-001,3,21155,21273,21274,60,60,30,2
1188,MVN-S-Slicing-87-001,2,21274,21392,21393,60,60,30,2
1188,MVN-S-Slicing-87-001,2,21334,21452,21453,60,60,30,2
1188,MVN-S-Slicing-87-001,2,21394,21512,21513,60,60,30,2
1188,MVN-S-Slicing-87-001,2,21454,21572,21573,60,60,30,2
1188,MVN-S-Slicing-87-001,2,21514,21632,21633,60,60,30,2
1188,MVN-S-Slicing-87-001,2,21574,21692,21693,60,60,30,2
1188,MVN-S-Slicing-87-001,2,21694,21716,21717,12,60,30,2
1189,MVN-S-Slicing-87-001,4,21717,21894,21895,60,60,30,3
1189,MVN-S-Slicing-87-001,4,21807,21984,21985,60,60,30,3
1189,MVN-S-Slicing-87-001,4,21987,21993,21994,3,60,30,3
1190,MVN-S-Slicing-87-001,7,21994,22053,22054,60,60,20,1
1190,MVN-S-Slicing-87-001,7,22014,22073,22074,60,60,20,1
1190,MVN-S-Slicing-87-001,7,22074,22089,22090,16,60,20,1
1191,MVN-S-Slicing-87-001,4,22090,22267,22268,60,60,30,3
1191,MVN-S-Slicing-87-001,4,22270,22333,22334,22,60,30,3
1192,MVN-S-Slicing-87-001,7,22335,22394,22395,60,60,20,1
1192,MVN-S-Slicing-87-001,7,22395,22412,22413,18,60,20,1
1193,MVN-S-Slicing-87-001,5,22413,22472,22473,60,60,20,1
1193,MVN-S-Slicing-87-001,5,22433,22492,22493,60,60,20,1
1193,MVN-S-Slicing-87-001,5,22453,22512,22513,60,60,20,1
1193,MVN-S-Slicing-87-001,5,22473,22532,22533,60,60,20,1
1193,MVN-S-Slicing-87-001,5,22493,22552,22553,60,60,20,1
1193,MVN-S-Slicing-87-001,5,22513,22572,22573,60,60,20,1
1193,MVN-S-Slicing-87-001,5,22533,22592,22593,60,60,20,1
1193,MVN-S-Slicing-87-001,5,22553,22612,22613,60,60,20,1
1193,MVN-S-Slicing-87-001,5,22573,22632,22633,60,60,20,1
1193,MVN-S-Slicing-87-001,5,22593,22652,22653,60,60,20,1
1193,MVN-S-Slicing-87-001,5,22613,22672,22673,60,60,20,1
1193,MVN-S-Slicing-87-001,5,22633,22692,22693,60,60,20,1
1193,MVN-S-Slicing-87-001,5,22653,22712,22713,60,60,20,1
1193,MVN-S-Slicing-87-001,5,22673,22732,22733,60,60,20,1
1193,MVN-S-Slicing-87-001,5,22693,22752,22753,60,60,20,1
1193,MVN-S-Slicing-87-001,5,22713,22772,22773,60,60,20,1
1193,MVN-S-Slicing-87-001,5,22733,22792,22793,60,60,20,1
1193,MVN-S-Slicing-87-001,5,22753,22812,22813,60,60,20,1
1193,MVN-S-Slicing-87-001,5,22773,22832,22833,60,60,20,1
1193,MVN-S-Slicing-87-001,5,22793,22852,22853,60,60,20,1
1193,MVN-S-Slicing-87-001,5,22813,22872,22873,60,60,20,1
1193,MVN-S-Slicing-87-001,5,22833,22892,22893,60,60,20,1
1193,MVN-S-Slicing-87-001,5,22853,22912,22913,60,60,20,1
1193,MVN-S-Slicing-87-001,5,22873,22932,22933,60,60,20,1
1193,MVN-S-Slicing-87-001,5,22893,22952,22953,60,60,20,1
1193,MVN-S-Slicing-87-001,5,22913,22972,22973,60,60,20,1
1193,MVN-S-Slicing-87-001,5,22933,22992,22993,60,60,20,1
1193,MVN-S-Slicing-87-001,5,22953,23012,23013,60,60,20,1
1193,MVN-S-Slicing-87-001,5,22973,23032,23033,60,60,20,1
1193,MVN-S-Slicing-87-001,5,22993,23052,23053,60,60,20,1
1193,MVN-S-Slicing-87-001,5,23013,23072,23073,60,60,20,1
1193,MVN-S-Slicing-87-001,5,23033,23092,23093,60,60,20,1
1193,MVN-S-Slicing-87-001,5,23053,23112,23113,60,60,20,1
1193,MVN-S-Slicing-87-001,5,23073,23132,23133,60,60,20,1
1193,MVN-S-Slicing-87-001,5,23093,23152,23153,60,60,20,1
1193,MVN-S-Slicing-87-001,5,23113,23172,23173,60,60,20,1
1193,MVN-S-Slicing-87-001,5,23133,23192,23193,60,60,20,1
1193,MVN-S-Slicing-87-001,5,23153,23212,23213,60,60,20,1
1193,MVN-S-Slicing-87-001,5,23173,23232,23233,60,60,20,1
1193,MVN-S-Slicing-87-001,5,23193,23252,23253,60,60,20,1
1193,MVN-S-Slicing-87-001,5,23213,23272,23273,60,60,20,1
1193,MVN-S-Slicing-87-001,5,23233,23292,23293,60,60,20,1
1193,MVN-S-Slicing-87-001,5,23253,23312,23313,60,60,20,1
1193,MVN-S-Slicing-87-001,5,23273,23332,23333,60,60,20,1
1193,MVN-S-Slicing-87-001,5,23293,23352,23353,60,60,20,1
1193,MVN-S-Slicing-87-001,5,23313,23372,23373,60,60,20,1
1193,MVN-S-Slicing-87-001,5,23333,23392,23393,60,60,20,1
1193,MVN-S-Slicing-87-001,5,23353,23412,23413,60,60,20,1
1193,MVN-S-Slicing-87-001,5,23373,23432,23433,60,60,20,1
1193,MVN-S-Slicing-87-001,5,23393,23452,23453,60,60,20,1
1193,MVN-S-Slicing-87-001,5,23413,23472,23473,60,60,20,1
1193,MVN-S-Slicing-87-001,5,23433,23492,23493,60,60,20,1
1193,MVN-S-Slicing-87-001,5,23453,23512,23513,60,60,20,1
1193,MVN-S-Slicing-87-001,5,23473,23532,23533,60,60,20,1
1193,MVN-S-Slicing-87-001,5,23493,23552,23553,60,60,20,1
1193,MVN-S-Slicing-87-001,5,23513,23572,23573,60,60,20,1
1193,MVN-S-Slicing-87-001,5,23533,23592,23593,60,60,20,1
1193,MVN-S-Slicing-87-001,5,23553,23612,23613,60,60,20,1
1193,MVN-S-Slicing-87-001,5,23573,23632,23633,60,60,20,1
1193,MVN-S-Slicing-87-001,5,23593,23652,23653,60,60,20,1
1193,MVN-S-Slicing-87-001,5,23613,23672,23673,60,60,20,1
1193,MVN-S-Slicing-87-001,5,23633,23692,23693,60,60,20,1
1193,MVN-S-Slicing-87-001,5,23653,23712,23713,60,60,20,1
1193,MVN-S-Slicing-87-001,5,23673,23732,23733,60,60,20,1
1193,MVN-S-Slicing-87-001,5,23693,23752,23753,60,60,20,1
1193,MVN-S-Slicing-87-001,5,23713,23772,23773,60,60,20,1
1193,MVN-S-Slicing-87-001,5,23733,23792,23793,60,60,20,1
1193,MVN-S-Slicing-87-001,5,23753,23812,23813,60,60,20,1
1193,MVN-S-Slicing-87-001,5,23773,23832,23833,60,60,20,1
1193,MVN-S-Slicing-87-001,5,23793,23852,23853,60,60,20,1
1193,MVN-S-Slicing-87-001,5,23813,23872,23873,60,60,20,1
1193,MVN-S-Slicing-87-001,5,23833,23892,23893,60,60,20,1
1193,MVN-S-Slicing-87-001,5,23853,23912,23913,60,60,20,1
1193,MVN-S-Slicing-87-001,5,23873,23932,23933,60,60,20,1
1193,MVN-S-Slicing-87-001,5,23893,23952,23953,60,60,20,1
1193,MVN-S-Slicing-87-001,5,23913,23972,23973,60,60,20,1
1193,MVN-S-Slicing-87-001,5,23933,23992,23993,60,60,20,1
1193,MVN-S-Slicing-87-001,5,23953,24012,24013,60,60,20,1
1193,MVN-S-Slicing-87-001,5,23973,24032,24033,60,60,20,1
1193,MVN-S-Slicing-87-001,5,24033,24042,24043,10,60,20,1
1194,MVN-S-Slicing-87-001,7,24043,24102,24103,60,60,20,1
1194,MVN-S-Slicing-87-001,7,24103,24107,24108,5,60,20,1
1195,MVN-S-Slicing-87-001,4,24108,24285,24286,60,60,30,3
1195,MVN-S-Slicing-87-001,4,24288,24354,24355,23,60,30,3
1196,MVN-S-Slicing-87-001,7,24356,24415,24416,60,60,20,1
1196,MVN-S-Slicing-87-001,7,24376,24435,24436,60,60,20,1
1196,MVN-S-Slicing-87-001,7,24396,24455,24456,60,60,20,1
1196,MVN-S-Slicing-87-001,7,24416,24475,24476,60,60,20,1
1196,MVN-S-Slicing-87-001,7,24436,24495,24496,60,60,20,1
1196,MVN-S-Slicing-87-001,7,24456,24515,24516,60,60,20,1
1196,MVN-S-Slicing-87-001,7,24516,24516,24517,1,60,20,1
1197,MVN-S-Slicing-87-001,5,24517,24576,24577,60,60,20,1
1197,MVN-S-Slicing-87-001,5,24537,24596,24597,60,60,20,1
1197,MVN-S-Slicing-87-001,5,24557,24616,24617,60,60,20,1
1197,MVN-S-Slicing-87-001,5,24577,24636,24637,60,60,20,1
1197,MVN-S-Slicing-87-001,5,24597,24656,24657,60,60,20,1
1197,MVN-S-Slicing-87-001,5,24617,24676,24677,60,60,20,1
1197,MVN-S-Slicing-87-001,5,24637,24696,24697,60,60,20,1
1197,MVN-S-Slicing-87-001,5,24657,24716,24717,60,60,20,1
1197,MVN-S-Slicing-87-001,5,24677,24736,24737,60,60,20,1
1197,MVN-S-Slicing-87-001,5,24697,24756,24757,60,60,20,1
1197,MVN-S-Slicing-87-001,5,24717,24776,24777,60,60,20,1
1197,MVN-S-Slicing-87-001,5,24737,24796,24797,60,60,20,1
1197,MVN-S-Slicing-87-001,5,24757,24816,24817,60,60,20,1
1197,MVN-S-Slicing-87-001,5,24777,24836,24837,60,60,20,1
1197,MVN-S-Slicing-87-001,5,24797,24856,24857,60,60,20,1
1197,MVN-S-Slicing-87-001,5,24817,24876,24877,60,60,20,1
1197,MVN-S-Slicing-87-001,5,24837,24896,24897,60,60,20,1
1197,MVN-S-Slicing-87-001,5,24857,24916,24917,60,60,20,1
1197,MVN-S-Slicing-87-001,5,24877,24936,24937,60,60,20,1
1197,MVN-S-Slicing-87-001,5,24897,24956,24957,60,60,20,1
1197,MVN-S-Slicing-87-001,5,24917,24976,24977,60,60,20,1
1197,MVN-S-Slicing-87-001,5,24937,24996,24997,60,60,20,1
1197,MVN-S-Slicing-87-001,5,24957,25016,25017,60,60,20,1
1197,MVN-S-Slicing-87-001,5,24977,25036,25037,60,60,20,1
1197,MVN-S-Slicing-87-001,5,24997,25056,25057,60,60,20,1
1197,MVN-S-Slicing-87-001,5,25017,25076,25077,60,60,20,1
1197,MVN-S-Slicing-87-001,5,25037,25096,25097,60,60,20,1
1197,MVN-S-Slicing-87-001,5,25057,25116,25117,60,60,20,1
1197,MVN-S-Slicing-87-001,5,25077,25136,25137,60,60,20,1
1197,MVN-S-Slicing-87-001,5,25137,25147,25148,11,60,20,1
1198,MVN-S-Slicing-87-001,8,25148,25236,25237,45,60,20,2
1199,MVN-S-Slicing-87-001,3,25237,25355,25356,60,60,30,2
1199,MVN-S-Slicing-87-001,3,25357,25377,25378,11,60,30,2
1200,MVN-S-Slicing-87-001,2,25379,25497,25498,60,60,30,2
1200,MVN-S-Slicing-87-001,2,25439,25557,25558,60,60,30,2
1200,MVN-S-Slicing-87-001,2,25499,25617,25618,60,60,30,2
1200,MVN-S-Slicing-87-001,2,25559,25677,25678,60,60,30,2
1200,MVN-S-Slicing-87-001,2,25619,25737,25738,60,60,30,2
1200,MVN-S-Slicing-87-001,2,25679,25797,25798,60,60,30,2
1200,MVN-S-Slicing-87-001,2,25739,25857,25858,60,60,30,2
1200,MVN-S-Slicing-87-001,2,25799,25917,25918,60,60,30,2
1200,MVN-S-Slicing-87-001,2,25859,25977,25978,60,60,30,2
1200,MVN-S-Slicing-87-001,2,25979,25981,25982,2,60,30,2
1201,MVN-S-Slicing-87-001,4,25983,26160,26161,60,60,30,3
1201,MVN-S-Slicing-87-001,4,26073,26250,26251,60,60,30,3
1201,MVN-S-Slicing-87-001,4,26163,26340,26341,60,60,30,3
1201,MVN-S-Slicing-87-001,4,26253,26430,26431,60,60,30,3
1201,MVN-S-Slicing-87-001,4,26343,26520,26521,60,60,30,3
1201,MVN-S-Slicing-87-001,4,26433,26610,26611,60,60,30,3
1201,MVN-S-Slicing-87-001,4,26523,26700,26701,60,60,30,3
1201,MVN-S-Slicing-87-001,4,26613,26790,26791,60,60,30,3
1201,MVN-S-Slicing-87-001,4,26703,26880,26881,60,60,30,3
1201,MVN-S-Slicing-87-001,4,26793,26970,26971,60,60,30,3
1201,MVN-S-Slicing-87-001,4,26883,27060,27061,60,60,30,3
1201,MVN-S-Slicing-87-001,4,26973,27150,27151,60,60,30,3
1201,MVN-S-Slicing-87-001,4,27063,27240,27241,60,60,30,3
1201,MVN-S-Slicing-87-001,4,27153,27330,27331,60,60,30,3
1201,MVN-S-Slicing-87-001,4,27243,27420,27421,60,60,30,3
1201,MVN-S-Slicing-87-001,4,27333,27510,27511,60,60,30,3
1201,MVN-S-Slicing-87-001,4,27423,27600,27601,60,60,30,3
1201,MVN-S-Slicing-87-001,4,27513,27690,27691,60,60,30,3
1201,MVN-S-Slicing-87-001,4,27603,27780,27781,60,60,30,3
1201,MVN-S-Slicing-87-001,4,27693,27870,27871,60,60,30,3
1201,MVN-S-Slicing-87-001,4,27783,27960,27961,60,60,30,3
1201,MVN-S-Slicing-87-001,4,27963,28005,28006,15,60,30,3
1202,MVN-S-Slicing-87-001,7,28007,28066,28067,60,60,20,1
1202,MVN-S-Slicing-87-001,7,28027,28086,28087,60,60,20,1
1202,MVN-S-Slicing-87-001,7,28047,28106,28107,60,60,20,1
1202,MVN-S-Slicing-87-001,7,28067,28126,28127,60,60,20,1
1202,MVN-S-Slicing-87-001,7,28127,28143,28144,17,60,20,1
1203,MVN-S-Slicing-87-001,5,28144,28203,28204,60,60,20,1
1203,MVN-S-Slicing-87-001,5,28164,28223,28224,60,60,20,1
1203,MVN-S-Slicing-87-001,5,28184,28243,28244,60,60,20,1
1203,MVN-S-Slicing-87-001,5,28204,28263,28264,60,60,20,1
1203,MVN-S-Slicing-87-001,5,28224,28283,28284,60,60,20,1
1203,MVN-S-Slicing-87-001,5,28244,28303,28304,60,60,20,1
1203,MVN-S-Slicing-87-001,5,28264,28323,28324,60,60,20,1
1203,MVN-S-Slicing-87-001,5,28284,28343,28344,60,60,20,1
1203,MVN-S-Slicing-87-001,5,28304,28363,28364,60,60,20,1
1203,MVN-S-Slicing-87-001,5,28324,28383,28384,60,60,20,1
1203,MVN-S-Slicing-87-001,5,28344,28403,28404,60,60,20,1
1203,MVN-S-Slicing-87-001,5,28364,28423,28424,60,60,20,1
1203,MVN-S-Slicing-87-001,5,28384,28443,28444,60,60,20,1
1203,MVN-S-Slicing-87-001,5,28404,28463,28464,60,60,20,1
1203,MVN-S-Slicing-87-001,5,28424,28483,28484,60,60,20,1
1203,MVN-S-Slicing-87-001,5,28444,28503,28504,60,60,20,1
1203,MVN-S-Slicing-87-001,5,28464,28523,28524,60,60,20,1
1203,MVN-S-Slicing-87-001,5,28484,28543,28544,60,60,20,1
1203,MVN-S-Slicing-87-001,5,28504,28563,28564,60,60,20,1
1203,MVN-S-Slicing-87-001,5,28524,28583,28584,60,60,20,1
1203,MVN-S-Slicing-87-001,5,28544,28603,28604,60,60,20,1
1203,MVN-S-Slicing-87-001,5,28564,28623,28624,60,60,20,1
1203,MVN-S-Slicing-87-001,5,28584,28643,28644,60,60,20,1
1203,MVN-S-Slicing-87-001,5,28604,28663,28664,60,60,20,1
1203,MVN-S-Slicing-87-001,5,28624,28683,28684,60,60,20,1
1203,MVN-S-Slicing-87-001,5,28644,28703,28704,60,60,20,1
1203,MVN-S-Slicing-87-001,5,28664,28723,28724,60,60,20,1
1203,MVN-S-Slicing-87-001,5,28684,28743,28744,60,60,20,1
1203,MVN-S-Slicing-87-001,5,28704,28763,28764,60,60,20,1
1203,MVN-S-Slicing-87-001,5,28724,28783,28784,60,60,20,1
1203,MVN-S-Slicing-87-001,5,28744,28803,28804,60,60,20,1
1203,MVN-S-Slicing-87-001,5,28764,28823,28824,60,60,20,1
1203,MVN-S-Slicing-87-001,5,28784,28843,28844,60,60,20,1
1203,MVN-S-Slicing-87-001,5,28804,28863,28864,60,60,20,1
1203,MVN-S-Slicing-87-001,5,28824,28883,28884,60,60,20,1
1203,MVN-S-Slicing-87-001,5,28844,28903,28904,60,60,20,1
1203,MVN-S-Slicing-87-001,5,28864,28923,28924,60,60,20,1
1203,MVN-S-Slicing-87-001,5,28884,28943,28944,60,60,20,1
1203,MVN-S-Slicing-87-001,5,28904,28963,28964,60,60,20,1
1203,MVN-S-Slicing-87-001,5,28924,28983,28984,60,60,20,1
1203,MVN-S-Slicing-87-001,5,28944,29003,29004,60,60,20,1
1203,MVN-S-Slicing-87-001,5,28964,29023,29024,60,60,20,1
1203,MVN-S-Slicing-87-001,5,28984,29043,29044,60,60,20,1
1203,MVN-S-Slicing-87-001,5,29004,29063,29064,60,60,20,1
1203,MVN-S-Slicing-87-001,5,29024,29083,29084,60,60,20,1
1203,MVN-S-Slicing-87-001,5,29044,29103,29104,60,60,20,1
1203,MVN-S-Slicing-87-001,5,29064,29123,29124,60,60,20,1
1203,MVN-S-Slicing-87-001,5,29084,29143,29144,60,60,20,1
1203,MVN-S-Slicing-87-001,5,29104,29163,29164,60,60,20,1
1203,MVN-S-Slicing-87-001,5,29124,29183,29184,60,60,20,1
1203,MVN-S-Slicing-87-001,5,29144,29203,29204,60,60,20,1
1203,MVN-S-Slicing-87-001,5,29164,29223,29224,60,60,20,1
1203,MVN-S-Slicing-87-001,5,29184,29243,29244,60,60,20,1
1203,MVN-S-Slicing-87-001,5,29204,29263,29264,60,60,20,1
1203,MVN-S-Slicing-87-001,5,29224,29283,29284,60,60,20,1
1203,MVN-S-Slicing-87-001,5,29244,29303,29304,60,60,20,1
1203,MVN-S-Slicing-87-001,5,29264,29323,29324,60,60,20,1
1203,MVN-S-Slicing-87-001,5,29284,29343,29344,60,60,20,1
1203,MVN-S-Slicing-87-001,5,29304,29363,29364,60,60,20,1
1203,MVN-S-Slicing-87-001,5,29324,29383,29384,60,60,20,1
1203,MVN-S-Slicing-87-001,5,29344,29403,29404,60,60,20,1
1203,MVN-S-Slicing-87-001,5,29364,29423,29424,60,60,20,1
1203,MVN-S-Slicing-87-001,5,29384,29443,29444,60,60,20,1
1203,MVN-S-Slicing-87-001,5,29404,29463,29464,60,60,20,1
1203,MVN-S-Slicing-87-001,5,29424,29483,29484,60,60,20,1
1203,MVN-S-Slicing-87-001,5,29444,29503,29504,60,60,20,1
1203,MVN-S-Slicing-87-001,5,29464,29523,29524,60,60,20,1
1203,MVN-S-Slicing-87-001,5,29484,29543,29544,60,60,20,1
1203,MVN-S-Slicing-87-001,5,29504,29563,29564,60,60,20,1
1203,MVN-S-Slicing-87-001,5,29524,29583,29584,60,60,20,1
1203,MVN-S-Slicing-87-001,5,29544,29603,29604,60,60,20,1
1203,MVN-S-Slicing-87-001,5,29564,29623,29624,60,60,20,1
1203,MVN-S-Slicing-87-001,5,29584,29643,29644,60,60,20,1
1203,MVN-S-Slicing-87-001,5,29604,29663,29664,60,60,20,1
1203,MVN-S-Slicing-87-001,5,29624,29683,29684,60,60,20,1
1203,MVN-S-Slicing-87-001,5,29644,29703,29704,60,60,20,1
1203,MVN-S-Slicing-87-001,5,29664,29723,29724,60,60,20,1
1203,MVN-S-Slicing-87-001,5,29684,29743,29744,60,60,20,1
1203,MVN-S-Slicing-87-001,5,29704,29763,29764,60,60,20,1
1203,MVN-S-Slicing-87-001,5,29724,29783,29784,60,60,20,1
1203,MVN-S-Slicing-87-001,5,29744,29803,29804,60,60,20,1
1203,MVN-S-Slicing-87-001,5,29764,29823,29824,60,60,20,1
1203,MVN-S-Slicing-87-001,5,29784,29843,29844,60,60,20,1
1203,MVN-S-Slicing-87-001,5,29804,29863,29864,60,60,20,1
1203,MVN-S-Slicing-87-001,5,29864,29873,29874,10,60,20,1
1204,MVN-S-Slicing-87-001,7,29874,29933,29934,60,60,20,1
1204,MVN-S-Slicing-87-001,7,29894,29953,29954,60,60,20,1
1204,MVN-S-Slicing-87-001,7,29914,29973,29974,60,60,20,1
1204,MVN-S-Slicing-87-001,7,29934,29993,29994,60,60,20,1
1204,MVN-S-Slicing-87-001,7,29994,30006,30007,13,60,20,1
1205,MVN-S-Slicing-87-001,4,30007,30184,30185,60,60,30,3
1205,MVN-S-Slicing-87-001,4,30097,30274,30275,60,60,30,3
1205,MVN-S-Slicing-87-001,4,30187,30364,30365,60,60,30,3
1205,MVN-S-Slicing-87-001,4,30367,30448,30449,28,60,30,3
1206,MVN-S-Slicing-87-001,7,30449,30508,30509,60,60,20,1
1206,MVN-S-Slicing-87-001,7,30469,30528,30529,60,60,20,1
1206,MVN-S-Slicing-87-001,7,30529,30545,30546,17,60,20,1
1207,MVN-S-Slicing-87-001,4,30546,30723,30724,60,60,30,3
1207,MVN-S-Slicing-87-001,4,30726,30747,30748,8,60,30,3
1208,MVN-S-Slicing-87-001,5,30749,30808,30809,60,60,20,1
1208,MVN-S-Slicing-87-001,5,30769,30828,30829,60,60,20,1
1208,MVN-S-Slicing-87-001,5,30789,30848,30849,60,60,20,1
1208,MVN-S-Slicing-87-001,5,30809,30868,30869,60,60,20,1
1208,MVN-S-Slicing-87-001,5,30829,30888,30889,60,60,20,1
1208,MVN-S-Slicing-87-001,5,30849,30908,30909,60,60,20,1
1208,MVN-S-Slicing-87-001,5,30869,30928,30929,60,60,20,1
1208,MVN-S-Slicing-87-001,5,30889,30948,30949,60,60,20,1
1208,MVN-S-Slicing-87-001,5,30909,30968,30969,60,60,20,1
1208,MVN-S-Slicing-87-001,5,30929,30988,30989,60,60,20,1
1208,MVN-S-Slicing-87-001,5,30949,31008,31009,60,60,20,1
1208,MVN-S-Slicing-87-001,5,30969,31028,31029,60,60,20,1
1208,MVN-S-Slicing-87-001,5,30989,31048,31049,60,60,20,1
1208,MVN-S-Slicing-87-001,5,31009,31068,31069,60,60,20,1
1208,MVN-S-Slicing-87-001,5,31069,31084,31085,16,60,20,1
1209,MVN-S-Slicing-87-001,8,31085,31203,31204,60,60,20,2
1209,MVN-S-Slicing-87-001,8,31205,31227,31228,12,60,20,2
1210,MVN-S-Slicing-87-001,3,31229,31347,31348,60,60,30,2
1210,MVN-S-Slicing-87-001,3,31289,31407,31408,60,60,30,2
1210,MVN-S-Slicing-87-001,3,31349,31467,31468,60,60,30,2
1210,MVN-S-Slicing-87-001,3,31409,31527,31528,60,60,30,2
1210,MVN-S-Slicing-87-001,3,31469,31587,31588,60,60,30,2
1210,MVN-S-Slicing-87-001,3,31529,31647,31648,60,60,30,2
1210,MVN-S-Slicing-87-001,3,31649,31675,31676,14,60,30,2
1211,MVN-S-Slicing-87-001,2,31677,31795,31796,60,60,30,2
1211,MVN-S-Slicing-87-001,2,31737,31855,31856,60,60,30,2
1211,MVN-S-Slicing-87-001,2,31797,31915,31916,60,60,30,2
1211,MVN-S-Slicing-87-001,2,31857,31975,31976,60,60,30,2
1211,MVN-S-Slicing-87-001,2,31917,32035,32036,60,60,30,2
1211,MVN-S-Slicing-87-001,2,31977,32095,32096,60,60,30,2
1211,MVN-S-Slicing-87-001,2,32037,32155,32156,60,60,30,2
1211,MVN-S-Slicing-87-001,2,32097,32215,32216,60,60,30,2
1211,MVN-S-Slicing-87-001,2,32217,32251,32252,18,60,30,2
1212,MVN-S-Slicing-87-001,4,32253,32430,32431,60,60,30,3
1212,MVN-S-Slicing-87-001,4,32433,32460,32461,10,60,30,3
1213,MVN-S-Slicing-87-001,7,32462,32521,32522,60,60,20,1
1213,MVN-S-Slicing-87-001,7,32482,32541,32542,60,60,20,1
1213,MVN-S-Slicing-87-001,7,32502,32561,32562,60,60,20,1
1213,MVN-S-Slicing-87-001,7,32522,32581,32582,60,60,20,1
1213,MVN-S-Slicing-87-001,7,32542,32601,32602,60,60,20,1
1213,MVN-S-Slicing-87-001,7,32602,32604,32605,3,60,20,1
1214,MVN-S-Slicing-87-001,4,32605,32782,32783,60,60,30,3
1214,MVN-S-Slicing-87-001,4,32695,32872,32873,60,60,30,3
1214,MVN-S-Slicing-87-001,4,32785,32962,32963,60,60,30,3
1214,MVN-S-Slicing-87-001,4,32875,33052,33053,60,60,30,3
1214,MVN-S-Slicing-87-001,4,32965,33142,33143,60,60,30,3
1214,MVN-S-Slicing-87-001,4,33055,33232,33233,60,60,30,3
1214,MVN-S-Slicing-87-001,4,33145,33322,33323,60,60,30,3
1214,MVN-S-Slicing-87-001,4,33235,33412,33413,60,60,30,3
1214,MVN-S-Slicing-87-001,4,33325,33502,33503,60,60,30,3
1214,MVN-S-Slicing-87-001,4,33505,33508,33509,2,60,30,3
1215,MVN-S-Slicing-87-001,8,33509,33627,33628,60,60,20,2
1215,MVN-S-Slicing-87-001,8,33549,33667,33668,60,60,20,2
1215,MVN-S-Slicing-87-001,8,33589,33707,33708,60,60,20,2
1215,MVN-S-Slicing-87-001,8,33629,33747,33748,60,60,20,2
1215,MVN-S-Slicing-87-001,8,33749,33785,33786,19,60,20,2
1216,MVN-S-Slicing-87-001,4,33787,33964,33965,60,60,30,3
1216,MVN-S-Slicing-87-001,4,33967,33967,33968,1,60,30,3
1217,MVN-S-Slicing-87-001,7,33969,34028,34029,60,60,20,1
1217,MVN-S-Slicing-87-001,7,33989,34048,34049,60,60,20,1
1217,MVN-S-Slicing-87-001,7,34049,34056,34057,8,60,20,1
1218,MVN-S-Slicing-87-001,5,34057,34116,34117,60,60,20,1
1218,MVN-S-Slicing-87-001,5,34077,34136,34137,60,60,20,1
1218,MVN-S-Slicing-87-001,5,34097,34156,34157,60,60,20,1
1218,MVN-S-Slicing-87-001,5,34117,34176,34177,60,60,20,1
1218,MVN-S-Slicing-87-001,5,34137,34196,34197,60,60,20,1
1218,MVN-S-Slicing-87-001,5,34157,34216,34217,60,60,20,1
1218,MVN-S-Slicing-87-001,5,34177,34236,34237,60,60,20,1
1218,MVN-S-Slicing-87-001,5,34197,34256,34257,60,60,20,1
1218,MVN-S-Slicing-87-001,5,34217,34276,34277,60,60,20,1
1218,MVN-S-Slicing-87-001,5,34237,34296,34297,60,60,20,1
1218,MVN-S-Slicing-87-001,5,34257,34316,34317,60,60,20,1
1218,MVN-S-Slicing-87-001,5,34277,34336,34337,60,60,20,1
1218,MVN-S-Slicing-87-001,5,34297,34356,34357,60,60,20,1
1218,MVN-S-Slicing-87-001,5,34317,34376,34377,60,60,20,1
1218,MVN-S-Slicing-87-001,5,34337,34396,34397,60,60,20,1
1218,MVN-S-Slicing-87-001,5,34357,34416,34417,60,60,20,1
1218,MVN-S-Slicing-87-001,5,34377,34436,34437,60,60,20,1
1218,MVN-S-Slicing-87-001,5,34397,34456,34457,60,60,20,1
1218,MVN-S-Slicing-87-001,5,34417,34476,34477,60,60,20,1
1218,MVN-S-Slicing-87-001,5,34437,34496,34497,60,60,20,1
1218,MVN-S-Slicing-87-001,5,34457,34516,34517,60,60,20,1
1218,MVN-S-Slicing-87-001,5,34477,34536,34537,60,60,20,1
1218,MVN-S-Slicing-87-001,5,34497,34556,34557,60,60,20,1
1218,MVN-S-Slicing-87-001,5,34517,34576,34577,60,60,20,1
1218,MVN-S-Slicing-87-001,5,34537,34596,34597,60,60,20,1
1218,MVN-S-Slicing-87-001,5,34557,34616,34617,60,60,20,1
1218,MVN-S-Slicing-87-001,5,34577,34636,34637,60,60,20,1
1218,MVN-S-Slicing-87-001,5,34597,34656,34657,60,60,20,1
1218,MVN-S-Slicing-87-001,5,34617,34676,34677,60,60,20,1
1218,MVN-S-Slicing-87-001,5,34637,34696,34697,60,60,20,1
1218,MVN-S-Slicing-87-001,5,34657,34716,34717,60,60,20,1
1218,MVN-S-Slicing-87-001,5,34677,34736,34737,60,60,20,1
1218,MVN-S-Slicing-87-001,5,34697,34756,34757,60,60,20,1
1218,MVN-S-Slicing-87-001,5,34717,34776,34777,60,60,20,1
1218,MVN-S-Slicing-87-001,5,34737,34796,34797,60,60,20,1
1218,MVN-S-Slicing-87-001,5,34757,34816,34817,60,60,20,1
1218,MVN-S-Slicing-87-001,5,34777,34836,34837,60,60,20,1
1218,MVN-S-Slicing-87-001,5,34797,34856,34857,60,60,20,1
1218,MVN-S-Slicing-87-001,5,34817,34876,34877,60,60,20,1
1218,MVN-S-Slicing-87-001,5,34837,34896,34897,60,60,20,1
1218,MVN-S-Slicing-87-001,5,34857,34916,34917,60,60,20,1
1218,MVN-S-Slicing-87-001,5,34877,34936,34937,60,60,20,1
1218,MVN-S-Slicing-87-001,5,34897,34956,34957,60,60,20,1
1218,MVN-S-Slicing-87-001,5,34917,34976,34977,60,60,20,1
1218,MVN-S-Slicing-87-001,5,34937,34996,34997,60,60,20,1
1218,MVN-S-Slicing-87-001,5,34957,35016,35017,60,60,20,1
1218,MVN-S-Slicing-87-001,5,34977,35036,35037,60,60,20,1
1218,MVN-S-Slicing-87-001,5,34997,35056,35057,60,60,20,1
1218,MVN-S-Slicing-87-001,5,35017,35076,35077,60,60,20,1
1218,MVN-S-Slicing-87-001,5,35037,35096,35097,60,60,20,1
1218,MVN-S-Slicing-87-001,5,35057,35116,35117,60,60,20,1
1218,MVN-S-Slicing-87-001,5,35077,35136,35137,60,60,20,1
1218,MVN-S-Slicing-87-001,5,35097,35156,35157,60,60,20,1
1218,MVN-S-Slicing-87-001,5,35117,35176,35177,60,60,20,1
1218,MVN-S-Slicing-87-001,5,35137,35196,35197,60,60,20,1
1218,MVN-S-Slicing-87-001,5,35157,35216,35217,60,60,20,1
1218,MVN-S-Slicing-87-001,5,35177,35236,35237,60,60,20,1
1218,MVN-S-Slicing-87-001,5,35197,35256,35257,60,60,20,1
1218,MVN-S-Slicing-87-001,5,35217,35276,35277,60,60,20,1
1218,MVN-S-Slicing-87-001,5,35237,35296,35297,60,60,20,1
1218,MVN-S-Slicing-87-001,5,35257,35316,35317,60,60,20,1
1218,MVN-S-Slicing-87-001,5,35277,35336,35337,60,60,20,1
1218,MVN-S-Slicing-87-001,5,35297,35356,35357,60,60,20,1
1218,MVN-S-Slicing-87-001,5,35317,35376,35377,60,60,20,1
1218,MVN-S-Slicing-87-001,5,35337,35396,35397,60,60,20,1
1218,MVN-S-Slicing-87-001,5,35357,35416,35417,60,60,20,1
1218,MVN-S-Slicing-87-001,5,35377,35436,35437,60,60,20,1
1218,MVN-S-Slicing-87-001,5,35397,35456,35457,60,60,20,1
1218,MVN-S-Slicing-87-001,5,35417,35476,35477,60,60,20,1
1218,MVN-S-Slicing-87-001,5,35437,35496,35497,60,60,20,1
1218,MVN-S-Slicing-87-001,5,35457,35516,35517,60,60,20,1
1218,MVN-S-Slicing-87-001,5,35477,35536,35537,60,60,20,1
1218,MVN-S-Slicing-87-001,5,35497,35556,35557,60,60,20,1
1218,MVN-S-Slicing-87-001,5,35517,35576,35577,60,60,20,1
1218,MVN-S-Slicing-87-001,5,35537,35596,35597,60,60,20,1
1218,MVN-S-Slicing-87-001,5,35557,35616,35617,60,60,20,1
1218,MVN-S-Slicing-87-001,5,35577,35636,35637,60,60,20,1
1218,MVN-S-Slicing-87-001,5,35597,35656,35657,60,60,20,1
1218,MVN-S-Slicing-87-001,5,35617,35676,35677,60,60,20,1
1218,MVN-S-Slicing-87-001,5,35637,35696,35697,60,60,20,1
1218,MVN-S-Slicing-87-001,5,35657,35716,35717,60,60,20,1
1218,MVN-S-Slicing-87-001,5,35677,35736,35737,60,60,20,1
1218,MVN-S-Slicing-87-001,5,35697,35756,35757,60,60,20,1
1218,MVN-S-Slicing-87-001,5,35717,35776,35777,60,60,20,1
1218,MVN-S-Slicing-87-001,5,35737,35796,35797,60,60,20,1
1218,MVN-S-Slicing-87-001,5,35757,35816,35817,60,60,20,1
1218,MVN-S-Slicing-87-001,5,35777,35836,35837,60,60,20,1
1218,MVN-S-Slicing-87-001,5,35797,35856,35857,60,60,20,1
1218,MVN-S-Slicing-87-001,5,35817,35876,35877,60,60,20,1
1218,MVN-S-Slicing-87-001,5,35837,35896,35897,60,60,20,1
1218,MVN-S-Slicing-87-001,5,35857,35916,35917,60,60,20,1
1218,MVN-S-Slicing-87-001,5,35877,35936,35937,60,60,20,1
1218,MVN-S-Slicing-87-001,5,35897,35956,35957,60,60,20,1
1218,MVN-S-Slicing-87-001,5,35917,35976,35977,60,60,20,1
1218,MVN-S-Slicing-87-001,5,35937,35996,35997,60,60,20,1
1218,MVN-S-Slicing-87-001,5,35957,36016,36017,60,60,20,1
1218,MVN-S-Slicing-87-001,5,35977,36036,36037,60,60,20,1
1218,MVN-S-Slicing-87-001,5,35997,36056,36057,60,60,20,1
1218,MVN-S-Slicing-87-001,5,36017,36076,36077,60,60,20,1
1218,MVN-S-Slicing-87-001,5,36037,36096,36097,60,60,20,1
1218,MVN-S-Slicing-87-001,5,36057,36116,36117,60,60,20,1
1218,MVN-S-Slicing-87-001,5,36077,36136,36137,60,60,20,1
1218,MVN-S-Slicing-87-001,5,36097,36156,36157,60,60,20,1
1218,MVN-S-Slicing-87-001,5,36117,36176,36177,60,60,20,1
1218,MVN-S-Slicing-87-001,5,36137,36196,36197,60,60,20,1
1218,MVN-S-Slicing-87-001,5,36157,36216,36217,60,60,20,1
1219,MVN-S-Slicing-87-001,8,36217,36311,36312,48,60,20,2
1220,MVN-S-Slicing-87-001,7,36313,36372,36373,60,60,20,1
1220,MVN-S-Slicing-87-001,7,36333,36392,36393,60,60,20,1
1220,MVN-S-Slicing-87-001,7,36353,36412,36413,60,60,20,1
1220,MVN-S-Slicing-87-001,7,36413,36416,36417,4,60,20,1
1221,MVN-S-Slicing-87-001,5,36417,36476,36477,60,60,20,1
1221,MVN-S-Slicing-87-001,5,36437,36496,36497,60,60,20,1
1221,MVN-S-Slicing-87-001,5,36457,36516,36517,60,60,20,1
1221,MVN-S-Slicing-87-001,5,36477,36536,36537,60,60,20,1
1221,MVN-S-Slicing-87-001,5,36497,36556,36557,60,60,20,1
1221,MVN-S-Slicing-87-001,5,36517,36576,36577,60,60,20,1
1221,MVN-S-Slicing-87-001,5,36537,36596,36597,60,60,20,1
1221,MVN-S-Slicing-87-001,5,36557,36616,36617,60,60,20,1
1221,MVN-S-Slicing-87-001,5,36577,36636,36637,60,60,20,1
1221,MVN-S-Slicing-87-001,5,36597,36656,36657,60,60,20,1
1221,MVN-S-Slicing-87-001,5,36617,36676,36677,60,60,20,1
1221,MVN-S-Slicing-87-001,5,36637,36696,36697,60,60,20,1
1221,MVN-S-Slicing-87-001,5,36657,36716,36717,60,60,20,1
1221,MVN-S-Slicing-87-001,5,36677,36736,36737,60,60,20,1
1221,MVN-S-Slicing-87-001,5,36697,36756,36757,60,60,20,1
1221,MVN-S-Slicing-87-001,5,36717,36776,36777,60,60,20,1
1221,MVN-S-Slicing-87-001,5,36737,36796,36797,60,60,20,1
1221,MVN-S-Slicing-87-001,5,36757,36816,36817,60,60,20,1
1221,MVN-S-Slicing-87-001,5,36777,36836,36837,60,60,20,1
1221,MVN-S-Slicing-87-001,5,36797,36856,36857,60,60,20,1
1221,MVN-S-Slicing-87-001,5,36817,36876,36877,60,60,20,1
1221,MVN-S-Slicing-87-001,5,36837,36896,36897,60,60,20,1
1221,MVN-S-Slicing-87-001,5,36857,36916,36917,60,60,20,1
1221,MVN-S-Slicing-87-001,5,36877,36936,36937,60,60,20,1
1221,MVN-S-Slicing-87-001,5,36897,36956,36957,60,60,20,1
1221,MVN-S-Slicing-87-001,5,36917,36976,36977,60,60,20,1
1221,MVN-S-Slicing-87-001,5,36937,36996,36997,60,60,20,1
1221,MVN-S-Slicing-87-001,5,36957,37016,37017,60,60,20,1
1221,MVN-S-Slicing-87-001,5,37017,37024,37025,8,60,20,1
1222,MVN-S-Slicing-87-001,7,37025,37084,37085,60,60,20,1
1222,MVN-S-Slicing-87-001,7,37045,37104,37105,60,60,20,1
1222,MVN-S-Slicing-87-001,7,37105,37115,37116,11,60,20,1
1223,MVN-S-Slicing-87-001,4,37116,37221,37222,36,60,30,3
1224,MVN-S-Slicing-87-001,8,37224,37342,37343,60,60,20,2
1224,MVN-S-Slicing-87-001,8,37264,37382,37383,60,60,20,2
1224,MVN-S-Slicing-87-001,8,37304,37422,37423,60,60,20,2
1224,MVN-S-Slicing-87-001,8,37344,37462,37463,60,60,20,2
1224,MVN-S-Slicing-87-001,8,37464,37492,37493,15,60,20,2
1225,MVN-S-Slicing-87-001,2,37494,37612,37613,60,60,30,2
1225,MVN-S-Slicing-87-001,2,37554,37672,37673,60,60,30,2
1225,MVN-S-Slicing-87-001,2,37614,37732,37733,60,60,30,2
1225,MVN-S-Slicing-87-001,2,37674,37792,37793,60,60,30,2
1225,MVN-S-Slicing-87-001,2,37734,37852,37853,60,60,30,2
1225,MVN-S-Slicing-87-001,2,37794,37912,37913,60,60,30,2
1225,MVN-S-Slicing-87-001,2,37854,37972,37973,60,60,30,2
1225,MVN-S-Slicing-87-001,2,37914,38032,38033,60,60,30,2
1225,MVN-S-Slicing-87-001,2,38034,38066,38067,17,60,30,2
1226,MVN-S-Slicing-87-001,3,38067,38185,38186,60,60,30,2
1226,MVN-S-Slicing-87-001,3,38127,38245,38246,60,60,30,2
1226,MVN-S-Slicing-87-001,3,38247,38259,38260,7,60,30,2
1227,MVN-S-Slicing-87-001,4,38261,38438,38439,60,60,30,3
1227,MVN-S-Slicing-87-001,4,38351,38528,38529,60,60,30,3
1227,MVN-S-Slicing-87-001,4,38441,38618,38619,60,60,30,3
1227,MVN-S-Slicing-87-001,4,38531,38708,38709,60,60,30,3
1227,MVN-S-Slicing-87-001,4,38621,38798,38799,60,60,30,3
1227,MVN-S-Slicing-87-001,4,38711,38888,38889,60,60,30,3
1227,MVN-S-Slicing-87-001,4,38801,38978,38979,60,60,30,3
1227,MVN-S-Slicing-87-001,4,38891,39068,39069,60,60,30,3
1227,MVN-S-Slicing-87-001,4,38981,39158,39159,60,60,30,3
1227,MVN-S-Slicing-87-001,4,39071,39248,39249,60,60,30,3
1227,MVN-S-Slicing-87-001,4,39161,39338,39339,60,60,30,3
1227,MVN-S-Slicing-87-001,4,39251,39428,39429,60,60,30,3
1227,MVN-S-Slicing-87-001,4,39341,39518,39519,60,60,30,3
1227,MVN-S-Slicing-87-001,4,39431,39608,39609,60,60,30,3
1227,MVN-S-Slicing-87-001,4,39521,39698,39699,60,60,30,3
1227,MVN-S-Slicing-87-001,4,39611,39788,39789,60,60,30,3
1227,MVN-S-Slicing-87-001,4,39701,39878,39879,60,60,30,3
1227,MVN-S-Slicing-87-001,4,39791,39968,39969,60,60,30,3
1227,MVN-S-Slicing-87-001,4,39881,40058,40059,60,60,30,3
1227,MVN-S-Slicing-87-001,4,40061,40076,40077,6,60,30,3
1228,MVN-S-Slicing-87-001,8,40079,40187,40188,55,60,20,2
1229,MVN-S-Slicing-87-001,7,40188,40247,40248,60,60,20,1
1229,MVN-S-Slicing-87-001,7,40208,40267,40268,60,60,20,1
1229,MVN-S-Slicing-87-001,7,40228,40287,40288,60,60,20,1
1229,MVN-S-Slicing-87-001,7,40248,40307,40308,60,60,20,1
1229,MVN-S-Slicing-87-001,7,40268,40327,40328,60,60,20,1
1229,MVN-S-Slicing-87-001,7,40288,40347,40348,60,60,20,1
1229,MVN-S-Slicing-87-001,7,40348,40362,40363,15,60,20,1
1230,MVN-S-Slicing-87-001,5,40363,40422,40423,60,60,20,1
1230,MVN-S-Slicing-87-001,5,40383,40442,40443,60,60,20,1
1230,MVN-S-Slicing-87-001,5,40403,40462,40463,60,60,20,1
1230,MVN-S-Slicing-87-001,5,40423,40482,40483,60,60,20,1
1230,MVN-S-Slicing-87-001,5,40443,40502,40503,60,60,20,1
1230,MVN-S-Slicing-87-001,5,40463,40522,40523,60,60,20,1
1230,MVN-S-Slicing-87-001,5,40483,40542,40543,60,60,20,1
1230,MVN-S-Slicing-87-001,5,40503,40562,40563,60,60,20,1
1230,MVN-S-Slicing-87-001,5,40523,40582,40583,60,60,20,1
1230,MVN-S-Slicing-87-001,5,40543,40602,40603,60,60,20,1
1230,MVN-S-Slicing-87-001,5,40563,40622,40623,60,60,20,1
1230,MVN-S-Slicing-87-001,5,40583,40642,40643,60,60,20,1
1230,MVN-S-Slicing-87-001,5,40603,40662,40663,60,60,20,1
1230,MVN-S-Slicing-87-001,5,40623,40682,40683,60,60,20,1
1230,MVN-S-Slicing-87-001,5,40643,40702,40703,60,60,20,1
1230,MVN-S-Slicing-87-001,5,40663,40722,40723,60,60,20,1
1230,MVN-S-Slicing-87-001,5,40683,40742,40743,60,60,20,1
1230,MVN-S-Slicing-87-001,5,40703,40762,40763,60,60,20,1
1230,MVN-S-Slicing-87-001,5,40723,40782,40783,60,60,20,1
1230,MVN-S-Slicing-87-001,5,40743,40802,40803,60,60,20,1
1230,MVN-S-Slicing-87-001,5,40763,40822,40823,60,60,20,1
1230,MVN-S-Slicing-87-001,5,40783,40842,40843,60,60,20,1
1230,MVN-S-Slicing-87-001,5,40803,40862,40863,60,60,20,1
1230,MVN-S-Slicing-87-001,5,40823,40882,40883,60,60,20,1
1230,MVN-S-Slicing-87-001,5,40843,40902,40903,60,60,20,1
1230,MVN-S-Slicing-87-001,5,40863,40922,40923,60,60,20,1
1230,MVN-S-Slicing-87-001,5,40883,40942,40943,60,60,20,1
1230,MVN-S-Slicing-87-001,5,40903,40962,40963,60,60,20,1
1230,MVN-S-Slicing-87-001,5,40923,40982,40983,60,60,20,1
1230,MVN-S-Slicing-87-001,5,40943,41002,41003,60,60,20,1
1230,MVN-S-Slicing-87-001,5,40963,41022,41023,60,60,20,1
1230,MVN-S-Slicing-87-001,5,40983,41042,41043,60,60,20,1
1230,MVN-S-Slicing-87-001,5,41003,41062,41063,60,60,20,1
1230,MVN-S-Slicing-87-001,5,41023,41082,41083,60,60,20,1
1230,MVN-S-Slicing-87-001,5,41043,41102,41103,60,60,20,1
1230,MVN-S-Slicing-87-001,5,41063,41122,41123,60,60,20,1
1230,MVN-S-Slicing-87-001,5,41083,41142,41143,60,60,20,1
1230,MVN-S-Slicing-87-001,5,41103,41162,41163,60,60,20,1
1230,MVN-S-Slicing-87-001,5,41123,41182,41183,60,60,20,1
1230,MVN-S-Slicing-87-001,5,41143,41202,41203,60,60,20,1
1230,MVN-S-Slicing-87-001,5,41163,41222,41223,60,60,20,1
1230,MVN-S-Slicing-87-001,5,41183,41242,41243,60,60,20,1
1230,MVN-S-Slicing-87-001,5,41203,41262,41263,60,60,20,1
1230,MVN-S-Slicing-87-001,5,41223,41282,41283,60,60,20,1
1230,MVN-S-Slicing-87-001,5,41243,41302,41303,60,60,20,1
1230,MVN-S-Slicing-87-001,5,41263,41322,41323,60,60,20,1
1230,MVN-S-Slicing-87-001,5,41283,41342,41343,60,60,20,1
1230,MVN-S-Slicing-87-001,5,41303,41362,41363,60,60,20,1
1230,MVN-S-Slicing-87-001,5,41323,41382,41383,60,60,20,1
1230,MVN-S-Slicing-87-001,5,41383,41390,41391,8,60,20,1
1231,MVN-S-Slicing-87-001,8,41391,41509,41510,60,60,20,2
1231,MVN-S-Slicing-87-001,8,41431,41549,41550,60,60,20,2
1231,MVN-S-Slicing-87-001,8,41551,41583,41584,17,60,20,2
1232,MVN-S-Slicing-87-001,3,41585,41703,41704,60,60,30,2
1232,MVN-S-Slicing-87-001,3,41645,41763,41764,60,60,30,2
1232,MVN-S-Slicing-87-001,3,41705,41823,41824,60,60,30,2
1233,MVN-S-Slicing-87-001,2,41824,41942,41943,60,60,30,2
1233,MVN-S-Slicing-87-001,2,41884,42002,42003,60,60,30,2
1233,MVN-S-Slicing-87-001,2,41944,42062,42063,60,60,30,2
1233,MVN-S-Slicing-87-001,2,42064,42080,42081,9,60,30,2
1234,MVN-S-Slicing-87-001,4,42082,42259,42260,60,60,30,3
1234,MVN-S-Slicing-87-001,4,42262,42313,42314,18,60,30,3
1235,MVN-S-Slicing-87-001,5,42315,42374,42375,60,60,20,1
1235,MVN-S-Slicing-87-001,5,42335,42394,42395,60,60,20,1
1235,MVN-S-Slicing-87-001,5,42355,42414,42415,60,60,20,1
1235,MVN-S-Slicing-87-001,5,42375,42434,42435,60,60,20,1
1235,MVN-S-Slicing-87-001,5,42395,42454,42455,60,60,20,1
1235,MVN-S-Slicing-87-001,5,42415,42474,42475,60,60,20,1
1235,MVN-S-Slicing-87-001,5,42435,42494,42495,60,60,20,1
1235,MVN-S-Slicing-87-001,5,42455,42514,42515,60,60,20,1
1235,MVN-S-Slicing-87-001,5,42475,42534,42535,60,60,20,1
1235,MVN-S-Slicing-87-001,5,42495,42554,42555,60,60,20,1
1235,MVN-S-Slicing-87-001,5,42515,42574,42575,60,60,20,1
1235,MVN-S-Slicing-87-001,5,42535,42594,42595,60,60,20,1
1235,MVN-S-Slicing-87-001,5,42555,42614,42615,60,60,20,1
1235,MVN-S-Slicing-87-001,5,42575,42634,42635,60,60,20,1
1235,MVN-S-Slicing-87-001,5,42595,42654,42655,60,60,20,1
1235,MVN-S-Slicing-87-001,5,42615,42674,42675,60,60,20,1
1235,MVN-S-Slicing-87-001,5,42635,42694,42695,60,60,20,1
1235,MVN-S-Slicing-87-001,5,42655,42714,42715,60,60,20,1
1235,MVN-S-Slicing-87-001,5,42675,42734,42735,60,60,20,1
1235,MVN-S-Slicing-87-001,5,42695,42754,42755,60,60,20,1
1235,MVN-S-Slicing-87-001,5,42715,42774,42775,60,60,20,1
1235,MVN-S-Slicing-87-001,5,42735,42794,42795,60,60,20,1
1235,MVN-S-Slicing-87-001,5,42755,42814,42815,60,60,20,1
1235,MVN-S-Slicing-87-001,5,42775,42834,42835,60,60,20,1
1235,MVN-S-Slicing-87-001,5,42795,42854,42855,60,60,20,1
1235,MVN-S-Slicing-87-001,5,42815,42874,42875,60,60,20,1
1235,MVN-S-Slicing-87-001,5,42835,42894,42895,60,60,20,1
1235,MVN-S-Slicing-87-001,5,42855,42914,42915,60,60,20,1
1235,MVN-S-Slicing-87-001,5,42875,42934,42935,60,60,20,1
1235,MVN-S-Slicing-87-001,5,42895,42954,42955,60,60,20,1
1235,MVN-S-Slicing-87-001,5,42915,42974,42975,60,60,20,1
1235,MVN-S-Slicing-87-001,5,42935,42994,42995,60,60,20,1
1235,MVN-S-Slicing-87-001,5,42955,43014,43015,60,60,20,1
1235,MVN-S-Slicing-87-001,5,42975,43034,43035,60,60,20,1
1235,MVN-S-Slicing-87-001,5,42995,43054,43055,60,60,20,1
1235,MVN-S-Slicing-87-001,5,43015,43074,43075,60,60,20,1
1235,MVN-S-Slicing-87-001,5,43035,43094,43095,60,60,20,1
1235,MVN-S-Slicing-87-001,5,43055,43114,43115,60,60,20,1
1235,MVN-S-Slicing-87-001,5,43075,43134,43135,60,60,20,1
1235,MVN-S-Slicing-87-001,5,43135,43142,43143,8,60,20,1
1236,MVN-S-Slicing-87-001,7,43143,43202,43203,60,60,20,1
1236,MVN-S-Slicing-87-001,7,43163,43222,43223,60,60,20,1
1236,MVN-S-Slicing-87-001,7,43223,43231,43232,9,60,20,1
1237,MVN-S-Slicing-87-001,5,43232,43291,43292,60,60,20,1
1237,MVN-S-Slicing-87-001,5,43252,43311,43312,60,60,20,1
1237,MVN-S-Slicing-87-001,5,43272,43331,43332,60,60,20,1
1237,MVN-S-Slicing-87-001,5,43292,43351,43352,60,60,20,1
1237,MVN-S-Slicing-87-001,5,43312,43371,43372,60,60,20,1
1237,MVN-S-Slicing-87-001,5,43332,43391,43392,60,60,20,1
1237,MVN-S-Slicing-87-001,5,43352,43411,43412,60,60,20,1
1237,MVN-S-Slicing-87-001,5,43372,43431,43432,60,60,20,1
1237,MVN-S-Slicing-87-001,5,43392,43451,43452,60,60,20,1
1237,MVN-S-Slicing-87-001,5,43412,43471,43472,60,60,20,1
1237,MVN-S-Slicing-87-001,5,43432,43491,43492,60,60,20,1
1237,MVN-S-Slicing-87-001,5,43452,43511,43512,60,60,20,1
1237,MVN-S-Slicing-87-001,5,43472,43531,43532,60,60,20,1
1237,MVN-S-Slicing-87-001,5,43492,43551,43552,60,60,20,1
1237,MVN-S-Slicing-87-001,5,43512,43571,43572,60,60,20,1
1237,MVN-S-Slicing-87-001,5,43532,43591,43592,60,60,20,1
1237,MVN-S-Slicing-87-001,5,43552,43611,43612,60,60,20,1
1237,MVN-S-Slicing-87-001,5,43572,43631,43632,60,60,20,1
1237,MVN-S-Slicing-87-001,5,43592,43651,43652,60,60,20,1
1237,MVN-S-Slicing-87-001,5,43612,43671,43672,60,60,20,1
1237,MVN-S-Slicing-87-001,5,43632,43691,43692,60,60,20,1
1237,MVN-S-Slicing-87-001,5,43652,43711,43712,60,60,20,1
1237,MVN-S-Slicing-87-001,5,43672,43731,43732,60,60,20,1
1237,MVN-S-Slicing-87-001,5,43692,43751,43752,60,60,20,1
1237,MVN-S-Slicing-87-001,5,43712,43771,43772,60,60,20,1
1237,MVN-S-Slicing-87-001,5,43732,43791,43792,60,60,20,1
1237,MVN-S-Slicing-87-001,5,43752,43811,43812,60,60,20,1
1237,MVN-S-Slicing-87-001,5,43772,43831,43832,60,60,20,1
1237,MVN-S-Slicing-87-001,5,43792,43851,43852,60,60,20,1
1237,MVN-S-Slicing-87-001,5,43812,43871,43872,60,60,20,1
1237,MVN-S-Slicing-87-001,5,43832,43891,43892,60,60,20,1
1237,MVN-S-Slicing-87-001,5,43852,43911,43912,60,60,20,1
1237,MVN-S-Slicing-87-001,5,43872,43931,43932,60,60,20,1
1237,MVN-S-Slicing-87-001,5,43892,43951,43952,60,60,20,1
1237,MVN-S-Slicing-87-001,5,43912,43971,43972,60,60,20,1
1237,MVN-S-Slicing-87-001,5,43932,43991,43992,60,60,20,1
1237,MVN-S-Slicing-87-001,5,43952,44011,44012,60,60,20,1
1237,MVN-S-Slicing-87-001,5,43972,44031,44032,60,60,20,1
1237,MVN-S-Slicing-87-001,5,43992,44051,44052,60,60,20,1
1237,MVN-S-Slicing-87-001,5,44012,44071,44072,60,60,20,1
1237,MVN-S-Slicing-87-001,5,44032,44091,44092,60,60,20,1
1237,MVN-S-Slicing-87-001,5,44052,44111,44112,60,60,20,1
1237,MVN-S-Slicing-87-001,5,44072,44131,44132,60,60,20,1
1237,MVN-S-Slicing-87-001,5,44092,44151,44152,60,60,20,1
1237,MVN-S-Slicing-87-001,5,44112,44171,44172,60,60,20,1
1237,MVN-S-Slicing-87-001,5,44132,44191,44192,60,60,20,1
1237,MVN-S-Slicing-87-001,5,44152,44211,44212,60,60,20,1
1237,MVN-S-Slicing-87-001,5,44172,44231,44232,60,60,20,1
1237,MVN-S-Slicing-87-001,5,44192,44251,44252,60,60,20,1
1237,MVN-S-Slicing-87-001,5,44212,44271,44272,60,60,20,1
1237,MVN-S-Slicing-87-001,5,44232,44291,44292,60,60,20,1
1237,MVN-S-Slicing-87-001,5,44252,44311,44312,60,60,20,1
1237,MVN-S-Slicing-87-001,5,44272,44331,44332,60,60,20,1
1237,MVN-S-Slicing-87-001,5,44292,44351,44352,60,60,20,1
1237,MVN-S-Slicing-87-001,5,44312,44371,44372,60,60,20,1
1237,MVN-S-Slicing-87-001,5,44332,44391,44392,60,60,20,1
1237,MVN-S-Slicing-87-001,5,44352,44411,44412,60,60,20,1
1237,MVN-S-Slicing-87-001,5,44372,44431,44432,60,60,20,1
1237,MVN-S-Slicing-87-001,5,44392,44451,44452,60,60,20,1
1237,MVN-S-Slicing-87-001,5,44412,44471,44472,60,60,20,1
1237,MVN-S-Slicing-87-001,5,44432,44491,44492,60,60,20,1
1237,MVN-S-Slicing-87-001,5,44452,44511,44512,60,60,20,1
1237,MVN-S-Slicing-87-001,5,44472,44531,44532,60,60,20,1
1237,MVN-S-Slicing-87-001,5,44492,44551,44552,60,60,20,1
1237,MVN-S-Slicing-87-001,5,44512,44571,44572,60,60,20,1
1237,MVN-S-Slicing-87-001,5,44532,44591,44592,60,60,20,1
1237,MVN-S-Slicing-87-001,5,44552,44611,44612,60,60,20,1
1237,MVN-S-Slicing-87-001,5,44572,44631,44632,60,60,20,1
1237,MVN-S-Slicing-87-001,5,44592,44651,44652,60,60,20,1
1237,MVN-S-Slicing-87-001,5,44612,44671,44672,60,60,20,1
1237,MVN-S-Slicing-87-001,5,44632,44691,44692,60,60,20,1
1237,MVN-S-Slicing-87-001,5,44652,44711,44712,60,60,20,1
1237,MVN-S-Slicing-87-001,5,44672,44731,44732,60,60,20,1
1237,MVN-S-Slicing-87-001,5,44692,44751,44752,60,60,20,1
1237,MVN-S-Slicing-87-001,5,44712,44771,44772,60,60,20,1
1237,MVN-S-Slicing-87-001,5,44732,44791,44792,60,60,20,1
1237,MVN-S-Slicing-87-001,5,44792,44810,44811,19,60,20,1
1238,MVN-S-Slicing-87-001,8,44811,44893,44894,42,60,20,2
1239,MVN-S-Slicing-87-001,7,44894,44953,44954,60,60,20,1
1239,MVN-S-Slicing-87-001,7,44954,44967,44968,14,60,20,1
1240,MVN-S-Slicing-87-001,4,44968,45145,45146,60,60,30,3
1240,MVN-S-Slicing-87-001,4,45058,45235,45236,60,60,30,3
1240,MVN-S-Slicing-87-001,4,45148,45325,45326,60,60,30,3
1240,MVN-S-Slicing-87-001,4,45238,45415,45416,60,60,30,3
1240,MVN-S-Slicing-87-001,4,45328,45505,45506,60,60,30,3
1240,MVN-S-Slicing-87-001,4,45418,45595,45596,60,60,30,3
1240,MVN-S-Slicing-87-001,4,45508,45685,45686,60,60,30,3
1240,MVN-S-Slicing-87-001,4,45598,45775,45776,60,60,30,3
1240,MVN-S-Slicing-87-001,4,45778,45778,45779,1,60,30,3
1241,MVN-S-Slicing-87-001,5,45780,45839,45840,60,60,20,1
1241,MVN-S-Slicing-87-001,5,45800,45859,45860,60,60,20,1
1241,MVN-S-Slicing-87-001,5,45860,45871,45872,12,60,20,1
1242,MVN-S-Slicing-87-001,8,45872,45990,45991,60,60,20,2
1242,MVN-S-Slicing-87-001,8,45912,46030,46031,60,60,20,2
1242,MVN-S-Slicing-87-001,8,45952,46070,46071,60,60,20,2
1242,MVN-S-Slicing-87-001,8,45992,46110,46111,60,60,20,2
1242,MVN-S-Slicing-87-001,8,46112,46130,46131,10,60,20,2
1243,MVN-S-Slicing-87-001,3,46132,46250,46251,60,60,30,2
1243,MVN-S-Slicing-87-001,3,46192,46310,46311,60,60,30,2
1243,MVN-S-Slicing-87-001,3,46312,46334,46335,12,60,30,2
1244,MVN-S-Slicing-87-001,2,46335,46453,46454,60,60,30,2
1244,MVN-S-Slicing-87-001,2,46395,46513,46514,60,60,30,2
1244,MVN-S-Slicing-87-001,2,46455,46573,46574,60,60,30,2
1244,MVN-S-Slicing-87-001,2,46515,46633,46634,60,60,30,2
1244,MVN-S-Slicing-87-001,2,46635,46641,46642,4,60,30,2
1245,MVN-S-Slicing-87-001,4,46643,46820,46821,60,60,30,3
1245,MVN-S-Slicing-87-001,4,46733,46910,46911,60,60,30,3
1245,MVN-S-Slicing-87-001,4,46823,47000,47001,60,60,30,3
1245,MVN-S-Slicing-87-001,4,46913,47090,47091,60,60,30,3
1245,MVN-S-Slicing-87-001,4,47003,47180,47181,60,60,30,3
1245,MVN-S-Slicing-87-001,4,47093,47270,47271,60,60,30,3
1245,MVN-S-Slicing-87-001,4,47183,47360,47361,60,60,30,3
1245,MVN-S-Slicing-87-001,4,47273,47450,47451,60,60,30,3
1245,MVN-S-Slicing-87-001,4,47453,47534,47535,28,60,30,3
1246,MVN-S-Slicing-87-001,5,47537,47596,47597,60,60,20,1
1246,MVN-S-Slicing-87-001,5,47557,47616,47617,60,60,20,1
1246,MVN-S-Slicing-87-001,5,47577,47636,47637,60,60,20,1
1246,MVN-S-Slicing-87-001,5,47597,47656,47657,60,60,20,1
1246,MVN-S-Slicing-87-001,5,47617,47676,47677,60,60,20,1
1246,MVN-S-Slicing-87-001,5,47637,47696,47697,60,60,20,1
1246,MVN-S-Slicing-87-001,5,47657,47716,47717,60,60,20,1
1246,MVN-S-Slicing-87-001,5,47677,47736,47737,60,60,20,1
1246,MVN-S-Slicing-87-001,5,47697,47756,47757,60,60,20,1
1246,MVN-S-Slicing-87-001,5,47717,47776,47777,60,60,20,1
1246,MVN-S-Slicing-87-001,5,47737,47796,47797,60,60,20,1
1246,MVN-S-Slicing-87-001,5,47757,47816,47817,60,60,20,1
1246,MVN-S-Slicing-87-001,5,47777,47836,47837,60,60,20,1
1246,MVN-S-Slicing-87-001,5,47797,47856,47857,60,60,20,1
1246,MVN-S-Slicing-87-001,5,47817,47876,47877,60,60,20,1
1246,MVN-S-Slicing-87-001,5,47837,47896,47897,60,60,20,1
1246,MVN-S-Slicing-87-001,5,47857,47916,47917,60,60,20,1
1246,MVN-S-Slicing-87-001,5,47877,47936,47937,60,60,20,1
1246,MVN-S-Slicing-87-001,5,47897,47956,47957,60,60,20,1
1246,MVN-S-Slicing-87-001,5,47917,47976,47977,60,60,20,1
1246,MVN-S-Slicing-87-001,5,47937,47996,47997,60,60,20,1
1246,MVN-S-Slicing-87-001,5,47957,48016,48017,60,60,20,1
1246,MVN-S-Slicing-87-001,5,47977,48036,48037,60,60,20,1
1246,MVN-S-Slicing-87-001,5,47997,48056,48057,60,60,20,1
1246,MVN-S-Slicing-87-001,5,48017,48076,48077,60,60,20,1
1246,MVN-S-Slicing-87-001,5,48037,48096,48097,60,60,20,1
1246,MVN-S-Slicing-87-001,5,48057,48116,48117,60,60,20,1
1246,MVN-S-Slicing-87-001,5,48077,48136,48137,60,60,20,1
1246,MVN-S-Slicing-87-001,5,48097,48156,48157,60,60,20,1
1246,MVN-S-Slicing-87-001,5,48117,48176,48177,60,60,20,1
1246,MVN-S-Slicing-87-001,5,48137,48196,48197,60,60,20,1
1246,MVN-S-Slicing-87-001,5,48157,48216,48217,60,60,20,1
1246,MVN-S-Slicing-87-001,5,48177,48236,48237,60,60,20,1
1246,MVN-S-Slicing-87-001,5,48197,48256,48257,60,60,20,1
1246,MVN-S-Slicing-87-001,5,48217,48276,48277,60,60,20,1
1246,MVN-S-Slicing-87-001,5,48237,48296,48297,60,60,20,1
1246,MVN-S-Slicing-87-001,5,48257,48316,48317,60,60,20,1
1246,MVN-S-Slicing-87-001,5,48277,48336,48337,60,60,20,1
1246,MVN-S-Slicing-87-001,5,48297,48356,48357,60,60,20,1
1246,MVN-S-Slicing-87-001,5,48317,48376,48377,60,60,20,1
1246,MVN-S-Slicing-87-001,5,48337,48396,48397,60,60,20,1
1246,MVN-S-Slicing-87-001,5,48357,48416,48417,60,60,20,1
1246,MVN-S-Slicing-87-001,5,48377,48436,48437,60,60,20,1
1246,MVN-S-Slicing-87-001,5,48397,48456,48457,60,60,20,1
1246,MVN-S-Slicing-87-001,5,48417,48476,48477,60,60,20,1
1246,MVN-S-Slicing-87-001,5,48437,48496,48497,60,60,20,1
1246,MVN-S-Slicing-87-001,5,48457,48516,48517,60,60,20,1
1246,MVN-S-Slicing-87-001,5,48477,48536,48537,60,60,20,1
1246,MVN-S-Slicing-87-001,5,48497,48556,48557,60,60,20,1
1246,MVN-S-Slicing-87-001,5,48517,48576,48577,60,60,20,1
1246,MVN-S-Slicing-87-001,5,48537,48596,48597,60,60,20,1
1246,MVN-S-Slicing-87-001,5,48557,48616,48617,60,60,20,1
1246,MVN-S-Slicing-87-001,5,48577,48636,48637,60,60,20,1
1246,MVN-S-Slicing-87-001,5,48597,48656,48657,60,60,20,1
1246,MVN-S-Slicing-87-001,5,48657,48665,48666,9,60,20,1
1247,MVN-S-Slicing-87-001,7,48666,48713,48714,48,60,20,1
1248,MVN-S-Slicing-87-001,4,48714,48891,48892,60,60,30,3
1248,MVN-S-Slicing-87-001,4,48894,48918,48919,9,60,30,3
1249,MVN-S-Slicing-87-001,7,48921,48980,48981,60,60,20,1
1249,MVN-S-Slicing-87-001,7,48981,48981,48982,1,60,20,1
1250,MVN-S-Slicing-87-001,5,48982,49041,49042,60,60,20,1
1250,MVN-S-Slicing-87-001,5,49002,49061,49062,60,60,20,1
1250,MVN-S-Slicing-87-001,5,49022,49081,49082,60,60,20,1
1250,MVN-S-Slicing-87-001,5,49042,49101,49102,60,60,20,1
1250,MVN-S-Slicing-87-001,5,49062,49121,49122,60,60,20,1
1250,MVN-S-Slicing-87-001,5,49082,49141,49142,60,60,20,1
1250,MVN-S-Slicing-87-001,5,49102,49161,49162,60,60,20,1
1250,MVN-S-Slicing-87-001,5,49122,49181,49182,60,60,20,1
1250,MVN-S-Slicing-87-001,5,49142,49201,49202,60,60,20,1
1250,MVN-S-Slicing-87-001,5,49162,49221,49222,60,60,20,1
1250,MVN-S-Slicing-87-001,5,49182,49241,49242,60,60,20,1
1250,MVN-S-Slicing-87-001,5,49202,49261,49262,60,60,20,1
1250,MVN-S-Slicing-87-001,5,49222,49281,49282,60,60,20,1
1250,MVN-S-Slicing-87-001,5,49242,49301,49302,60,60,20,1
1250,MVN-S-Slicing-87-001,5,49262,49321,49322,60,60,20,1
1250,MVN-S-Slicing-87-001,5,49282,49341,49342,60,60,20,1
1250,MVN-S-Slicing-87-001,5,49302,49361,49362,60,60,20,1
1250,MVN-S-Slicing-87-001,5,49322,49381,49382,60,60,20,1
1250,MVN-S-Slicing-87-001,5,49342,49401,49402,60,60,20,1
1250,MVN-S-Slicing-87-001,5,49362,49421,49422,60,60,20,1
1250,MVN-S-Slicing-87-001,5,49382,49441,49442,60,60,20,1
1250,MVN-S-Slicing-87-001,5,49402,49461,49462,60,60,20,1
1250,MVN-S-Slicing-87-001,5,49422,49481,49482,60,60,20,1
1250,MVN-S-Slicing-87-001,5,49442,49501,49502,60,60,20,1
1250,MVN-S-Slicing-87-001,5,49462,49521,49522,60,60,20,1
1250,MVN-S-Slicing-87-001,5,49482,49541,49542,60,60,20,1
1250,MVN-S-Slicing-87-001,5,49502,49561,49562,60,60,20,1
1250,MVN-S-Slicing-87-001,5,49522,49581,49582,60,60,20,1
1250,MVN-S-Slicing-87-001,5,49542,49601,49602,60,60,20,1
1250,MVN-S-Slicing-87-001,5,49562,49621,49622,60,60,20,1
1250,MVN-S-Slicing-87-001,5,49582,49641,49642,60,60,20,1
1250,MVN-S-Slicing-87-001,5,49602,49661,49662,60,60,20,1
1250,MVN-S-Slicing-87-001,5,49622,49681,49682,60,60,20,1
1250,MVN-S-Slicing-87-001,5,49642,49701,49702,60,60,20,1
1250,MVN-S-Slicing-87-001,5,49662,49721,49722,60,60,20,1
1250,MVN-S-Slicing-87-001,5,49682,49741,49742,60,60,20,1
1250,MVN-S-Slicing-87-001,5,49702,49761,49762,60,60,20,1
1250,MVN-S-Slicing-87-001,5,49722,49781,49782,60,60,20,1
1250,MVN-S-Slicing-87-001,5,49742,49801,49802,60,60,20,1
1250,MVN-S-Slicing-87-001,5,49762,49821,49822,60,60,20,1
1250,MVN-S-Slicing-87-001,5,49782,49841,49842,60,60,20,1
1250,MVN-S-Slicing-87-001,5,49802,49861,49862,60,60,20,1
1250,MVN-S-Slicing-87-001,5,49862,49873,49874,12,60,20,1
1251,MVN-S-Slicing-87-001,7,49874,49933,49934,60,60,20,1
1251,MVN-S-Slicing-87-001,7,49894,49953,49954,60,60,20,1
1251,MVN-S-Slicing-87-001,7,49954,49962,49963,9,60,20,1
1252,MVN-S-Slicing-87-001,5,49963,50022,50023,60,60,20,1
1252,MVN-S-Slicing-87-001,5,50023,50035,50036,13,60,20,1
1253,MVN-S-Slicing-87-001,8,50036,50138,50139,52,60,20,2
1254,MVN-S-Slicing-87-001,3,50139,50233,50234,48,60,30,2
1255,MVN-S-Slicing-87-001,2,50234,50352,50353,60,60,30,2
1255,MVN-S-Slicing-87-001,2,50294,50412,50413,60,60,30,2
1255,MVN-S-Slicing-87-001,2,50354,50472,50473,60,60,30,2
1255,MVN-S-Slicing-87-001,2,50414,50532,50533,60,60,30,2
1255,MVN-S-Slicing-87-001,2,50534,50584,50585,26,60,30,2
1256,MVN-S-Slicing-87-001,4,50586,50763,50764,60,60,30,3
1256,MVN-S-Slicing-87-001,4,50676,50853,50854,60,60,30,3
1256,MVN-S-Slicing-87-001,4,50766,50943,50944,60,60,30,3
1256,MVN-S-Slicing-87-001,4,50946,50985,50986,14,60,30,3
1257,MVN-S-Slicing-87-001,8,50988,51030,51031,22,60,20,2
1258,MVN-S-Slicing-87-001,3,51032,51150,51151,60,60,30,2
1258,MVN-S-Slicing-87-001,3,51092,51210,51211,60,60,30,2
1258,MVN-S-Slicing-87-001,3,51152,51270,51271,60,60,30,2
1258,MVN-S-Slicing-87-001,3,51212,51330,51331,60,60,30,2
1258,MVN-S-Slicing-87-001,3,51332,51356,51357,13,60,30,2
1259,MVN-S-Slicing-87-001,4,51358,51535,51536,60,60,30,3
1259,MVN-S-Slicing-87-001,4,51448,51625,51626,60,60,30,3
1259,MVN-S-Slicing-87-001,4,51538,51715,51716,60,60,30,3
1259,MVN-S-Slicing-87-001,4,51628,51805,51806,60,60,30,3
1259,MVN-S-Slicing-87-001,4,51718,51895,51896,60,60,30,3
1259,MVN-S-Slicing-87-001,4,51808,51985,51986,60,60,30,3
1259,MVN-S-Slicing-87-001,4,51898,52075,52076,60,60,30,3
1259,MVN-S-Slicing-87-001,4,51988,52165,52166,60,60,30,3
1259,MVN-S-Slicing-87-001,4,52078,52255,52256,60,60,30,3
1259,MVN-S-Slicing-87-001,4,52168,52345,52346,60,60,30,3
1259,MVN-S-Slicing-87-001,4,52258,52435,52436,60,60,30,3
1259,MVN-S-Slicing-87-001,4,52348,52525,52526,60,60,30,3
1259,MVN-S-Slicing-87-001,4,52438,52615,52616,60,60,30,3
1259,MVN-S-Slicing-87-001,4,52528,52705,52706,60,60,30,3
1259,MVN-S-Slicing-87-001,4,52618,52795,52796,60,60,30,3
1259,MVN-S-Slicing-87-001,4,52708,52885,52886,60,60,30,3
1259,MVN-S-Slicing-87-001,4,52798,52975,52976,60,60,30,3
1259,MVN-S-Slicing-87-001,4,52978,53044,53045,23,60,30,3
1260,MVN-S-Slicing-87-001,5,53046,53105,53106,60,60,20,1
1260,MVN-S-Slicing-87-001,5,53066,53125,53126,60,60,20,1
1260,MVN-S-Slicing-87-001,5,53086,53145,53146,60,60,20,1
1260,MVN-S-Slicing-87-001,5,53106,53165,53166,60,60,20,1
1260,MVN-S-Slicing-87-001,5,53126,53185,53186,60,60,20,1
1260,MVN-S-Slicing-87-001,5,53146,53205,53206,60,60,20,1
1260,MVN-S-Slicing-87-001,5,53166,53225,53226,60,60,20,1
1260,MVN-S-Slicing-87-001,5,53186,53245,53246,60,60,20,1
1260,MVN-S-Slicing-87-001,5,53206,53265,53266,60,60,20,1
1260,MVN-S-Slicing-87-001,5,53226,53285,53286,60,60,20,1
1260,MVN-S-Slicing-87-001,5,53246,53305,53306,60,60,20,1
1260,MVN-S-Slicing-87-001,5,53266,53325,53326,60,60,20,1
1260,MVN-S-Slicing-87-001,5,53286,53345,53346,60,60,20,1
1260,MVN-S-Slicing-87-001,5,53306,53365,53366,60,60,20,1
1260,MVN-S-Slicing-87-001,5,53326,53385,53386,60,60,20,1
1260,MVN-S-Slicing-87-001,5,53346,53405,53406,60,60,20,1
1260,MVN-S-Slicing-87-001,5,53366,53425,53426,60,60,20,1
1260,MVN-S-Slicing-87-001,5,53386,53445,53446,60,60,20,1
1260,MVN-S-Slicing-87-001,5,53406,53465,53466,60,60,20,1
1260,MVN-S-Slicing-87-001,5,53426,53485,53486,60,60,20,1
1260,MVN-S-Slicing-87-001,5,53446,53505,53506,60,60,20,1
1260,MVN-S-Slicing-87-001,5,53506,53510,53511,5,60,20,1
1261,MVN-S-Slicing-87-001,4,53511,53688,53689,60,60,30,3
1261,MVN-S-Slicing-87-001,4,53601,53778,53779,60,60,30,3
1261,MVN-S-Slicing-87-001,4,53691,53868,53869,60,60,30,3
1261,MVN-S-Slicing-87-001,4,53781,53958,53959,60,60,30,3
1261,MVN-S-Slicing-87-001,4,53871,54048,54049,60,60,30,3
1261,MVN-S-Slicing-87-001,4,53961,54138,54139,60,60,30,3
1261,MVN-S-Slicing-87-001,4,54051,54228,54229,60,60,30,3
1261,MVN-S-Slicing-87-001,4,54141,54318,54319,60,60,30,3
1261,MVN-S-Slicing-87-001,4,54321,54363,54364,15,60,30,3
1262,MVN-S-Slicing-87-001,7,54365,54424,54425,60,60,20,1
1262,MVN-S-Slicing-87-001,7,54385,54444,54445,60,60,20,1
1262,MVN-S-Slicing-87-001,7,54445,54459,54460,15,60,20,1
